site,lat,long,year,month,tmean
BM,36.06,-118.39,1895,1,-2.73100018501282
BM,36.06,-118.39,1895,2,-1.00400006771088
BM,36.06,-118.39,1895,3,0.948000073432922
BM,36.06,-118.39,1895,4,3.73900008201599
BM,36.06,-118.39,1895,5,6.86300039291382
BM,36.06,-118.39,1895,6,11.3060007095337
BM,36.06,-118.39,1895,7,13.1880006790161
BM,36.06,-118.39,1895,8,14.5580005645752
BM,36.06,-118.39,1895,9,10.6520004272461
BM,36.06,-118.39,1895,10,6.5930004119873
BM,36.06,-118.39,1895,11,1.42300009727478
BM,36.06,-118.39,1895,12,-0.46900001168251
BM,36.06,-118.39,1896,1,1.75800013542175
BM,36.06,-118.39,1896,2,1.17700004577637
BM,36.06,-118.39,1896,3,0.779000043869019
BM,36.06,-118.39,1896,4,-1.44700002670288
BM,36.06,-118.39,1896,5,3.83200025558472
BM,36.06,-118.39,1896,6,12.2250003814697
BM,36.06,-118.39,1896,7,14.8200006484985
BM,36.06,-118.39,1896,8,13.5550003051758
BM,36.06,-118.39,1896,9,10.0130004882812
BM,36.06,-118.39,1896,10,8.05200004577637
BM,36.06,-118.39,1896,11,2.07600021362305
BM,36.06,-118.39,1896,12,1.85700011253357
BM,36.06,-118.39,1898,1,-4.28900003433228
BM,36.06,-118.39,1898,2,0.651000022888184
BM,36.06,-118.39,1898,3,-1.91800010204315
BM,36.06,-118.39,1898,4,5.77100038528442
BM,36.06,-118.39,1898,5,4.93400001525879
BM,36.06,-118.39,1898,6,11.1960000991821
BM,36.06,-118.39,1898,7,15.0390005111694
BM,36.06,-118.39,1898,8,15.6790008544922
BM,36.06,-118.39,1898,9,13.4980010986328
BM,36.06,-118.39,1898,10,7.41900014877319
BM,36.06,-118.39,1898,11,1.682000041008
BM,36.06,-118.39,1898,12,-2.44700002670288
BM,36.06,-118.39,1899,1,-0.663000047206879
BM,36.06,-118.39,1899,2,-1.36300003528595
BM,36.06,-118.39,1899,3,0.656000018119812
BM,36.06,-118.39,1899,4,3.94000029563904
BM,36.06,-118.39,1899,5,3.70500016212463
BM,36.06,-118.39,1899,6,11.8130006790161
BM,36.06,-118.39,1899,7,14.3800010681152
BM,36.06,-118.39,1899,8,12.0020008087158
BM,36.06,-118.39,1899,9,14.7000007629395
BM,36.06,-118.39,1899,10,5
BM,36.06,-118.39,1899,11,4.26800012588501
BM,36.06,-118.39,1899,12,-0.0540000014007092
BM,36.06,-118.39,1900,1,1.03400003910065
BM,36.06,-118.39,1900,2,0.232000008225441
BM,36.06,-118.39,1900,3,3.71600008010864
BM,36.06,-118.39,1900,4,0.50900000333786
BM,36.06,-118.39,1900,5,6.94500017166138
BM,36.06,-118.39,1900,6,12.8620004653931
BM,36.06,-118.39,1900,7,14.9410009384155
BM,36.06,-118.39,1900,8,12.621000289917
BM,36.06,-118.39,1900,9,8.7790002822876
BM,36.06,-118.39,1900,10,6.55600023269653
BM,36.06,-118.39,1900,11,4.72500038146973
BM,36.06,-118.39,1900,12,1.13200008869171
BM,36.06,-118.39,1902,1,-1.00999999046326
BM,36.06,-118.39,1902,2,-0.911000072956085
BM,36.06,-118.39,1902,3,-2.19500017166138
BM,36.06,-118.39,1902,4,2.49300003051758
BM,36.06,-118.39,1902,5,5.41900014877319
BM,36.06,-118.39,1902,6,11.9970006942749
BM,36.06,-118.39,1902,7,13.8700008392334
BM,36.06,-118.39,1902,8,13.2480010986328
BM,36.06,-118.39,1902,9,12.1920003890991
BM,36.06,-118.39,1902,10,7.11800050735474
BM,36.06,-118.39,1902,11,0.312000006437302
BM,36.06,-118.39,1902,12,-1.27300000190735
BM,36.06,-118.39,1903,1,-1.26200008392334
BM,36.06,-118.39,1903,2,-7.09900045394897
BM,36.06,-118.39,1903,3,-2.49100017547607
BM,36.06,-118.39,1903,4,0.415000021457672
BM,36.06,-118.39,1903,5,5.36500024795532
BM,36.06,-118.39,1903,6,11.4580001831055
BM,36.06,-118.39,1903,7,14.3440008163452
BM,36.06,-118.39,1903,8,15.1600008010864
BM,36.06,-118.39,1903,9,10.8740005493164
BM,36.06,-118.39,1903,10,8.61900043487549
BM,36.06,-118.39,1903,11,4.27100038528442
BM,36.06,-118.39,1903,12,-0.707000017166138
BM,36.06,-118.39,1904,1,-2.007000207901
BM,36.06,-118.39,1904,2,1.55200004577637
BM,36.06,-118.39,1904,3,-0.718000054359436
BM,36.06,-118.39,1904,4,2.45800018310547
BM,36.06,-118.39,1904,5,7.11500024795532
BM,36.06,-118.39,1904,6,11.4910001754761
BM,36.06,-118.39,1904,7,14.5580005645752
BM,36.06,-118.39,1904,8,15.1290006637573
BM,36.06,-118.39,1904,9,11.6160001754761
BM,36.06,-118.39,1904,10,6.19000005722046
BM,36.06,-118.39,1904,11,3.83000016212463
BM,36.06,-118.39,1904,12,0.395000010728836
BM,36.06,-118.39,1905,1,1.56400012969971
BM,36.06,-118.39,1905,2,0.459000021219254
BM,36.06,-118.39,1905,3,0.66100001335144
BM,36.06,-118.39,1905,4,3.62100028991699
BM,36.06,-118.39,1905,5,3.86200022697449
BM,36.06,-118.39,1905,6,10.0590000152588
BM,36.06,-118.39,1905,7,14.7880010604858
BM,36.06,-118.39,1905,8,15.189001083374
BM,36.06,-118.39,1905,9,11.2600002288818
BM,36.06,-118.39,1905,10,5.79100036621094
BM,36.06,-118.39,1905,11,2.23200011253357
BM,36.06,-118.39,1905,12,-1.74000012874603
BM,36.06,-118.39,1907,1,-3.52600026130676
BM,36.06,-118.39,1907,2,1.49900007247925
BM,36.06,-118.39,1907,3,-1.72900009155273
BM,36.06,-118.39,1907,4,2.73600006103516
BM,36.06,-118.39,1907,5,4.95800018310547
BM,36.06,-118.39,1907,6,9.08700084686279
BM,36.06,-118.39,1907,7,13.5460004806519
BM,36.06,-118.39,1907,8,13.3070001602173
BM,36.06,-118.39,1907,9,9.43000030517578
BM,36.06,-118.39,1907,10,5.9980001449585
BM,36.06,-118.39,1907,11,3.12700009346008
BM,36.06,-118.39,1907,12,-0.112000003457069
BM,36.06,-118.39,1909,1,-0.108000002801418
BM,36.06,-118.39,1909,2,-3.08900022506714
BM,36.06,-118.39,1909,3,-1.8840000629425
BM,36.06,-118.39,1909,4,3.18100023269653
BM,36.06,-118.39,1909,5,5.11300039291382
BM,36.06,-118.39,1909,6,11.1410007476807
BM,36.06,-118.39,1909,7,14.5820007324219
BM,36.06,-118.39,1909,8,15.8450012207031
BM,36.06,-118.39,1909,9,9.66100025177002
BM,36.06,-118.39,1909,10,4.6850004196167
BM,36.06,-118.39,1909,11,1.66800010204315
BM,36.06,-118.39,1909,12,-3.45800018310547
BM,36.06,-118.39,1910,1,-3.37600016593933
BM,36.06,-118.39,1910,2,-1.7810001373291
BM,36.06,-118.39,1910,3,2.05100011825562
BM,36.06,-118.39,1910,4,6.19600009918213
BM,36.06,-118.39,1910,5,7.76000022888184
BM,36.06,-118.39,1910,6,11.0710000991821
BM,36.06,-118.39,1910,7,14.7210006713867
BM,36.06,-118.39,1910,8,15.6790008544922
BM,36.06,-118.39,1910,9,10.8610000610352
BM,36.06,-118.39,1910,10,5.19200038909912
BM,36.06,-118.39,1910,11,1.56900012493134
BM,36.06,-118.39,1910,12,0.419000029563904
BM,36.06,-118.39,1914,1,0.285000026226044
BM,36.06,-118.39,1914,2,-0.766000032424927
BM,36.06,-118.39,1914,3,2.25400018692017
BM,36.06,-118.39,1914,4,2.47100019454956
BM,36.06,-118.39,1914,5,5.83200025558472
BM,36.06,-118.39,1914,6,10.6560001373291
BM,36.06,-118.39,1914,7,14.2270002365112
BM,36.06,-118.39,1914,8,15.7440004348755
BM,36.06,-118.39,1914,9,10.6090002059937
BM,36.06,-118.39,1914,10,7.02400016784668
BM,36.06,-118.39,1914,11,2.91500020027161
BM,36.06,-118.39,1914,12,-2.95600008964539
BM,36.06,-118.39,1915,1,-1.1120001077652
BM,36.06,-118.39,1915,2,-2.007000207901
BM,36.06,-118.39,1915,3,1.14300000667572
BM,36.06,-118.39,1915,4,1.61700010299683
BM,36.06,-118.39,1915,5,2.94300007820129
BM,36.06,-118.39,1915,6,10.2620000839233
BM,36.06,-118.39,1915,7,12.8870010375977
BM,36.06,-118.39,1915,8,15.5200004577637
BM,36.06,-118.39,1915,9,9.95100021362305
BM,36.06,-118.39,1915,10,9.74900054931641
BM,36.06,-118.39,1915,11,1.84200012683868
BM,36.06,-118.39,1915,12,0.605000019073486
BM,36.06,-118.39,1916,1,-8.07900047302246
BM,36.06,-118.39,1916,2,-0.0390000008046627
BM,36.06,-118.39,1916,3,0.996000051498413
BM,36.06,-118.39,1916,4,2.64500021934509
BM,36.06,-118.39,1916,5,4.60200023651123
BM,36.06,-118.39,1916,6,9.41700077056885
BM,36.06,-118.39,1916,7,13.3840007781982
BM,36.06,-118.39,1916,8,14.2620010375977
BM,36.06,-118.39,1916,9,11.1340007781982
BM,36.06,-118.39,1916,10,3.05900025367737
BM,36.06,-118.39,1916,11,1.00300002098083
BM,36.06,-118.39,1916,12,-2.33900022506714
BM,36.06,-118.39,1917,1,-4.26999998092651
BM,36.06,-118.39,1917,2,-2.19600009918213
BM,36.06,-118.39,1917,3,-2.63300013542175
BM,36.06,-118.39,1917,4,-0.0370000004768372
BM,36.06,-118.39,1917,5,2.24000000953674
BM,36.06,-118.39,1917,6,11.4480009078979
BM,36.06,-118.39,1917,7,15.3550004959106
BM,36.06,-118.39,1917,8,14.3290004730225
BM,36.06,-118.39,1917,9,11.6020002365112
BM,36.06,-118.39,1917,10,9.11300086975098
BM,36.06,-118.39,1917,11,4.30000019073486
BM,36.06,-118.39,1917,12,3.66600012779236
BM,36.06,-118.39,1918,1,-1.56900012493134
BM,36.06,-118.39,1918,2,-1.6100001335144
BM,36.06,-118.39,1918,3,0.681000053882599
BM,36.06,-118.39,1918,4,2.16200017929077
BM,36.06,-118.39,1918,5,3.6340000629425
BM,36.06,-118.39,1918,6,14.7200002670288
BM,36.06,-118.39,1918,7,13.7370004653931
BM,36.06,-118.39,1918,8,13.5130004882812
BM,36.06,-118.39,1918,9,10.8360004425049
BM,36.06,-118.39,1918,10,6.75400018692017
BM,36.06,-118.39,1918,11,1.46200001239777
BM,36.06,-118.39,1918,12,-1.42800009250641
BM,36.06,-118.39,1919,1,-1.07600009441376
BM,36.06,-118.39,1919,2,-5.91300010681152
BM,36.06,-118.39,1919,3,-2.79400014877319
BM,36.06,-118.39,1919,4,2.78000020980835
BM,36.06,-118.39,1919,5,7.00700044631958
BM,36.06,-118.39,1919,6,11.9700002670288
BM,36.06,-118.39,1919,7,15.5010004043579
BM,36.06,-118.39,1919,8,15.2920007705688
BM,36.06,-118.39,1919,9,10.3480005264282
BM,36.06,-118.39,1919,10,3.44700026512146
BM,36.06,-118.39,1919,11,1.79600012302399
BM,36.06,-118.39,1919,12,1.08300006389618
BM,36.06,-118.39,1921,1,-3.21700024604797
BM,36.06,-118.39,1921,2,-0.77400004863739
BM,36.06,-118.39,1921,3,1.66800010204315
BM,36.06,-118.39,1921,4,1.31500005722046
BM,36.06,-118.39,1921,5,4.2480001449585
BM,36.06,-118.39,1921,6,11.9620008468628
BM,36.06,-118.39,1921,7,15.2100009918213
BM,36.06,-118.39,1921,8,15.3230009078979
BM,36.06,-118.39,1921,9,9.37600040435791
BM,36.06,-118.39,1921,10,8.85500049591064
BM,36.06,-118.39,1921,11,3.54300022125244
BM,36.06,-118.39,1921,12,-0.0370000004768372
BM,36.06,-118.39,1925,1,-2.26900005340576
BM,36.06,-118.39,1925,2,-1.31200003623962
BM,36.06,-118.39,1925,3,-0.309000015258789
BM,36.06,-118.39,1925,4,1.47000002861023
BM,36.06,-118.39,1925,5,5.61300039291382
BM,36.06,-118.39,1925,6,9.85300064086914
BM,36.06,-118.39,1925,7,14.3750009536743
BM,36.06,-118.39,1925,8,12.3490009307861
BM,36.06,-118.39,1925,9,8.23700046539307
BM,36.06,-118.39,1925,10,4.1850004196167
BM,36.06,-118.39,1925,11,3.18200016021729
BM,36.06,-118.39,1925,12,2.13499999046326
BM,36.06,-118.39,1926,1,-0.428000032901764
BM,36.06,-118.39,1926,2,0.504000008106232
BM,36.06,-118.39,1926,3,1.93500006198883
BM,36.06,-118.39,1926,4,3.77400016784668
BM,36.06,-118.39,1926,5,6.97200012207031
BM,36.06,-118.39,1926,6,14.8460006713867
BM,36.06,-118.39,1926,7,15.3480005264282
BM,36.06,-118.39,1926,8,14.7630004882812
BM,36.06,-118.39,1926,9,8.8100004196167
BM,36.06,-118.39,1926,10,7.02400016784668
BM,36.06,-118.39,1926,11,4.48800039291382
BM,36.06,-118.39,1926,12,-3.10400009155273
BM,36.06,-118.39,1927,1,-2.40100002288818
BM,36.06,-118.39,1927,2,-2.89800024032593
BM,36.06,-118.39,1927,3,-1.72100007534027
BM,36.06,-118.39,1927,4,0.851000010967255
BM,36.06,-118.39,1927,5,4.72600030899048
BM,36.06,-118.39,1927,6,10.4690008163452
BM,36.06,-118.39,1927,7,14.6180009841919
BM,36.06,-118.39,1927,8,12.8470010757446
BM,36.06,-118.39,1927,9,7.74700021743774
BM,36.06,-118.39,1927,10,7.07800054550171
BM,36.06,-118.39,1927,11,4.01800012588501
BM,36.06,-118.39,1927,12,-0.855000019073486
BM,36.06,-118.39,1928,1,0.63100004196167
BM,36.06,-118.39,1928,2,-0.862000048160553
BM,36.06,-118.39,1928,3,1.22300004959106
BM,36.06,-118.39,1928,4,1.65900003910065
BM,36.06,-118.39,1928,5,7.36900043487549
BM,36.06,-118.39,1928,6,10.3570003509521
BM,36.06,-118.39,1928,7,14.0750007629395
BM,36.06,-118.39,1928,8,14.0600004196167
BM,36.06,-118.39,1928,9,11.5310001373291
BM,36.06,-118.39,1928,10,5.8600001335144
BM,36.06,-118.39,1928,11,2.5770001411438
BM,36.06,-118.39,1928,12,-1.0200001001358
BM,36.06,-118.39,1930,1,-3.27400016784668
BM,36.06,-118.39,1930,2,0.721000015735626
BM,36.06,-118.39,1930,3,0.467000007629395
BM,36.06,-118.39,1930,4,2.63000011444092
BM,36.06,-118.39,1930,5,1.8270001411438
BM,36.06,-118.39,1930,6,11.3540000915527
BM,36.06,-118.39,1930,7,14.1990003585815
BM,36.06,-118.39,1930,8,13.7160005569458
BM,36.06,-118.39,1930,9,7.7180004119873
BM,36.06,-118.39,1930,10,5.82500028610229
BM,36.06,-118.39,1930,11,2.8360002040863
BM,36.06,-118.39,1930,12,1.23300004005432
BM,36.06,-118.39,1931,1,-1.0110000371933
BM,36.06,-118.39,1931,2,-1.99200010299683
BM,36.06,-118.39,1931,3,1.31200003623962
BM,36.06,-118.39,1931,4,4.48200035095215
BM,36.06,-118.39,1931,5,8.40100002288818
BM,36.06,-118.39,1931,6,8.98300075531006
BM,36.06,-118.39,1931,7,17.109001159668
BM,36.06,-118.39,1931,8,15.7800006866455
BM,36.06,-118.39,1931,9,9.35200023651123
BM,36.06,-118.39,1931,10,5.53900003433228
BM,36.06,-118.39,1931,11,0.587999999523163
BM,36.06,-118.39,1931,12,-1.81300008296967
BM,36.06,-118.39,1932,1,-4.4850001335144
BM,36.06,-118.39,1932,2,-2.82500004768372
BM,36.06,-118.39,1932,3,0.684000015258789
BM,36.06,-118.39,1932,4,0.824000060558319
BM,36.06,-118.39,1932,5,4.24400043487549
BM,36.06,-118.39,1932,6,10.8650007247925
BM,36.06,-118.39,1932,7,13.7540006637573
BM,36.06,-118.39,1932,8,14.0830011367798
BM,36.06,-118.39,1932,9,12.9990005493164
BM,36.06,-118.39,1932,10,6.39300012588501
BM,36.06,-118.39,1932,11,5.73700046539307
BM,36.06,-118.39,1932,12,-3.45100021362305
BM,36.06,-118.39,1933,1,-3.70300006866455
BM,36.06,-118.39,1933,2,-4.28900003433228
BM,36.06,-118.39,1933,3,-0.0800000056624413
BM,36.06,-118.39,1933,4,1.04900002479553
BM,36.06,-118.39,1933,5,2.83400011062622
BM,36.06,-118.39,1933,6,9.43400001525879
BM,36.06,-118.39,1933,7,16.4980010986328
BM,36.06,-118.39,1933,8,15.2710008621216
BM,36.06,-118.39,1933,9,10.7120008468628
BM,36.06,-118.39,1933,10,9.72500038146973
BM,36.06,-118.39,1933,11,5.62800025939941
BM,36.06,-118.39,1933,12,1.73300004005432
BM,36.06,-118.39,1936,1,-0.303000003099442
BM,36.06,-118.39,1936,2,-2.39100003242493
BM,36.06,-118.39,1936,3,1.79200005531311
BM,36.06,-118.39,1936,4,3.05200004577637
BM,36.06,-118.39,1936,5,7.04100036621094
BM,36.06,-118.39,1936,6,10.9670009613037
BM,36.06,-118.39,1936,7,15.4360008239746
BM,36.06,-118.39,1936,8,15.6880006790161
BM,36.06,-118.39,1936,9,11.9630002975464
BM,36.06,-118.39,1936,10,6.75100040435791
BM,36.06,-118.39,1936,11,5.62200021743774
BM,36.06,-118.39,1936,12,-0.118000008165836
BM,36.06,-118.39,1937,1,-8.18600082397461
BM,36.06,-118.39,1937,2,-2.08700013160706
BM,36.06,-118.39,1937,3,-0.0390000008046627
BM,36.06,-118.39,1937,4,0.951000034809113
BM,36.06,-118.39,1937,5,6.7350001335144
BM,36.06,-118.39,1937,6,10.2320003509521
BM,36.06,-118.39,1937,7,15.1050004959106
BM,36.06,-118.39,1937,8,15.6500005722046
BM,36.06,-118.39,1937,9,12.2940006256104
BM,36.06,-118.39,1937,10,7.24300050735474
BM,36.06,-118.39,1937,11,4.22200012207031
BM,36.06,-118.39,1937,12,2.09800004959106
BM,36.06,-118.39,1938,1,0.302000015974045
BM,36.06,-118.39,1938,2,-3.11200022697449
BM,36.06,-118.39,1938,3,-2.56700015068054
BM,36.06,-118.39,1938,4,0.981000065803528
BM,36.06,-118.39,1938,5,4.7039999961853
BM,36.06,-118.39,1938,6,11.4250001907349
BM,36.06,-118.39,1938,7,14.4640007019043
BM,36.06,-118.39,1938,8,15.0260009765625
BM,36.06,-118.39,1938,9,12.5590009689331
BM,36.06,-118.39,1938,10,4.94200038909912
BM,36.06,-118.39,1938,11,2.48800015449524
BM,36.06,-118.39,1938,12,2.09200000762939
BM,36.06,-118.39,1939,1,-0.936000049114227
BM,36.06,-118.39,1939,2,-5.01200008392334
BM,36.06,-118.39,1939,3,0.695000052452087
BM,36.06,-118.39,1939,4,4.60200023651123
BM,36.06,-118.39,1939,5,7.40900039672852
BM,36.06,-118.39,1939,6,10.988000869751
BM,36.06,-118.39,1939,7,14.8300008773804
BM,36.06,-118.39,1939,8,16.1760005950928
BM,36.06,-118.39,1939,9,11.1480007171631
BM,36.06,-118.39,1939,10,6.0310001373291
BM,36.06,-118.39,1939,11,5.68800020217896
BM,36.06,-118.39,1939,12,3.50600028038025
BM,36.06,-118.39,1940,1,-0.0350000001490116
BM,36.06,-118.39,1940,2,-1.43900001049042
BM,36.06,-118.39,1940,3,1.4300000667572
BM,36.06,-118.39,1940,4,2.41900014877319
BM,36.06,-118.39,1940,5,8.31100082397461
BM,36.06,-118.39,1940,6,13.6430006027222
BM,36.06,-118.39,1940,7,14.8840007781982
BM,36.06,-118.39,1940,8,15.3610010147095
BM,36.06,-118.39,1940,9,8.90900039672852
BM,36.06,-118.39,1940,10,6.7810001373291
BM,36.06,-118.39,1940,11,2.66000008583069
BM,36.06,-118.39,1940,12,1.54900002479553
BM,36.06,-118.39,1941,1,-0.984000027179718
BM,36.06,-118.39,1941,2,-1.04000008106232
BM,36.06,-118.39,1941,3,-0.0940000042319298
BM,36.06,-118.39,1941,4,-0.574000000953674
BM,36.06,-118.39,1941,5,5.55000019073486
BM,36.06,-118.39,1941,6,8.64900016784668
BM,36.06,-118.39,1941,7,15.3980007171631
BM,36.06,-118.39,1941,8,14.2410011291504
BM,36.06,-118.39,1941,9,8.65000057220459
BM,36.06,-118.39,1941,10,3.66500020027161
BM,36.06,-118.39,1941,11,4.39600038528442
BM,36.06,-118.39,1941,12,-1.21600008010864
BM,36.06,-118.39,1942,1,-1.56700003147125
BM,36.06,-118.39,1942,2,-4.99000024795532
BM,36.06,-118.39,1942,3,-1.49300003051758
BM,36.06,-118.39,1942,4,0.497000008821487
BM,36.06,-118.39,1942,5,2.99500012397766
BM,36.06,-118.39,1942,6,9.67500019073486
BM,36.06,-118.39,1942,7,15.5450010299683
BM,36.06,-118.39,1942,8,14.7180004119873
BM,36.06,-118.39,1942,9,10.1770000457764
BM,36.06,-118.39,1942,10,7.74900054931641
BM,36.06,-118.39,1942,11,3.44400024414062
BM,36.06,-118.39,1942,12,1.12800002098083
BM,36.06,-118.39,1945,1,-1.7830001115799
BM,36.06,-118.39,1945,2,-2.84100008010864
BM,36.06,-118.39,1945,3,-3.86800026893616
BM,36.06,-118.39,1945,4,0.741000056266785
BM,36.06,-118.39,1945,5,3.55400013923645
BM,36.06,-118.39,1945,6,9.75
BM,36.06,-118.39,1945,7,15.3870010375977
BM,36.06,-118.39,1945,8,14.1230010986328
BM,36.06,-118.39,1945,9,11.5020008087158
BM,36.06,-118.39,1945,10,6.53800010681152
BM,36.06,-118.39,1945,11,0.782000064849854
BM,36.06,-118.39,1945,12,-2.07400012016296
BM,36.06,-118.39,1946,1,-2.35800004005432
BM,36.06,-118.39,1946,2,-3.6800000667572
BM,36.06,-118.39,1946,3,-1.11500000953674
BM,36.06,-118.39,1946,4,3.26200008392334
BM,36.06,-118.39,1946,5,5.31800031661987
BM,36.06,-118.39,1946,6,9.53900051116943
BM,36.06,-118.39,1946,7,13.5610008239746
BM,36.06,-118.39,1946,8,16.0850009918213
BM,36.06,-118.39,1946,9,10.4630002975464
BM,36.06,-118.39,1946,10,2.90200018882751
BM,36.06,-118.39,1946,11,-0.802000045776367
BM,36.06,-118.39,1946,12,-0.573000013828278
BM,36.06,-118.39,1947,1,-3.06700015068054
BM,36.06,-118.39,1947,2,-0.278000026941299
BM,36.06,-118.39,1947,3,1.29100000858307
BM,36.06,-118.39,1947,4,2.59500002861023
BM,36.06,-118.39,1947,5,8.19099998474121
BM,36.06,-118.39,1947,6,9.21900081634521
BM,36.06,-118.39,1947,7,12.0370006561279
BM,36.06,-118.39,1947,8,11.9970006942749
BM,36.06,-118.39,1947,9,12.3150005340576
BM,36.06,-118.39,1947,10,5.72400045394897
BM,36.06,-118.39,1947,11,-0.635000050067902
BM,36.06,-118.39,1947,12,-2.07600021362305
BM,36.06,-118.39,1949,1,-8.4660005569458
BM,36.06,-118.39,1949,2,-5.32500028610229
BM,36.06,-118.39,1949,3,-3.39300012588501
BM,36.06,-118.39,1949,4,3.66100025177002
BM,36.06,-118.39,1949,5,4.88200044631958
BM,36.06,-118.39,1949,6,11.1800003051758
BM,36.06,-118.39,1949,7,13.9200010299683
BM,36.06,-118.39,1949,8,12.6560001373291
BM,36.06,-118.39,1949,9,11.818000793457
BM,36.06,-118.39,1949,10,5.78800010681152
BM,36.06,-118.39,1949,11,5.84200048446655
BM,36.06,-118.39,1949,12,-2.42500019073486
BM,36.06,-118.39,1950,1,-5.44700002670288
BM,36.06,-118.39,1950,2,-0.392000019550323
BM,36.06,-118.39,1950,3,-0.114000007510185
BM,36.06,-118.39,1950,4,3.64500021934509
BM,36.06,-118.39,1950,5,5.75200033187866
BM,36.06,-118.39,1950,6,9.85700035095215
BM,36.06,-118.39,1950,7,15.0990009307861
BM,36.06,-118.39,1950,8,14.5530004501343
BM,36.06,-118.39,1950,9,9.94500064849854
BM,36.06,-118.39,1950,10,7.88300037384033
BM,36.06,-118.39,1950,11,5.23400020599365
BM,36.06,-118.39,1950,12,2.43500018119812
BM,36.06,-118.39,1951,1,-2.24100017547607
BM,36.06,-118.39,1951,2,-2.44600009918213
BM,36.06,-118.39,1951,3,-0.236000016331673
BM,36.06,-118.39,1951,4,2.40800023078918
BM,36.06,-118.39,1951,5,5.86800050735474
BM,36.06,-118.39,1951,6,10.4690008163452
BM,36.06,-118.39,1951,7,14.7200002670288
BM,36.06,-118.39,1951,8,14.0570011138916
BM,36.06,-118.39,1951,9,13.2290010452271
BM,36.06,-118.39,1951,10,5.53300046920776
BM,36.06,-118.39,1951,11,1.86800003051758
BM,36.06,-118.39,1951,12,-3.8360002040863
BM,36.06,-118.39,1952,1,-5.49500036239624
BM,36.06,-118.39,1952,2,-3.42200016975403
BM,36.06,-118.39,1952,3,-4.38800001144409
BM,36.06,-118.39,1952,4,1.97700011730194
BM,36.06,-118.39,1952,5,6.61600017547607
BM,36.06,-118.39,1952,6,8.23500061035156
BM,36.06,-118.39,1952,7,14.5570011138916
BM,36.06,-118.39,1952,8,14.7400007247925
BM,36.06,-118.39,1952,9,11.82200050354
BM,36.06,-118.39,1952,10,10.4570007324219
BM,36.06,-118.39,1952,11,-0.20600001513958
BM,36.06,-118.39,1952,12,-2.16600012779236
BM,36.06,-118.39,1953,1,1.32300007343292
BM,36.06,-118.39,1953,2,-1.25700008869171
BM,36.06,-118.39,1953,3,-0.403000026941299
BM,36.06,-118.39,1953,4,1.28100001811981
BM,36.06,-118.39,1953,5,1.38000011444092
BM,36.06,-118.39,1953,6,8.29200077056885
BM,36.06,-118.39,1953,7,15.4230003356934
BM,36.06,-118.39,1953,8,13.1720008850098
BM,36.06,-118.39,1953,9,12.8740005493164
BM,36.06,-118.39,1953,10,5.84500026702881
BM,36.06,-118.39,1953,11,2.90500020980835
BM,36.06,-118.39,1953,12,0.593000054359436
BM,36.06,-118.39,1954,1,-1.64200007915497
BM,36.06,-118.39,1954,2,2.6010000705719
BM,36.06,-118.39,1954,3,-2.40300011634827
BM,36.06,-118.39,1954,4,4.52400016784668
BM,36.06,-118.39,1954,5,8.66700077056885
BM,36.06,-118.39,1954,6,9.48700046539307
BM,36.06,-118.39,1954,7,15.5510005950928
BM,36.06,-118.39,1954,8,12.5250005722046
BM,36.06,-118.39,1954,9,11.1540002822876
BM,36.06,-118.39,1954,10,7.54800033569336
BM,36.06,-118.39,1954,11,4.20100021362305
BM,36.06,-118.39,1954,12,-0.38400000333786
BM,36.06,-118.39,1955,1,-5.11700010299683
BM,36.06,-118.39,1955,2,-3.19500017166138
BM,36.06,-118.39,1955,3,-0.573000013828278
BM,36.06,-118.39,1955,4,-0.237000018358231
BM,36.06,-118.39,1955,5,4.47600030899048
BM,36.06,-118.39,1955,6,9.10500049591064
BM,36.06,-118.39,1955,7,12.7690010070801
BM,36.06,-118.39,1955,8,15.7250003814697
BM,36.06,-118.39,1955,9,11.7070007324219
BM,36.06,-118.39,1955,10,8.05000019073486
BM,36.06,-118.39,1955,11,1.79500007629395
BM,36.06,-118.39,1955,12,-0.263000011444092
BM,36.06,-118.39,1958,1,-1.46700012683868
BM,36.06,-118.39,1958,2,-1.33100008964539
BM,36.06,-118.39,1958,3,-4.65900039672852
BM,36.06,-118.39,1958,4,0.893000066280365
BM,36.06,-118.39,1958,5,6.43300008773804
BM,36.06,-118.39,1958,6,8.76200008392334
BM,36.06,-118.39,1958,7,12.8560009002686
BM,36.06,-118.39,1958,8,15.6610012054443
BM,36.06,-118.39,1958,9,11.7810001373291
BM,36.06,-118.39,1958,10,9.21700000762939
BM,36.06,-118.39,1958,11,2.41800022125244
BM,36.06,-118.39,1958,12,3.73800015449524
BM,36.06,-118.39,1959,1,-0.508000016212463
BM,36.06,-118.39,1959,2,-4.31500005722046
BM,36.06,-118.39,1959,3,1.30900001525879
BM,36.06,-118.39,1959,4,5.15200042724609
BM,36.06,-118.39,1959,5,3.72500014305115
BM,36.06,-118.39,1959,6,11.6650009155273
BM,36.06,-118.39,1959,7,15.8050003051758
BM,36.06,-118.39,1959,8,13.8110008239746
BM,36.06,-118.39,1959,9,9.95800018310547
BM,36.06,-118.39,1959,10,8.39500045776367
BM,36.06,-118.39,1959,11,5.00900030136108
BM,36.06,-118.39,1959,12,0.976000070571899
BM,36.06,-118.39,1961,1,0.560000002384186
BM,36.06,-118.39,1961,2,-0.934000015258789
BM,36.06,-118.39,1961,3,-1.7610000371933
BM,36.06,-118.39,1961,4,2.93600010871887
BM,36.06,-118.39,1961,5,4.02200031280518
BM,36.06,-118.39,1961,6,12.6430006027222
BM,36.06,-118.39,1961,7,15.5450010299683
BM,36.06,-118.39,1961,8,14.7040004730225
BM,36.06,-118.39,1961,9,10.1990003585815
BM,36.06,-118.39,1961,10,6.64700031280518
BM,36.06,-118.39,1961,11,1.14100003242493
BM,36.06,-118.39,1961,12,-2.07500004768372
BM,36.06,-118.39,1962,1,-1.36100006103516
BM,36.06,-118.39,1962,2,-3.43300008773804
BM,36.06,-118.39,1962,3,-4.68300008773804
BM,36.06,-118.39,1962,4,4.77500009536743
BM,36.06,-118.39,1962,5,3.0530002117157
BM,36.06,-118.39,1962,6,10.07200050354
BM,36.06,-118.39,1962,7,13.4090003967285
BM,36.06,-118.39,1962,8,14.2730007171631
BM,36.06,-118.39,1962,9,12.0040006637573
BM,36.06,-118.39,1962,10,7.69600057601929
BM,36.06,-118.39,1962,11,3.33400011062622
BM,36.06,-118.39,1962,12,1.78600013256073
BM,36.06,-118.39,1963,1,-0.952000021934509
BM,36.06,-118.39,1963,2,2.00400018692017
BM,36.06,-118.39,1963,3,-2.39300012588501
BM,36.06,-118.39,1963,4,-1.49000012874603
BM,36.06,-118.39,1963,5,5.73800039291382
BM,36.06,-118.39,1963,6,8.04600048065186
BM,36.06,-118.39,1963,7,13.0660009384155
BM,36.06,-118.39,1963,8,13.1820001602173
BM,36.06,-118.39,1963,9,11.8520002365112
BM,36.06,-118.39,1963,10,7.24500036239624
BM,36.06,-118.39,1963,11,1.8160001039505
BM,36.06,-118.39,1963,12,0.852000057697296
BM,36.06,-118.39,1964,1,-2.3360002040863
BM,36.06,-118.39,1964,2,-1.62000012397766
BM,36.06,-118.39,1964,3,-3.12500023841858
BM,36.06,-118.39,1964,4,0.583000004291534
BM,36.06,-118.39,1964,5,3.88300013542175
BM,36.06,-118.39,1964,6,9.09500026702881
BM,36.06,-118.39,1964,7,14.0890007019043
BM,36.06,-118.39,1964,8,14.9010009765625
BM,36.06,-118.39,1964,9,10.6010007858276
BM,36.06,-118.39,1964,10,10.1740007400513
BM,36.06,-118.39,1964,11,-0.636000037193298
BM,36.06,-118.39,1964,12,-1.41700005531311
BM,36.06,-118.39,1965,1,-1.43500006198883
BM,36.06,-118.39,1965,2,-0.467000007629395
BM,36.06,-118.39,1965,3,-1.51700007915497
BM,36.06,-118.39,1965,4,0.76800000667572
BM,36.06,-118.39,1965,5,3.92400026321411
BM,36.06,-118.39,1965,6,7.68000030517578
BM,36.06,-118.39,1965,7,13.3520002365112
BM,36.06,-118.39,1965,8,14.0960006713867
BM,36.06,-118.39,1965,9,8.58000087738037
BM,36.06,-118.39,1965,10,9.99100017547607
BM,36.06,-118.39,1965,11,2.21300005912781
BM,36.06,-118.39,1965,12,-2.13000011444092
BM,36.06,-118.39,1966,1,-3.13100004196167
BM,36.06,-118.39,1966,2,-3.58200025558472
BM,36.06,-118.39,1966,3,1.17000007629395
BM,36.06,-118.39,1966,4,5.25400018692017
BM,36.06,-118.39,1966,5,8.58300018310547
BM,36.06,-118.39,1966,6,10.8430004119873
BM,36.06,-118.39,1966,7,13.8360004425049
BM,36.06,-118.39,1966,8,16.1260013580322
BM,36.06,-118.39,1966,9,11.5930004119873
BM,36.06,-118.39,1966,10,8.07700061798096
BM,36.06,-118.39,1966,11,2.58000016212463
BM,36.06,-118.39,1966,12,-0.0590000040829182
BM,36.06,-118.39,1969,1,-0.64900004863739
BM,36.06,-118.39,1969,2,-4.6850004196167
BM,36.06,-118.39,1969,3,-2.28800010681152
BM,36.06,-118.39,1969,4,2.50300002098083
BM,36.06,-118.39,1969,5,7.14700031280518
BM,36.06,-118.39,1969,6,8.6230001449585
BM,36.06,-118.39,1969,7,14.4750003814697
BM,36.06,-118.39,1969,8,16.4210014343262
BM,36.06,-118.39,1969,9,12.7850008010864
BM,36.06,-118.39,1969,10,4.79700040817261
BM,36.06,-118.39,1969,11,3.83800029754639
BM,36.06,-118.39,1969,12,0.321000009775162
BM,36.06,-118.39,1970,1,-0.852000057697296
BM,36.06,-118.39,1970,2,0.177000001072884
BM,36.06,-118.39,1970,3,-0.364000022411346
BM,36.06,-118.39,1970,4,-0.502000033855438
BM,36.06,-118.39,1970,5,7.11800050735474
BM,36.06,-118.39,1970,6,10.6590003967285
BM,36.06,-118.39,1970,7,15.6270008087158
BM,36.06,-118.39,1970,8,16.0060005187988
BM,36.06,-118.39,1970,9,11.4570007324219
BM,36.06,-118.39,1970,10,6.78400039672852
BM,36.06,-118.39,1970,11,3.29300022125244
BM,36.06,-118.39,1970,12,-3.2480001449585
BM,36.06,-118.39,1971,1,-0.520000040531158
BM,36.06,-118.39,1971,2,-0.65800005197525
BM,36.06,-118.39,1971,3,0.424000024795532
BM,36.06,-118.39,1971,4,0.990000069141388
BM,36.06,-118.39,1971,5,2.33800005912781
BM,36.06,-118.39,1971,6,9.79600048065186
BM,36.06,-118.39,1971,7,15.0660009384155
BM,36.06,-118.39,1971,8,16.1840000152588
BM,36.06,-118.39,1971,9,11.9760007858276
BM,36.06,-118.39,1971,10,4.28600025177002
BM,36.06,-118.39,1971,11,1.22300004959106
BM,36.06,-118.39,1971,12,-5.12700033187866
BM,36.06,-118.39,1972,1,-0.885000050067902
BM,36.06,-118.39,1972,2,-0.151000007987022
BM,36.06,-118.39,1972,3,3.47100019454956
BM,36.06,-118.39,1972,4,2.3510000705719
BM,36.06,-118.39,1972,5,6.51200008392334
BM,36.06,-118.39,1972,6,11.6880006790161
BM,36.06,-118.39,1972,7,15.8060007095337
BM,36.06,-118.39,1972,8,13.9760007858276
BM,36.06,-118.39,1972,9,9.875
BM,36.06,-118.39,1972,10,3.63600015640259
BM,36.06,-118.39,1972,11,-0.19200000166893
BM,36.06,-118.39,1972,12,-2.99000024795532
BM,36.06,-118.39,1973,1,-3.19700026512146
BM,36.06,-118.39,1973,2,-2.4760000705719
BM,36.06,-118.39,1973,3,-4.14400005340576
BM,36.06,-118.39,1973,4,1.28900003433228
BM,36.06,-118.39,1973,5,7.68600034713745
BM,36.06,-118.39,1973,6,12.0520009994507
BM,36.06,-118.39,1973,7,14.6510009765625
BM,36.06,-118.39,1973,8,14.3450002670288
BM,36.06,-118.39,1973,9,11.5970001220703
BM,36.06,-118.39,1973,10,6.96400022506714
BM,36.06,-118.39,1973,11,0.282000005245209
BM,36.06,-118.39,1973,12,1.00800001621246
BM,36.06,-118.39,1975,1,0.397000014781952
BM,36.06,-118.39,1975,2,-2.63500022888184
BM,36.06,-118.39,1975,3,-2.75600004196167
BM,36.06,-118.39,1975,4,-3.24300026893616
BM,36.06,-118.39,1975,5,5.13700008392334
BM,36.06,-118.39,1975,6,10.78600025177
BM,36.06,-118.39,1975,7,14.3830003738403
BM,36.06,-118.39,1975,8,13.5150003433228
BM,36.06,-118.39,1975,9,12.9300003051758
BM,36.06,-118.39,1975,10,5.1060004234314
BM,36.06,-118.39,1975,11,2.23300004005432
BM,36.06,-118.39,1975,12,1.64300012588501
BM,36.06,-118.39,1976,1,1.33700001239777
BM,36.06,-118.39,1976,2,-1.07200002670288
BM,36.06,-118.39,1976,3,-1.55800008773804
BM,36.06,-118.39,1976,4,0.193000003695488
BM,36.06,-118.39,1976,5,7.49600028991699
BM,36.06,-118.39,1976,6,10.1830005645752
BM,36.06,-118.39,1976,7,14.0090007781982
BM,36.06,-118.39,1976,8,10.5960006713867
BM,36.06,-118.39,1976,9,10.3250007629395
BM,36.06,-118.39,1976,10,6.80100011825562
BM,36.06,-118.39,1976,11,5.47700023651123
BM,36.06,-118.39,1976,12,1.93700003623962
BM,36.06,-118.39,1978,1,-1.47000002861023
BM,36.06,-118.39,1978,2,-1.43800008296967
BM,36.06,-118.39,1978,3,1.41100001335144
BM,36.06,-118.39,1978,4,-0.0530000030994415
BM,36.06,-118.39,1978,5,5.92000007629395
BM,36.06,-118.39,1978,6,10.7200002670288
BM,36.06,-118.39,1978,7,13.8880004882812
BM,36.06,-118.39,1978,8,14.2050008773804
BM,36.06,-118.39,1978,9,10.0110006332397
BM,36.06,-118.39,1978,10,9.35500049591064
BM,36.06,-118.39,1978,11,0.618000030517578
BM,36.06,-118.39,1978,12,-2.11199998855591
BM,36.06,-118.39,1979,1,-4.2020001411438
BM,36.06,-118.39,1979,2,-2.65900015830994
BM,36.06,-118.39,1979,3,-1.07600009441376
BM,36.06,-118.39,1979,4,2.14600014686584
BM,36.06,-118.39,1979,5,6.99900054931641
BM,36.06,-118.39,1979,6,11.7440004348755
BM,36.06,-118.39,1979,7,14.3950004577637
BM,36.06,-118.39,1979,8,13.1320009231567
BM,36.06,-118.39,1979,9,13.7470006942749
BM,36.06,-118.39,1979,10,6.76200008392334
BM,36.06,-118.39,1979,11,1.91500008106232
BM,36.06,-118.39,1979,12,2.382000207901
BM,36.06,-118.39,1980,1,-0.373000025749207
BM,36.06,-118.39,1980,2,0.585000038146973
BM,36.06,-118.39,1980,3,-2.19500017166138
BM,36.06,-118.39,1980,4,2.88500022888184
BM,36.06,-118.39,1980,5,2.81800007820129
BM,36.06,-118.39,1980,6,8.64600086212158
BM,36.06,-118.39,1980,7,14.4400005340576
BM,36.06,-118.39,1980,8,13.9350004196167
BM,36.06,-118.39,1980,9,11.738000869751
BM,36.06,-118.39,1980,10,7.86600017547607
BM,36.06,-118.39,1980,11,4.91400003433228
BM,36.06,-118.39,1980,12,3.42700004577637
BM,36.06,-118.39,1981,1,0.420000016689301
BM,36.06,-118.39,1981,2,0.65800005197525
BM,36.06,-118.39,1981,3,-1.60500001907349
BM,36.06,-118.39,1981,4,3.71800017356873
BM,36.06,-118.39,1981,5,6.31700038909912
BM,36.06,-118.39,1981,6,13.7800006866455
BM,36.06,-118.39,1981,7,14.528000831604
BM,36.06,-118.39,1981,8,15.8090009689331
BM,36.06,-118.39,1981,9,12.4440002441406
BM,36.06,-118.39,1981,10,3.42600011825562
BM,36.06,-118.39,1981,11,3.25800013542175
BM,36.06,-118.39,1981,12,1.78900003433228
BM,36.06,-118.39,1982,1,-2.132000207901
BM,36.06,-118.39,1982,2,0.0260000005364418
BM,36.06,-118.39,1982,3,-2.61900019645691
BM,36.06,-118.39,1982,4,0.930000066757202
BM,36.06,-118.39,1982,5,6.08700037002563
BM,36.06,-118.39,1982,6,8.39900016784668
BM,36.06,-118.39,1982,7,13.0010004043579
BM,36.06,-118.39,1982,8,14.6250009536743
BM,36.06,-118.39,1982,9,10.2670001983643
BM,36.06,-118.39,1982,10,5.87800025939941
BM,36.06,-118.39,1982,11,0.803000032901764
BM,36.06,-118.39,1982,12,-1.15000009536743
BM,36.06,-118.39,1983,1,-0.0890000015497208
BM,36.06,-118.39,1983,2,-1.35800004005432
BM,36.06,-118.39,1983,3,-1.83100008964539
BM,36.06,-118.39,1983,4,-1.60700011253357
BM,36.06,-118.39,1983,5,5.17800045013428
BM,36.06,-118.39,1983,6,10.3510007858276
BM,36.06,-118.39,1983,7,12.7230005264282
BM,36.06,-118.39,1983,8,13.8060007095337
BM,36.06,-118.39,1983,9,12.8230009078979
BM,36.06,-118.39,1983,10,6.34900045394897
BM,36.06,-118.39,1983,11,1.16400003433228
BM,36.06,-118.39,1983,12,-0.290000021457672
BM,36.06,-118.39,1984,1,1.58400011062622
BM,36.06,-118.39,1984,2,-0.425000011920929
BM,36.06,-118.39,1984,3,1.70500004291534
BM,36.06,-118.39,1984,4,0.989000022411346
BM,36.06,-118.39,1984,5,9.04800033569336
BM,36.06,-118.39,1984,6,10.3010005950928
BM,36.06,-118.39,1984,7,15.407000541687
BM,36.06,-118.39,1984,8,15.2880010604858
BM,36.06,-118.39,1984,9,13.1580009460449
BM,36.06,-118.39,1984,10,3.54500007629395
BM,36.06,-118.39,1984,11,-0.162000000476837
BM,36.06,-118.39,1984,12,-2.61900019645691
BM,36.06,-118.39,1985,1,-1.125
BM,36.06,-118.39,1985,2,-0.72900003194809
BM,36.06,-118.39,1985,3,-2.58100008964539
BM,36.06,-118.39,1985,4,4.91200017929077
BM,36.06,-118.39,1985,5,6.60700035095215
BM,36.06,-118.39,1985,6,12.7850008010864
BM,36.06,-118.39,1985,7,15.6040010452271
BM,36.06,-118.39,1985,8,14.4400005340576
BM,36.06,-118.39,1985,9,7.74000024795532
BM,36.06,-118.39,1985,10,6.30900049209595
BM,36.06,-118.39,1985,11,0.48800003528595
BM,36.06,-118.39,1985,12,1.3860000371933
BM,36.06,-118.39,1986,1,3.382000207901
BM,36.06,-118.39,1986,2,-0.526000022888184
BM,36.06,-118.39,1986,3,2.06300020217896
BM,36.06,-118.39,1986,4,2.8270001411438
BM,36.06,-118.39,1986,5,6.67400026321411
BM,36.06,-118.39,1986,6,12.1720008850098
BM,36.06,-118.39,1986,7,12.94700050354
BM,36.06,-118.39,1986,8,15.7120008468628
BM,36.06,-118.39,1986,9,7.00300025939941
BM,36.06,-118.39,1986,10,5.51700019836426
BM,36.06,-118.39,1986,11,3.60900020599365
BM,36.06,-118.39,1986,12,0.328000009059906
BM,36.06,-118.39,1987,1,-1.9760000705719
BM,36.06,-118.39,1987,2,-2.0789999961853
BM,36.06,-118.39,1987,3,-1.42700004577637
BM,36.06,-118.39,1987,4,5.96900033950806
BM,36.06,-118.39,1987,5,6.30300045013428
BM,36.06,-118.39,1987,6,12.2100009918213
BM,36.06,-118.39,1987,7,12.157000541687
BM,36.06,-118.39,1987,8,14.9800004959106
BM,36.06,-118.39,1987,9,11.9580001831055
BM,36.06,-118.39,1987,10,8.57600021362305
BM,36.06,-118.39,1987,11,1.69800007343292
BM,36.06,-118.39,1987,12,-3.55000019073486
BM,36.06,-118.39,1988,1,-0.708000004291534
BM,36.06,-118.39,1988,2,1.63800013065338
BM,36.06,-118.39,1988,3,1.35900008678436
BM,36.06,-118.39,1988,4,3.09000015258789
BM,36.06,-118.39,1988,5,4.93000030517578
BM,36.06,-118.39,1988,6,10.5060005187988
BM,36.06,-118.39,1988,7,16.1550006866455
BM,36.06,-118.39,1988,8,15.1320009231567
BM,36.06,-118.39,1988,9,12.3930006027222
BM,36.06,-118.39,1988,10,10.8730001449585
BM,36.06,-118.39,1988,11,2.19000005722046
BM,36.06,-118.39,1988,12,-1.43400001525879
BM,36.06,-118.39,1989,1,-2.1470000743866
BM,36.06,-118.39,1989,2,-2.72500014305115
BM,36.06,-118.39,1989,3,1.5110000371933
BM,36.06,-118.39,1989,4,6.43600034713745
BM,36.06,-118.39,1989,5,5.96300029754639
BM,36.06,-118.39,1989,6,11.0620002746582
BM,36.06,-118.39,1989,7,15.3740005493164
BM,36.06,-118.39,1989,8,13.6470003128052
BM,36.06,-118.39,1989,9,11.2990007400513
BM,36.06,-118.39,1989,10,6.14900016784668
BM,36.06,-118.39,1989,11,5.45600032806396
BM,36.06,-118.39,1989,12,3.23900008201599
BM,36.06,-118.39,1990,1,-1.24900007247925
BM,36.06,-118.39,1990,2,-3.20900011062622
BM,36.06,-118.39,1990,3,0.922000050544739
BM,36.06,-118.39,1990,4,4.38000011444092
BM,36.06,-118.39,1990,5,5.25700044631958
BM,36.06,-118.39,1990,6,11.5120000839233
BM,36.06,-118.39,1990,7,15.4340009689331
BM,36.06,-118.39,1990,8,14.2670011520386
BM,36.06,-118.39,1990,9,11.4360008239746
BM,36.06,-118.39,1990,10,9.51900005340576
BM,36.06,-118.39,1990,11,3.49000024795532
BM,36.06,-118.39,1990,12,-2.28299999237061
BM,36.06,-118.39,1991,1,-0.0620000027120113
BM,36.06,-118.39,1991,2,2.76800012588501
BM,36.06,-118.39,1991,3,-4.56400012969971
BM,36.06,-118.39,1991,4,1.3160001039505
BM,36.06,-118.39,1991,5,3.27800011634827
BM,36.06,-118.39,1991,6,9.4370002746582
BM,36.06,-118.39,1991,7,15.0670003890991
BM,36.06,-118.39,1991,8,14.2040004730225
BM,36.06,-118.39,1991,9,13.403000831604
BM,36.06,-118.39,1991,10,9.52300071716309
BM,36.06,-118.39,1991,11,4.14100027084351
BM,36.06,-118.39,1991,12,0.648000001907349
BM,36.06,-118.39,1992,1,0.40200001001358
BM,36.06,-118.39,1992,2,-0.598000049591064
BM,36.06,-118.39,1992,3,-0.557000041007996
BM,36.06,-118.39,1992,4,6.09800052642822
BM,36.06,-118.39,1992,5,8.98500061035156
BM,36.06,-118.39,1992,6,10.4060001373291
BM,36.06,-118.39,1992,7,12.8020009994507
BM,36.06,-118.39,1992,8,16.4270000457764
BM,36.06,-118.39,1992,9,12.6300010681152
BM,36.06,-118.39,1992,10,9.52700042724609
BM,36.06,-118.39,1992,11,2.53800010681152
BM,36.06,-118.39,1992,12,-3.11200022697449
BM,36.06,-118.39,1993,1,-2.01500010490417
BM,36.06,-118.39,1993,2,-3.7350001335144
BM,36.06,-118.39,1993,3,1.45400011539459
BM,36.06,-118.39,1993,4,2.757000207901
BM,36.06,-118.39,1993,5,6.97900056838989
BM,36.06,-118.39,1993,6,10.32200050354
BM,36.06,-118.39,1993,7,13.2680006027222
BM,36.06,-118.39,1993,8,14.7450008392334
BM,36.06,-118.39,1993,9,12.7290010452271
BM,36.06,-118.39,1993,10,7.38300037384033
BM,36.06,-118.39,1993,11,2.51200008392334
BM,36.06,-118.39,1993,12,-0.289000004529953
BM,36.06,-118.39,1994,1,1.21900010108948
BM,36.06,-118.39,1994,2,-3.04400014877319
BM,36.06,-118.39,1994,3,2.04200005531311
BM,36.06,-118.39,1994,4,2.68700003623962
BM,36.06,-118.39,1994,5,5.63400030136108
BM,36.06,-118.39,1994,6,12.9640007019043
BM,36.06,-118.39,1994,7,15.8000011444092
BM,36.06,-118.39,1994,8,16.5510005950928
BM,36.06,-118.39,1994,9,11.9750003814697
BM,36.06,-118.39,1994,10,5.78000020980835
BM,36.06,-118.39,1994,11,-1.99700009822845
BM,36.06,-118.39,1994,12,-0.940000057220459
BM,36.06,-118.39,1995,1,-2.95400023460388
BM,36.06,-118.39,1995,2,2.76700019836426
BM,36.06,-118.39,1995,3,-1.06800007820129
BM,36.06,-118.39,1995,4,1.12700009346008
BM,36.06,-118.39,1995,5,3.05600023269653
BM,36.06,-118.39,1995,6,8.79100036621094
BM,36.06,-118.39,1995,7,13.9350004196167
BM,36.06,-118.39,1995,8,16.0419998168945
BM,36.06,-118.39,1995,9,13.9990005493164
BM,36.06,-118.39,1995,10,10.1290006637573
BM,36.06,-118.39,1995,11,7.14800024032593
BM,36.06,-118.39,1995,12,0.535000026226044
BM,36.06,-118.39,1996,1,0.736000061035156
BM,36.06,-118.39,1996,2,-0.961000025272369
BM,36.06,-118.39,1996,3,0.540000021457672
BM,36.06,-118.39,1996,4,4.12600040435791
BM,36.06,-118.39,1996,5,7.24000024795532
BM,36.06,-118.39,1996,6,12.0240001678467
BM,36.06,-118.39,1996,7,16.4870014190674
BM,36.06,-118.39,1996,8,16.6440010070801
BM,36.06,-118.39,1996,9,11.9370002746582
BM,36.06,-118.39,1996,10,6.50500011444092
BM,36.06,-118.39,1996,11,2.96900010108948
BM,36.06,-118.39,1996,12,0.838000059127808
BM,36.06,-118.39,1997,1,-1.41300010681152
BM,36.06,-118.39,1997,2,-0.845000028610229
BM,36.06,-118.39,1997,3,3.60400009155273
BM,36.06,-118.39,1997,4,3.02700018882751
BM,36.06,-118.39,1997,5,9.25100040435791
BM,36.06,-118.39,1997,6,10.7570009231567
BM,36.06,-118.39,1997,7,13.7880010604858
BM,36.06,-118.39,1997,8,15.8250007629395
BM,36.06,-118.39,1997,9,12.3740005493164
BM,36.06,-118.39,1997,10,7.40300035476685
BM,36.06,-118.39,1997,11,2.93600010871887
BM,36.06,-118.39,1997,12,-1.52900004386902
BM,36.06,-118.39,1998,1,-0.741000056266785
BM,36.06,-118.39,1998,2,-3.75300025939941
BM,36.06,-118.39,1998,3,-0.157000005245209
BM,36.06,-118.39,1998,4,-0.32600000500679
BM,36.06,-118.39,1998,5,1.42200005054474
BM,36.06,-118.39,1998,6,8.41900062561035
BM,36.06,-118.39,1998,7,15.9320011138916
BM,36.06,-118.39,1998,8,17.3110008239746
BM,36.06,-118.39,1998,9,10.6110000610352
BM,36.06,-118.39,1998,10,5.95700025558472
BM,36.06,-118.39,1998,11,2.39300012588501
BM,36.06,-118.39,1998,12,-0.594000041484833
BM,36.06,-118.39,1999,1,1.0220000743866
BM,36.06,-118.39,1999,2,-0.619000017642975
BM,36.06,-118.39,1999,3,-0.427000015974045
BM,36.06,-118.39,1999,4,-0.114000007510185
BM,36.06,-118.39,1999,5,6.27400016784668
BM,36.06,-118.39,1999,6,10.8910007476807
BM,36.06,-118.39,1999,7,15.742000579834
BM,36.06,-118.39,1999,8,15.3240003585815
BM,36.06,-118.39,1999,9,14.4600009918213
BM,36.06,-118.39,1999,10,12.5640001296997
BM,36.06,-118.39,1999,11,6.36500024795532
BM,36.06,-118.39,1999,12,2.43800020217896
BM,36.06,-118.39,2000,1,0.559000015258789
BM,36.06,-118.39,2000,2,-0.67600005865097
BM,36.06,-118.39,2000,3,0.974000036716461
BM,36.06,-118.39,2000,4,5.77700042724609
BM,36.06,-118.39,2000,5,9.9970006942749
BM,36.06,-118.39,2000,6,14.9340009689331
BM,36.06,-118.39,2000,7,16.44700050354
BM,36.06,-118.39,2000,8,17.6220016479492
BM,36.06,-118.39,2000,9,14.2600002288818
BM,36.06,-118.39,2000,10,7.18400049209595
BM,36.06,-118.39,2000,11,0.929000020027161
BM,36.06,-118.39,2000,12,3.28400015830994
BM,36.06,-118.39,2001,1,-2.53900003433228
BM,36.06,-118.39,2001,2,-3.10600018501282
BM,36.06,-118.39,2001,3,2.07300019264221
BM,36.06,-118.39,2001,4,1.93900012969971
BM,36.06,-118.39,2001,5,12.0750007629395
BM,36.06,-118.39,2001,6,14.6310005187988
BM,36.06,-118.39,2001,7,16.1240005493164
BM,36.06,-118.39,2001,8,19.2160015106201
BM,36.06,-118.39,2001,9,15.7840003967285
BM,36.06,-118.39,2001,10,12.0930004119873
BM,36.06,-118.39,2001,11,3.72800016403198
BM,36.06,-118.39,2001,12,-0.960000038146973
BM,36.06,-118.39,2002,1,-0.263000011444092
BM,36.06,-118.39,2002,2,2.14200019836426
BM,36.06,-118.39,2002,3,-0.131000012159348
BM,36.06,-118.39,2002,4,4.9060001373291
BM,36.06,-118.39,2002,5,7.58700037002563
BM,36.06,-118.39,2002,6,13.3230009078979
BM,36.06,-118.39,2002,7,18.5130004882812
BM,36.06,-118.39,2002,8,17.7660007476807
BM,36.06,-118.39,2002,9,14.6140003204346
BM,36.06,-118.39,2002,10,8.17100048065186
BM,36.06,-118.39,2002,11,4.88100004196167
BM,36.06,-118.39,2002,12,-1.32400012016296
BM,36.06,-118.39,2003,1,3.93300008773804
BM,36.06,-118.39,2003,2,-0.996000051498413
BM,36.06,-118.39,2003,3,1.13200008869171
BM,36.06,-118.39,2003,4,0.255000025033951
BM,36.06,-118.39,2003,5,8.19400024414062
BM,36.06,-118.39,2003,6,14.4170007705688
BM,36.06,-118.39,2003,7,18.5410003662109
BM,36.06,-118.39,2003,8,17.226001739502
BM,36.06,-118.39,2003,9,16.1960010528564
BM,36.06,-118.39,2003,10,13.7300004959106
BM,36.06,-118.39,2003,11,1.04700005054474
BM,36.06,-118.39,2003,12,-0.142000004649162
BM,36.06,-118.39,2004,1,-0.486000031232834
BM,36.06,-118.39,2004,2,-2.76100015640259
BM,36.06,-118.39,2004,3,5.05600023269653
BM,36.06,-118.39,2004,4,4.97600030899048
BM,36.06,-118.39,2004,5,8.65700054168701
BM,36.06,-118.39,2004,6,13.9500007629395
BM,36.06,-118.39,2004,7,17.443000793457
BM,36.06,-118.39,2004,8,17.113000869751
BM,36.06,-118.39,2004,9,13.9490003585815
BM,36.06,-118.39,2004,10,6.27600049972534
BM,36.06,-118.39,2004,11,2.57900023460388
BM,36.06,-118.39,2004,12,2.18099999427795
BM,36.06,-118.39,2005,1,-0.376000016927719
BM,36.06,-118.39,2005,2,-0.750000059604645
BM,36.06,-118.39,2005,3,0.848000049591064
BM,36.06,-118.39,2005,4,2.60800004005432
BM,36.06,-118.39,2005,5,7.78200054168701
BM,36.06,-118.39,2005,6,11.0500001907349
BM,36.06,-118.39,2005,7,19.3430004119873
BM,36.06,-118.39,2005,8,17.1490001678467
BM,36.06,-118.39,2005,9,11.8510007858276
BM,36.06,-118.39,2005,10,7.63500022888184
BM,36.06,-118.39,2005,11,5.5930004119873
BM,36.06,-118.39,2005,12,2.12800002098083
BM,36.06,-118.39,2006,1,0.0870000049471855
BM,36.06,-118.39,2006,2,0.869000017642975
BM,36.06,-118.39,2006,3,-3.86700010299683
BM,36.06,-118.39,2006,4,2.32600021362305
BM,36.06,-118.39,2006,5,9.58200073242188
BM,36.06,-118.39,2006,6,15.7200012207031
BM,36.06,-118.39,2006,7,18.2040004730225
BM,36.06,-118.39,2006,8,16.3509998321533
BM,36.06,-118.39,2006,9,13.7230005264282
BM,36.06,-118.39,2006,10,8.02300071716309
BM,36.06,-118.39,2006,11,5.81300020217896
BM,36.06,-118.39,2006,12,1.51200008392334
BM,36.06,-118.39,2007,1,-0.633000016212463
BM,36.06,-118.39,2007,2,0.785000026226044
BM,36.06,-118.39,2007,3,4.19500017166138
BM,36.06,-118.39,2007,4,5.20100021362305
BM,36.06,-118.39,2007,5,10.0390005111694
BM,36.06,-118.39,2007,6,14.7920007705688
BM,36.06,-118.39,2007,7,18.443000793457
BM,36.06,-118.39,2007,8,18.2400016784668
BM,36.06,-118.39,2007,9,12.2640008926392
BM,36.06,-118.39,2007,10,8.35500049591064
BM,36.06,-118.39,2007,11,7.45900058746338
BM,36.06,-118.39,2007,12,-1.08600008487701
BM,36.06,-118.39,2008,1,-0.461000025272369
BM,36.06,-118.39,2008,2,0.878000020980835
BM,36.06,-118.39,2008,3,1.70800006389618
BM,36.06,-118.39,2008,4,4.64000034332275
BM,36.06,-118.39,2008,5,7.07000017166138
BM,36.06,-118.39,2008,6,14.5110006332397
BM,36.06,-118.39,2008,7,17.4050006866455
BM,36.06,-118.39,2008,8,18.2120018005371
BM,36.06,-118.39,2008,9,14.6770009994507
BM,36.06,-118.39,2008,10,9.99100017547607
BM,36.06,-118.39,2008,11,6.29600048065186
BM,36.06,-118.39,2008,12,0.255000025033951
BM,36.06,-118.39,2009,1,3.99500012397766
BM,36.06,-118.39,2009,2,-1.05900001525879
BM,36.06,-118.39,2009,3,1.17900002002716
BM,36.06,-118.39,2009,4,3.56100010871887
BM,36.06,-118.39,2009,5,11.2730007171631
BM,36.06,-118.39,2009,6,10.4870004653931
BM,36.06,-118.39,2009,7,18.0830001831055
BM,36.06,-118.39,2009,8,16.32200050354
BM,36.06,-118.39,2009,9,16.1450004577637
BM,36.06,-118.39,2009,10,7.14100027084351
BM,36.06,-118.39,2009,11,4.66700029373169
BM,36.06,-118.39,2009,12,-0.296000003814697
BM,36.06,-118.39,2010,1,0.33500000834465
BM,36.06,-118.39,2010,2,-0.962000072002411
BM,36.06,-118.39,2010,3,0.611000001430511
BM,36.06,-118.39,2010,4,1.94600009918213
BM,36.06,-118.39,2010,5,4.42500019073486
BM,36.06,-118.39,2010,6,13.1350002288818
BM,36.06,-118.39,2010,7,17.0580005645752
BM,36.06,-118.39,2010,8,16.2370014190674
BM,36.06,-118.39,2010,9,15.0150003433228
BM,36.06,-118.39,2010,10,8.01000022888184
BM,36.06,-118.39,2010,11,2.6010000705719
BM,36.06,-118.39,2010,12,1.29700005054474
BM,36.06,-118.39,2011,1,1.78900003433228
BM,36.06,-118.39,2011,2,-1.26400005817413
BM,36.06,-118.39,2011,3,-0.261000007390976
BM,36.06,-118.39,2011,4,3.70500016212463
BM,36.06,-118.39,2011,5,5.12200021743774
BM,36.06,-118.39,2011,6,11.8840007781982
BM,36.06,-118.39,2011,7,15.568000793457
BM,36.06,-118.39,2011,8,17.0440006256104
BM,36.06,-118.39,2011,9,14.5870008468628
BM,36.06,-118.39,2011,10,9.83600044250488
BM,36.06,-118.39,2011,11,3.26700019836426
BM,36.06,-118.39,2011,12,0.862000048160553
BM,36.06,-118.39,2012,1,3.6080002784729
BM,36.06,-118.39,2012,2,0.397000014781952
BM,36.06,-118.39,2012,3,1.2960000038147
BM,36.06,-118.39,2012,4,4.76900005340576
BM,36.06,-118.39,2012,5,9.54000091552734
BM,36.06,-118.39,2012,6,12.4850006103516
BM,36.06,-118.39,2012,7,16.3810005187988
BM,36.06,-118.39,2012,8,18.9720001220703
BM,36.06,-118.39,2012,9,15.568000793457
BM,36.06,-118.39,2012,10,10.0090007781982
BM,36.06,-118.39,2012,11,5.36400032043457
BM,36.06,-118.39,2012,12,-1.1690000295639
BM,36.06,-118.39,1897,1,-1.62600004673004
BM,36.06,-118.39,1897,2,-2.69700002670288
BM,36.06,-118.39,1897,3,-3.7110002040863
BM,36.06,-118.39,1897,4,3.22500014305115
BM,36.06,-118.39,1897,5,8.3730001449585
BM,36.06,-118.39,1897,6,9.99200057983398
BM,36.06,-118.39,1897,7,14.2150011062622
BM,36.06,-118.39,1897,8,16.4780006408691
BM,36.06,-118.39,1897,9,10.7650003433228
BM,36.06,-118.39,1897,10,6.37400007247925
BM,36.06,-118.39,1897,11,3.98700022697449
BM,36.06,-118.39,1897,12,-2.27400016784668
BM,36.06,-118.39,1901,1,-2.125
BM,36.06,-118.39,1901,2,-2.31000018119812
BM,36.06,-118.39,1901,3,0.0840000063180923
BM,36.06,-118.39,1901,4,2.49500012397766
BM,36.06,-118.39,1901,5,5.20000028610229
BM,36.06,-118.39,1901,6,10.8720006942749
BM,36.06,-118.39,1901,7,15.2950010299683
BM,36.06,-118.39,1901,8,15.0130004882812
BM,36.06,-118.39,1901,9,9.75900077819824
BM,36.06,-118.39,1901,10,8.2470006942749
BM,36.06,-118.39,1901,11,4.54700040817261
BM,36.06,-118.39,1901,12,0.435000032186508
BM,36.06,-118.39,1906,1,0.202000007033348
BM,36.06,-118.39,1906,2,0.567000031471252
BM,36.06,-118.39,1906,3,-0.52700001001358
BM,36.06,-118.39,1906,4,0.969000041484833
BM,36.06,-118.39,1906,5,4.01999998092651
BM,36.06,-118.39,1906,6,9.09600067138672
BM,36.06,-118.39,1906,7,16.1480007171631
BM,36.06,-118.39,1906,8,15.2910003662109
BM,36.06,-118.39,1906,9,11.2540006637573
BM,36.06,-118.39,1906,10,8.06500053405762
BM,36.06,-118.39,1906,11,1.32700002193451
BM,36.06,-118.39,1906,12,0.426000028848648
BM,36.06,-118.39,1908,1,-0.136000007390976
BM,36.06,-118.39,1908,2,-2.96800017356873
BM,36.06,-118.39,1908,3,0.0310000013560057
BM,36.06,-118.39,1908,4,3.53600025177002
BM,36.06,-118.39,1908,5,3.08200025558472
BM,36.06,-118.39,1908,6,10.16100025177
BM,36.06,-118.39,1908,7,18.8880004882812
BM,36.06,-118.39,1908,8,17.3299999237061
BM,36.06,-118.39,1908,9,12.492000579834
BM,36.06,-118.39,1908,10,5.41600036621094
BM,36.06,-118.39,1908,11,3.43600010871887
BM,36.06,-118.39,1908,12,-1.56000006198883
BM,36.06,-118.39,1911,1,-0.355000019073486
BM,36.06,-118.39,1911,2,-4.12700033187866
BM,36.06,-118.39,1911,3,1.67500007152557
BM,36.06,-118.39,1911,4,2.04800009727478
BM,36.06,-118.39,1911,5,4.33500003814697
BM,36.06,-118.39,1911,6,11.4090003967285
BM,36.06,-118.39,1911,7,14.5290002822876
BM,36.06,-118.39,1911,8,13.1720008850098
BM,36.06,-118.39,1911,9,8.08800029754639
BM,36.06,-118.39,1911,10,4.58800029754639
BM,36.06,-118.39,1911,11,2.20900011062622
BM,36.06,-118.39,1911,12,-2.92500019073486
BM,36.06,-118.39,1912,1,0.0780000016093254
BM,36.06,-118.39,1912,2,-0.864000022411346
BM,36.06,-118.39,1912,3,-2.29500007629395
BM,36.06,-118.39,1912,4,-0.816000044345856
BM,36.06,-118.39,1912,5,4.99100017547607
BM,36.06,-118.39,1912,6,10.7910003662109
BM,36.06,-118.39,1912,7,12.5180006027222
BM,36.06,-118.39,1912,8,12.282000541687
BM,36.06,-118.39,1912,9,9.75
BM,36.06,-118.39,1912,10,4.75800037384033
BM,36.06,-118.39,1912,11,3.5860002040863
BM,36.06,-118.39,1912,12,-2.33500003814697
BM,36.06,-118.39,1913,1,-2.24700021743774
BM,36.06,-118.39,1913,2,-1.84300005435944
BM,36.06,-118.39,1913,3,-1.71700012683868
BM,36.06,-118.39,1913,4,2.45500016212463
BM,36.06,-118.39,1913,5,6.26600027084351
BM,36.06,-118.39,1913,6,8.97000026702881
BM,36.06,-118.39,1913,7,12.7110004425049
BM,36.06,-118.39,1913,8,14.2280006408691
BM,36.06,-118.39,1913,9,11.988000869751
BM,36.06,-118.39,1913,10,6.72600030899048
BM,36.06,-118.39,1913,11,2.62000012397766
BM,36.06,-118.39,1913,12,-1.30600011348724
BM,36.06,-118.39,1920,1,1.13300001621246
BM,36.06,-118.39,1920,2,-0.918000042438507
BM,36.06,-118.39,1920,3,-1.52400004863739
BM,36.06,-118.39,1920,4,1.51800012588501
BM,36.06,-118.39,1920,5,5.79800033569336
BM,36.06,-118.39,1920,6,9.96700000762939
BM,36.06,-118.39,1920,7,14.4090003967285
BM,36.06,-118.39,1920,8,14.9530010223389
BM,36.06,-118.39,1920,9,10.081000328064
BM,36.06,-118.39,1920,10,3.65300011634827
BM,36.06,-118.39,1920,11,1.58200001716614
BM,36.06,-118.39,1920,12,-1.17900002002716
BM,36.06,-118.39,1922,1,-5.80500030517578
BM,36.06,-118.39,1922,2,-4.9810004234314
BM,36.06,-118.39,1922,3,-2.94500017166138
BM,36.06,-118.39,1922,4,-0.102000005543232
BM,36.06,-118.39,1922,5,5.06600046157837
BM,36.06,-118.39,1922,6,11.6080007553101
BM,36.06,-118.39,1922,7,15.4570007324219
BM,36.06,-118.39,1922,8,14.2100009918213
BM,36.06,-118.39,1922,9,12.6600008010864
BM,36.06,-118.39,1922,10,5.58300018310547
BM,36.06,-118.39,1922,11,0.950000047683716
BM,36.06,-118.39,1922,12,-0.309000015258789
BM,36.06,-118.39,1923,1,-2.9300000667572
BM,36.06,-118.39,1923,2,-3.17700004577637
BM,36.06,-118.39,1923,3,-0.603000044822693
BM,36.06,-118.39,1923,4,-0.224000006914139
BM,36.06,-118.39,1923,5,5.99300050735474
BM,36.06,-118.39,1923,6,7.87900018692017
BM,36.06,-118.39,1923,7,12.7940006256104
BM,36.06,-118.39,1923,8,15.3040008544922
BM,36.06,-118.39,1923,9,11.0870008468628
BM,36.06,-118.39,1923,10,4.17600011825562
BM,36.06,-118.39,1923,11,2.44500017166138
BM,36.06,-118.39,1923,12,-2.12100005149841
BM,36.06,-118.39,1924,1,-2.1780002117157
BM,36.06,-118.39,1924,2,0.680000007152557
BM,36.06,-118.39,1924,3,-2.13000011444092
BM,36.06,-118.39,1924,4,1.85400009155273
BM,36.06,-118.39,1924,5,8.1220006942749
BM,36.06,-118.39,1924,6,11.7930002212524
BM,36.06,-118.39,1924,7,13.8540010452271
BM,36.06,-118.39,1924,8,13.6580009460449
BM,36.06,-118.39,1924,9,11.2290000915527
BM,36.06,-118.39,1924,10,3.74200010299683
BM,36.06,-118.39,1924,11,2.28700017929077
BM,36.06,-118.39,1924,12,-2.66000008583069
BM,36.06,-118.39,1929,1,-2.21500015258789
BM,36.06,-118.39,1929,2,-3.95400023460388
BM,36.06,-118.39,1929,3,-0.972000062465668
BM,36.06,-118.39,1929,4,-0.893000066280365
BM,36.06,-118.39,1929,5,6.05200052261353
BM,36.06,-118.39,1929,6,9.24200057983398
BM,36.06,-118.39,1929,7,13.9740009307861
BM,36.06,-118.39,1929,8,15.6480007171631
BM,36.06,-118.39,1929,9,10.5930004119873
BM,36.06,-118.39,1929,10,7.67800045013428
BM,36.06,-118.39,1929,11,4.72500038146973
BM,36.06,-118.39,1929,12,4.53299999237061
BM,36.06,-118.39,1934,1,0.815000057220459
BM,36.06,-118.39,1934,2,0.16100001335144
BM,36.06,-118.39,1934,3,4.69300031661987
BM,36.06,-118.39,1934,4,6.01100015640259
BM,36.06,-118.39,1934,5,7.80400037765503
BM,36.06,-118.39,1934,6,8.51000022888184
BM,36.06,-118.39,1934,7,14.3490009307861
BM,36.06,-118.39,1934,8,15.1990003585815
BM,36.06,-118.39,1934,9,11.657000541687
BM,36.06,-118.39,1934,10,7.014000415802
BM,36.06,-118.39,1934,11,3.42000007629395
BM,36.06,-118.39,1934,12,0.455000013113022
BM,36.06,-118.39,1935,1,-1.73300004005432
BM,36.06,-118.39,1935,2,-0.703000009059906
BM,36.06,-118.39,1935,3,-2.1340000629425
BM,36.06,-118.39,1935,4,1.24800002574921
BM,36.06,-118.39,1935,5,4.66600036621094
BM,36.06,-118.39,1935,6,12.2540006637573
BM,36.06,-118.39,1935,7,12.9220008850098
BM,36.06,-118.39,1935,8,14.9090003967285
BM,36.06,-118.39,1935,9,12.5530004501343
BM,36.06,-118.39,1935,10,4.82800006866455
BM,36.06,-118.39,1935,11,1.8840000629425
BM,36.06,-118.39,1935,12,0.626000046730042
BM,36.06,-118.39,1943,1,-0.223000004887581
BM,36.06,-118.39,1943,2,-0.435000032186508
BM,36.06,-118.39,1943,3,0.466000020503998
BM,36.06,-118.39,1943,4,2.46800017356873
BM,36.06,-118.39,1943,5,6.30900049209595
BM,36.06,-118.39,1943,6,7.48700046539307
BM,36.06,-118.39,1943,7,13.7530002593994
BM,36.06,-118.39,1943,8,12.702000617981
BM,36.06,-118.39,1943,9,12.8840007781982
BM,36.06,-118.39,1943,10,6.80400037765503
BM,36.06,-118.39,1943,11,4.24300003051758
BM,36.06,-118.39,1943,12,-0.101000003516674
BM,36.06,-118.39,1944,1,-1.93500006198883
BM,36.06,-118.39,1944,2,-4.28800010681152
BM,36.06,-118.39,1944,3,-1.4410001039505
BM,36.06,-118.39,1944,4,-0.550999999046326
BM,36.06,-118.39,1944,5,5.19800043106079
BM,36.06,-118.39,1944,6,6.47800016403198
BM,36.06,-118.39,1944,7,12.4590005874634
BM,36.06,-118.39,1944,8,13.3940010070801
BM,36.06,-118.39,1944,9,11.2160005569458
BM,36.06,-118.39,1944,10,6.32500028610229
BM,36.06,-118.39,1944,11,-0.108000002801418
BM,36.06,-118.39,1944,12,-1.17400002479553
BM,36.06,-118.39,1948,1,1.32000005245209
BM,36.06,-118.39,1948,2,-4.15700006484985
BM,36.06,-118.39,1948,3,-3.67700028419495
BM,36.06,-118.39,1948,4,0.669000029563904
BM,36.06,-118.39,1948,5,3.75200009346008
BM,36.06,-118.39,1948,6,9.54300022125244
BM,36.06,-118.39,1948,7,13.3650007247925
BM,36.06,-118.39,1948,8,13.7320003509521
BM,36.06,-118.39,1948,9,11.5900001525879
BM,36.06,-118.39,1948,10,6.47700023651123
BM,36.06,-118.39,1948,11,2.29100012779236
BM,36.06,-118.39,1948,12,-3.40700006484985
BM,36.06,-118.39,1956,1,-1.30800008773804
BM,36.06,-118.39,1956,2,-3.8360002040863
BM,36.06,-118.39,1956,3,0.534000039100647
BM,36.06,-118.39,1956,4,0.921000063419342
BM,36.06,-118.39,1956,5,5.51700019836426
BM,36.06,-118.39,1956,6,10.7170009613037
BM,36.06,-118.39,1956,7,13.32200050354
BM,36.06,-118.39,1956,8,12.5460004806519
BM,36.06,-118.39,1956,9,12.5670003890991
BM,36.06,-118.39,1956,10,4.67000007629395
BM,36.06,-118.39,1956,11,3.6010000705719
BM,36.06,-118.39,1956,12,1.25800001621246
BM,36.06,-118.39,1957,1,-5.30100011825562
BM,36.06,-118.39,1957,2,-0.0410000011324883
BM,36.06,-118.39,1957,3,-0.606000006198883
BM,36.06,-118.39,1957,4,1.60500001907349
BM,36.06,-118.39,1957,5,3.2810001373291
BM,36.06,-118.39,1957,6,11.4450006484985
BM,36.06,-118.39,1957,7,13.5790004730225
BM,36.06,-118.39,1957,8,13.1520004272461
BM,36.06,-118.39,1957,9,10.8600006103516
BM,36.06,-118.39,1957,10,3.52000021934509
BM,36.06,-118.39,1957,11,-0.0370000004768372
BM,36.06,-118.39,1957,12,0.811000049114227
BM,36.06,-118.39,1960,1,-5.29700040817261
BM,36.06,-118.39,1960,2,-3.50000023841858
BM,36.06,-118.39,1960,3,1.62200009822845
BM,36.06,-118.39,1960,4,2.45700001716614
BM,36.06,-118.39,1960,5,5.05300045013428
BM,36.06,-118.39,1960,6,13.0310010910034
BM,36.06,-118.39,1960,7,15.0600004196167
BM,36.06,-118.39,1960,8,14.3200006484985
BM,36.06,-118.39,1960,9,12.8640003204346
BM,36.06,-118.39,1960,10,6.22900009155273
BM,36.06,-118.39,1960,11,0.52700001001358
BM,36.06,-118.39,1960,12,-0.311000019311905
BM,36.06,-118.39,1967,1,0.127000004053116
BM,36.06,-118.39,1967,2,0.867000043392181
BM,36.06,-118.39,1967,3,-0.826000034809113
BM,36.06,-118.39,1967,4,-4.07200002670288
BM,36.06,-118.39,1967,5,5.03600025177002
BM,36.06,-118.39,1967,6,8.6230001449585
BM,36.06,-118.39,1967,7,15.9370012283325
BM,36.06,-118.39,1967,8,16.7990016937256
BM,36.06,-118.39,1967,9,11.7830009460449
BM,36.06,-118.39,1967,10,9.4370002746582
BM,36.06,-118.39,1967,11,4.74200010299683
BM,36.06,-118.39,1967,12,-3.65500020980835
BM,36.06,-118.39,1968,1,-1.31500005722046
BM,36.06,-118.39,1968,2,0.562000036239624
BM,36.06,-118.39,1968,3,-0.444000035524368
BM,36.06,-118.39,1968,4,2.45000004768372
BM,36.06,-118.39,1968,5,5.46600008010864
BM,36.06,-118.39,1968,6,11.9270009994507
BM,36.06,-118.39,1968,7,15.0520009994507
BM,36.06,-118.39,1968,8,12.3490009307861
BM,36.06,-118.39,1968,9,12.3830003738403
BM,36.06,-118.39,1968,10,7.41100025177002
BM,36.06,-118.39,1968,11,2.29700016975403
BM,36.06,-118.39,1968,12,-2.76300024986267
BM,36.06,-118.39,1974,1,-2.46900010108948
BM,36.06,-118.39,1974,2,-1.03700006008148
BM,36.06,-118.39,1974,3,0.0110000008717179
BM,36.06,-118.39,1974,4,1.57700002193451
BM,36.06,-118.39,1974,5,6.50300025939941
BM,36.06,-118.39,1974,6,12.6280002593994
BM,36.06,-118.39,1974,7,13.9850006103516
BM,36.06,-118.39,1974,8,14.4210004806519
BM,36.06,-118.39,1974,9,13.9140005111694
BM,36.06,-118.39,1974,10,6.39100027084351
BM,36.06,-118.39,1974,11,2.81000018119812
BM,36.06,-118.39,1974,12,-1.47000002861023
BM,36.06,-118.39,1977,1,-1.65500009059906
BM,36.06,-118.39,1977,2,1.25800001621246
BM,36.06,-118.39,1977,3,-3.70400023460388
BM,36.06,-118.39,1977,4,4.18800020217896
BM,36.06,-118.39,1977,5,0.967000067234039
BM,36.06,-118.39,1977,6,12.1460008621216
BM,36.06,-118.39,1977,7,14.1770009994507
BM,36.06,-118.39,1977,8,15.2900009155273
BM,36.06,-118.39,1977,9,10.710000038147
BM,36.06,-118.39,1977,10,8.41499996185303
BM,36.06,-118.39,1977,11,4.61199998855591
BM,36.06,-118.39,1977,12,2.02900004386902
