site,lat,long,year,month,vpdmin
BM,36.06,-118.39,1895,1,1.09899997711182
BM,36.06,-118.39,1895,2,1.05299997329712
BM,36.06,-118.39,1895,3,1.81599998474121
BM,36.06,-118.39,1895,4,2.23300004005432
BM,36.06,-118.39,1895,5,2.54900002479553
BM,36.06,-118.39,1895,6,3.11800003051758
BM,36.06,-118.39,1895,7,3.37800002098083
BM,36.06,-118.39,1895,8,4.70499992370605
BM,36.06,-118.39,1895,9,4.31199979782104
BM,36.06,-118.39,1895,10,2.48600006103516
BM,36.06,-118.39,1895,11,1.68499994277954
BM,36.06,-118.39,1895,12,1.95899999141693
BM,36.06,-118.39,1896,1,2.20000004768372
BM,36.06,-118.39,1896,2,1.70200002193451
BM,36.06,-118.39,1896,3,1.60199999809265
BM,36.06,-118.39,1896,4,0.954999983310699
BM,36.06,-118.39,1896,5,1.47699999809265
BM,36.06,-118.39,1896,6,3.45300006866455
BM,36.06,-118.39,1896,7,3.96300005912781
BM,36.06,-118.39,1896,8,3.94199991226196
BM,36.06,-118.39,1896,9,3.3970000743866
BM,36.06,-118.39,1896,10,3.00699996948242
BM,36.06,-118.39,1896,11,2.40000009536743
BM,36.06,-118.39,1896,12,2.28999996185303
BM,36.06,-118.39,1897,1,1.22399997711182
BM,36.06,-118.39,1897,2,1.1690000295639
BM,36.06,-118.39,1897,3,1.14999997615814
BM,36.06,-118.39,1897,4,1.62300002574921
BM,36.06,-118.39,1897,5,2.34400010108948
BM,36.06,-118.39,1897,6,3.18199992179871
BM,36.06,-118.39,1897,7,4.20900011062622
BM,36.06,-118.39,1897,8,6.2649998664856
BM,36.06,-118.39,1897,9,4.26200008392334
BM,36.06,-118.39,1897,10,3.05299997329712
BM,36.06,-118.39,1897,11,3.28200006484985
BM,36.06,-118.39,1897,12,1.49800002574921
BM,36.06,-118.39,1899,1,1.37699997425079
BM,36.06,-118.39,1899,2,1.36099994182587
BM,36.06,-118.39,1899,3,1.49100005626678
BM,36.06,-118.39,1899,4,1.81900000572205
BM,36.06,-118.39,1899,5,1.41999995708466
BM,36.06,-118.39,1899,6,2.87899994850159
BM,36.06,-118.39,1899,7,2.65799999237061
BM,36.06,-118.39,1899,8,2.57999992370605
BM,36.06,-118.39,1899,9,5.56400012969971
BM,36.06,-118.39,1899,10,2.41899991035461
BM,36.06,-118.39,1899,11,2.53900003433228
BM,36.06,-118.39,1899,12,2.23699998855591
BM,36.06,-118.39,1900,1,2.16899991035461
BM,36.06,-118.39,1900,2,1.432000041008
BM,36.06,-118.39,1900,3,1.807000041008
BM,36.06,-118.39,1900,4,1.30099999904633
BM,36.06,-118.39,1900,5,2.17899990081787
BM,36.06,-118.39,1900,6,3.80200004577637
BM,36.06,-118.39,1900,7,3.07999992370605
BM,36.06,-118.39,1900,8,2.80999994277954
BM,36.06,-118.39,1900,9,2.89100003242493
BM,36.06,-118.39,1900,10,3.33800005912781
BM,36.06,-118.39,1900,11,2.70199990272522
BM,36.06,-118.39,1900,12,2.60899996757507
BM,36.06,-118.39,1904,1,1.14600002765656
BM,36.06,-118.39,1904,2,1.81500005722046
BM,36.06,-118.39,1904,3,1.05099999904633
BM,36.06,-118.39,1904,4,1.67999994754791
BM,36.06,-118.39,1904,5,1.98800003528595
BM,36.06,-118.39,1904,6,2.23799991607666
BM,36.06,-118.39,1904,7,3.91400003433228
BM,36.06,-118.39,1904,8,4.25799989700317
BM,36.06,-118.39,1904,9,3.59299993515015
BM,36.06,-118.39,1904,10,2.24699997901917
BM,36.06,-118.39,1904,11,1.91799998283386
BM,36.06,-118.39,1904,12,1.6710000038147
BM,36.06,-118.39,1905,1,2.17199993133545
BM,36.06,-118.39,1905,2,1.4210000038147
BM,36.06,-118.39,1905,3,1.09399998188019
BM,36.06,-118.39,1905,4,1.69500005245209
BM,36.06,-118.39,1905,5,1.25600004196167
BM,36.06,-118.39,1905,6,2.26300001144409
BM,36.06,-118.39,1905,7,2.84599995613098
BM,36.06,-118.39,1905,8,3.50999999046326
BM,36.06,-118.39,1905,9,2.77699995040894
BM,36.06,-118.39,1905,10,2.18400001525879
BM,36.06,-118.39,1905,11,1.5110000371933
BM,36.06,-118.39,1905,12,1.32099997997284
BM,36.06,-118.39,1906,1,1.50899994373322
BM,36.06,-118.39,1906,2,1.00499999523163
BM,36.06,-118.39,1906,3,0.958999991416931
BM,36.06,-118.39,1906,4,1.21000003814697
BM,36.06,-118.39,1906,5,1.42799997329712
BM,36.06,-118.39,1906,6,1.74199998378754
BM,36.06,-118.39,1906,7,2.41400003433228
BM,36.06,-118.39,1906,8,3.52999997138977
BM,36.06,-118.39,1906,9,2.93799996376038
BM,36.06,-118.39,1906,10,2.92799997329712
BM,36.06,-118.39,1906,11,1.42799997329712
BM,36.06,-118.39,1906,12,1.9559999704361
BM,36.06,-118.39,1908,1,1.45799994468689
BM,36.06,-118.39,1908,2,0.785000026226044
BM,36.06,-118.39,1908,3,1.44599997997284
BM,36.06,-118.39,1908,4,1.62600004673004
BM,36.06,-118.39,1908,5,1.03400003910065
BM,36.06,-118.39,1908,6,2.52600002288818
BM,36.06,-118.39,1908,7,6.33099985122681
BM,36.06,-118.39,1908,8,5.75799989700317
BM,36.06,-118.39,1908,9,5.82499980926514
BM,36.06,-118.39,1908,10,2.93199992179871
BM,36.06,-118.39,1908,11,2.04299998283386
BM,36.06,-118.39,1908,12,1.3860000371933
BM,36.06,-118.39,1909,1,1.41700005531311
BM,36.06,-118.39,1909,2,0.745999991893768
BM,36.06,-118.39,1909,3,1.45000004768372
BM,36.06,-118.39,1909,4,1.73099994659424
BM,36.06,-118.39,1909,5,1.29700005054474
BM,36.06,-118.39,1909,6,2.40100002288818
BM,36.06,-118.39,1909,7,4.24700021743774
BM,36.06,-118.39,1909,8,5.75600004196167
BM,36.06,-118.39,1909,9,4.60200023651123
BM,36.06,-118.39,1909,10,2.19400000572205
BM,36.06,-118.39,1909,11,2.15400004386902
BM,36.06,-118.39,1909,12,1.44200003147125
BM,36.06,-118.39,1910,1,1.48399996757507
BM,36.06,-118.39,1910,2,1.27499997615814
BM,36.06,-118.39,1910,3,2.14100003242493
BM,36.06,-118.39,1910,4,2.63800001144409
BM,36.06,-118.39,1910,5,1.90299999713898
BM,36.06,-118.39,1910,6,3.54999995231628
BM,36.06,-118.39,1910,7,3.95199990272522
BM,36.06,-118.39,1910,8,5.47100019454956
BM,36.06,-118.39,1910,9,5.08799982070923
BM,36.06,-118.39,1910,10,2.69799995422363
BM,36.06,-118.39,1910,11,1.62699997425079
BM,36.06,-118.39,1910,12,1.90900003910065
BM,36.06,-118.39,1911,1,1.38800001144409
BM,36.06,-118.39,1911,2,0.927999973297119
BM,36.06,-118.39,1911,3,1.78199994564056
BM,36.06,-118.39,1911,4,1.83800005912781
BM,36.06,-118.39,1911,5,1.76999998092651
BM,36.06,-118.39,1911,6,3.33899998664856
BM,36.06,-118.39,1911,7,3.52500009536743
BM,36.06,-118.39,1911,8,4.33900022506714
BM,36.06,-118.39,1911,9,3.13199996948242
BM,36.06,-118.39,1911,10,2.34999990463257
BM,36.06,-118.39,1911,11,2.51200008392334
BM,36.06,-118.39,1911,12,1.50300002098083
BM,36.06,-118.39,1912,1,1.82000005245209
BM,36.06,-118.39,1912,2,1.05599999427795
BM,36.06,-118.39,1912,3,1.14699995517731
BM,36.06,-118.39,1912,4,1.28900003433228
BM,36.06,-118.39,1912,5,1.41299998760223
BM,36.06,-118.39,1912,6,2.65599989891052
BM,36.06,-118.39,1912,7,2.12700009346008
BM,36.06,-118.39,1912,8,3.22399997711182
BM,36.06,-118.39,1912,9,3.14000010490417
BM,36.06,-118.39,1912,10,3.13499999046326
BM,36.06,-118.39,1912,11,3.01300001144409
BM,36.06,-118.39,1912,12,1.75499999523163
BM,36.06,-118.39,1913,1,1.59899997711182
BM,36.06,-118.39,1913,2,1.41499996185303
BM,36.06,-118.39,1913,3,1.60399997234344
BM,36.06,-118.39,1913,4,1.87600004673004
BM,36.06,-118.39,1913,5,1.88300001621246
BM,36.06,-118.39,1913,6,2.20300006866455
BM,36.06,-118.39,1913,7,2.44199991226196
BM,36.06,-118.39,1913,8,3.55800008773804
BM,36.06,-118.39,1913,9,4.05000019073486
BM,36.06,-118.39,1913,10,2.67899990081787
BM,36.06,-118.39,1913,11,1.84599995613098
BM,36.06,-118.39,1913,12,1.40499997138977
BM,36.06,-118.39,1914,1,1.60199999809265
BM,36.06,-118.39,1914,2,1.14199995994568
BM,36.06,-118.39,1914,3,1.66799998283386
BM,36.06,-118.39,1914,4,1.30799996852875
BM,36.06,-118.39,1914,5,1.62399995326996
BM,36.06,-118.39,1914,6,2.41599988937378
BM,36.06,-118.39,1914,7,2.83800005912781
BM,36.06,-118.39,1914,8,4.78000020980835
BM,36.06,-118.39,1914,9,3.72499990463257
BM,36.06,-118.39,1914,10,3.2739999294281
BM,36.06,-118.39,1914,11,2.22699999809265
BM,36.06,-118.39,1914,12,1.35699999332428
BM,36.06,-118.39,1915,1,1.50100004673004
BM,36.06,-118.39,1915,2,0.883000016212463
BM,36.06,-118.39,1915,3,1.6599999666214
BM,36.06,-118.39,1915,4,1.30499994754791
BM,36.06,-118.39,1915,5,1.27799999713898
BM,36.06,-118.39,1915,6,2.86700010299683
BM,36.06,-118.39,1915,7,2.0090000629425
BM,36.06,-118.39,1915,8,4.39900016784668
BM,36.06,-118.39,1915,9,3.41000008583069
BM,36.06,-118.39,1915,10,4.59000015258789
BM,36.06,-118.39,1915,11,2.08599996566772
BM,36.06,-118.39,1915,12,1.94400000572205
BM,36.06,-118.39,1916,1,0.287999987602234
BM,36.06,-118.39,1916,2,1.05499994754791
BM,36.06,-118.39,1916,3,1.71300005912781
BM,36.06,-118.39,1916,4,1.62000000476837
BM,36.06,-118.39,1916,5,1.96300005912781
BM,36.06,-118.39,1916,6,2.33100008964539
BM,36.06,-118.39,1916,7,2.99699997901917
BM,36.06,-118.39,1916,8,5.73299980163574
BM,36.06,-118.39,1916,9,4.73699998855591
BM,36.06,-118.39,1916,10,2.3510000705719
BM,36.06,-118.39,1916,11,1.85000002384186
BM,36.06,-118.39,1916,12,1.44000005722046
BM,36.06,-118.39,1917,1,1.37300002574921
BM,36.06,-118.39,1917,2,1.39100003242493
BM,36.06,-118.39,1917,3,1.31700003147125
BM,36.06,-118.39,1917,4,1.24699997901917
BM,36.06,-118.39,1917,5,1.13999998569489
BM,36.06,-118.39,1917,6,2.8289999961853
BM,36.06,-118.39,1917,7,2.97199988365173
BM,36.06,-118.39,1917,8,3.37199997901917
BM,36.06,-118.39,1917,9,3.89800000190735
BM,36.06,-118.39,1917,10,3.87700009346008
BM,36.06,-118.39,1917,11,2.14400005340576
BM,36.06,-118.39,1917,12,2.56800007820129
BM,36.06,-118.39,1918,1,1.12899994850159
BM,36.06,-118.39,1918,2,1.34399998188019
BM,36.06,-118.39,1918,3,1.64400005340576
BM,36.06,-118.39,1918,4,2.05999994277954
BM,36.06,-118.39,1918,5,1.71000003814697
BM,36.06,-118.39,1918,6,4.6100001335144
BM,36.06,-118.39,1918,7,3.0550000667572
BM,36.06,-118.39,1918,8,3.97000002861023
BM,36.06,-118.39,1918,9,3.1340000629425
BM,36.06,-118.39,1918,10,2.81599998474121
BM,36.06,-118.39,1918,11,2.22499990463257
BM,36.06,-118.39,1918,12,1.73599994182587
BM,36.06,-118.39,1919,1,1.62000000476837
BM,36.06,-118.39,1919,2,0.500999987125397
BM,36.06,-118.39,1919,3,1.14900004863739
BM,36.06,-118.39,1919,4,1.76499998569489
BM,36.06,-118.39,1919,5,2.33400011062622
BM,36.06,-118.39,1919,6,4.58599996566772
BM,36.06,-118.39,1919,7,4.72599983215332
BM,36.06,-118.39,1919,8,4.94799995422363
BM,36.06,-118.39,1919,9,3.56399989128113
BM,36.06,-118.39,1919,10,2.40899991989136
BM,36.06,-118.39,1919,11,1.85300004482269
BM,36.06,-118.39,1919,12,1.95799994468689
BM,36.06,-118.39,1920,1,1.56299996376038
BM,36.06,-118.39,1920,2,1.35000002384186
BM,36.06,-118.39,1920,3,1.2849999666214
BM,36.06,-118.39,1920,4,1.91100001335144
BM,36.06,-118.39,1920,5,1.89499998092651
BM,36.06,-118.39,1920,6,2.57399988174438
BM,36.06,-118.39,1920,7,4.59999990463257
BM,36.06,-118.39,1920,8,4.58300018310547
BM,36.06,-118.39,1920,9,3.93199992179871
BM,36.06,-118.39,1920,10,2.3840000629425
BM,36.06,-118.39,1920,11,2.15700006484985
BM,36.06,-118.39,1920,12,1.67999994754791
BM,36.06,-118.39,1921,1,0.978999972343445
BM,36.06,-118.39,1921,2,1.05400002002716
BM,36.06,-118.39,1921,3,1.93400001525879
BM,36.06,-118.39,1921,4,1.63300001621246
BM,36.06,-118.39,1921,5,2.3659999370575
BM,36.06,-118.39,1921,6,4.38399982452393
BM,36.06,-118.39,1921,7,3.21099996566772
BM,36.06,-118.39,1921,8,5.9850001335144
BM,36.06,-118.39,1921,9,2.66000008583069
BM,36.06,-118.39,1921,10,4.45599985122681
BM,36.06,-118.39,1921,11,2.41799998283386
BM,36.06,-118.39,1921,12,1.71700000762939
BM,36.06,-118.39,1922,1,0.930000007152557
BM,36.06,-118.39,1922,2,0.680000007152557
BM,36.06,-118.39,1922,3,0.929000020027161
BM,36.06,-118.39,1922,4,1.81500005722046
BM,36.06,-118.39,1922,5,0.842999994754791
BM,36.06,-118.39,1922,6,3.41499996185303
BM,36.06,-118.39,1922,7,4.48400020599365
BM,36.06,-118.39,1922,8,4.28200006484985
BM,36.06,-118.39,1922,9,4.0460000038147
BM,36.06,-118.39,1922,10,2.41000008583069
BM,36.06,-118.39,1922,11,1.94099998474121
BM,36.06,-118.39,1922,12,2.03399991989136
BM,36.06,-118.39,1923,1,1.442999958992
BM,36.06,-118.39,1923,2,0.897000014781952
BM,36.06,-118.39,1923,3,1.45799994468689
BM,36.06,-118.39,1923,4,1.06500005722046
BM,36.06,-118.39,1923,5,2.46900010108948
BM,36.06,-118.39,1923,6,2.51500010490417
BM,36.06,-118.39,1923,7,1.93799996376038
BM,36.06,-118.39,1923,8,6.73299980163574
BM,36.06,-118.39,1923,9,4.23999977111816
BM,36.06,-118.39,1923,10,1.44799995422363
BM,36.06,-118.39,1923,11,1.74300003051758
BM,36.06,-118.39,1923,12,1.44799995422363
BM,36.06,-118.39,1925,1,1.4099999666214
BM,36.06,-118.39,1925,2,0.898999989032745
BM,36.06,-118.39,1925,3,1.47899997234344
BM,36.06,-118.39,1925,4,0.875
BM,36.06,-118.39,1925,5,1.0809999704361
BM,36.06,-118.39,1925,6,1.99000000953674
BM,36.06,-118.39,1925,7,3.20199990272522
BM,36.06,-118.39,1925,8,2.31399989128113
BM,36.06,-118.39,1925,9,2.94199991226196
BM,36.06,-118.39,1925,10,1.84399998188019
BM,36.06,-118.39,1925,11,2.44000005722046
BM,36.06,-118.39,1925,12,2.05999994277954
BM,36.06,-118.39,1926,1,1.75999999046326
BM,36.06,-118.39,1926,2,1.27900004386902
BM,36.06,-118.39,1926,3,1.33700001239777
BM,36.06,-118.39,1926,4,1.2389999628067
BM,36.06,-118.39,1926,5,2.4210000038147
BM,36.06,-118.39,1926,6,5.99200010299683
BM,36.06,-118.39,1926,7,4.46600008010864
BM,36.06,-118.39,1926,8,4.75699996948242
BM,36.06,-118.39,1926,9,2.70700001716614
BM,36.06,-118.39,1926,10,2.46199989318848
BM,36.06,-118.39,1926,11,2.01600003242493
BM,36.06,-118.39,1926,12,1.04799997806549
BM,36.06,-118.39,1927,1,1.16999995708466
BM,36.06,-118.39,1927,2,0.495999991893768
BM,36.06,-118.39,1927,3,1.01999998092651
BM,36.06,-118.39,1927,4,1.30900001525879
BM,36.06,-118.39,1927,5,1.66100001335144
BM,36.06,-118.39,1927,6,2.31100010871887
BM,36.06,-118.39,1927,7,3.34299993515015
BM,36.06,-118.39,1927,8,3.16700005531311
BM,36.06,-118.39,1927,9,2.32200002670288
BM,36.06,-118.39,1927,10,2.14599990844727
BM,36.06,-118.39,1927,11,1.57700002193451
BM,36.06,-118.39,1927,12,1.23099994659424
BM,36.06,-118.39,1928,1,1.41600000858307
BM,36.06,-118.39,1928,2,0.879000008106232
BM,36.06,-118.39,1928,3,0.952000021934509
BM,36.06,-118.39,1928,4,1.29700005054474
BM,36.06,-118.39,1928,5,1.85599994659424
BM,36.06,-118.39,1928,6,2.64499998092651
BM,36.06,-118.39,1928,7,3.24799990653992
BM,36.06,-118.39,1928,8,4.07600021362305
BM,36.06,-118.39,1928,9,4.10500001907349
BM,36.06,-118.39,1928,10,2.01099991798401
BM,36.06,-118.39,1928,11,1.39600002765656
BM,36.06,-118.39,1928,12,1.17799997329712
BM,36.06,-118.39,1929,1,1.17799997329712
BM,36.06,-118.39,1929,2,0.671000003814697
BM,36.06,-118.39,1929,3,0.978999972343445
BM,36.06,-118.39,1929,4,1.14300000667572
BM,36.06,-118.39,1929,5,1.47099995613098
BM,36.06,-118.39,1929,6,1.45899999141693
BM,36.06,-118.39,1929,7,3.03200006484985
BM,36.06,-118.39,1929,8,4.75500011444092
BM,36.06,-118.39,1929,9,3.51699995994568
BM,36.06,-118.39,1929,10,2.81399989128113
BM,36.06,-118.39,1929,11,2.3289999961853
BM,36.06,-118.39,1929,12,2.06299996376038
BM,36.06,-118.39,1930,1,0.873000025749207
BM,36.06,-118.39,1930,2,1.01400005817413
BM,36.06,-118.39,1930,3,1.11699998378754
BM,36.06,-118.39,1930,4,1.2940000295639
BM,36.06,-118.39,1930,5,0.897000014781952
BM,36.06,-118.39,1930,6,2.99000000953674
BM,36.06,-118.39,1930,7,3.15000009536743
BM,36.06,-118.39,1930,8,3.625
BM,36.06,-118.39,1930,9,2.14100003242493
BM,36.06,-118.39,1930,10,2.21700000762939
BM,36.06,-118.39,1930,11,2.06200003623962
BM,36.06,-118.39,1930,12,1.70099997520447
BM,36.06,-118.39,1931,1,1.37899994850159
BM,36.06,-118.39,1931,2,0.524999976158142
BM,36.06,-118.39,1931,3,1.29200005531311
BM,36.06,-118.39,1931,4,1.74000000953674
BM,36.06,-118.39,1931,5,1.86500000953674
BM,36.06,-118.39,1931,6,1.68700003623962
BM,36.06,-118.39,1931,7,4.64499998092651
BM,36.06,-118.39,1931,8,5.01000022888184
BM,36.06,-118.39,1931,9,2.85599994659424
BM,36.06,-118.39,1931,10,2.24399995803833
BM,36.06,-118.39,1931,11,1.22000002861023
BM,36.06,-118.39,1931,12,1.05200004577637
BM,36.06,-118.39,1932,1,0.745000004768372
BM,36.06,-118.39,1932,2,0.560000002384186
BM,36.06,-118.39,1932,3,1.16600000858307
BM,36.06,-118.39,1932,4,1.28199994564056
BM,36.06,-118.39,1932,5,0.901000022888184
BM,36.06,-118.39,1932,6,2.26099991798401
BM,36.06,-118.39,1932,7,3.82599997520447
BM,36.06,-118.39,1932,8,4.3769998550415
BM,36.06,-118.39,1932,9,4.73899984359741
BM,36.06,-118.39,1932,10,2.54299998283386
BM,36.06,-118.39,1932,11,2.77699995040894
BM,36.06,-118.39,1932,12,1.11699998378754
BM,36.06,-118.39,1933,1,0.869000017642975
BM,36.06,-118.39,1933,2,0.565999984741211
BM,36.06,-118.39,1933,3,1.04900002479553
BM,36.06,-118.39,1933,4,1.25199997425079
BM,36.06,-118.39,1933,5,1.8860000371933
BM,36.06,-118.39,1933,6,2.39400005340576
BM,36.06,-118.39,1933,7,5.23000001907349
BM,36.06,-118.39,1933,8,5.23299980163574
BM,36.06,-118.39,1933,9,4.01399993896484
BM,36.06,-118.39,1933,10,3.72199988365173
BM,36.06,-118.39,1933,11,3.02099990844727
BM,36.06,-118.39,1933,12,1.74899995326996
BM,36.06,-118.39,1934,1,1.56299996376038
BM,36.06,-118.39,1934,2,0.880999982357025
BM,36.06,-118.39,1934,3,1.75899994373322
BM,36.06,-118.39,1934,4,2.03999996185303
BM,36.06,-118.39,1934,5,2.1029999256134
BM,36.06,-118.39,1934,6,1.62999999523163
BM,36.06,-118.39,1934,7,3.34800004959106
BM,36.06,-118.39,1934,8,4.75
BM,36.06,-118.39,1934,9,4.35799980163574
BM,36.06,-118.39,1934,10,2.38800001144409
BM,36.06,-118.39,1934,11,1.58599996566772
BM,36.06,-118.39,1934,12,1.54999995231628
BM,36.06,-118.39,1935,1,1.08299994468689
BM,36.06,-118.39,1935,2,0.986999988555908
BM,36.06,-118.39,1935,3,0.940999984741211
BM,36.06,-118.39,1935,4,1.08299994468689
BM,36.06,-118.39,1935,5,1.38300001621246
BM,36.06,-118.39,1935,6,3.31500005722046
BM,36.06,-118.39,1935,7,2.08599996566772
BM,36.06,-118.39,1935,8,3.74399995803833
BM,36.06,-118.39,1935,9,3.86299991607666
BM,36.06,-118.39,1935,10,1.90299999713898
BM,36.06,-118.39,1935,11,1.77699995040894
BM,36.06,-118.39,1935,12,1.74600005149841
BM,36.06,-118.39,1938,1,1.58299994468689
BM,36.06,-118.39,1938,2,0.48199999332428
BM,36.06,-118.39,1938,3,0.533999979496002
BM,36.06,-118.39,1938,4,1.04799997806549
BM,36.06,-118.39,1938,5,0.954999983310699
BM,36.06,-118.39,1938,6,2.52800011634827
BM,36.06,-118.39,1938,7,3.15400004386902
BM,36.06,-118.39,1938,8,4.36899995803833
BM,36.06,-118.39,1938,9,4.03599977493286
BM,36.06,-118.39,1938,10,1.69900000095367
BM,36.06,-118.39,1938,11,1.91199994087219
BM,36.06,-118.39,1938,12,1.74600005149841
BM,36.06,-118.39,1940,1,1.44400000572205
BM,36.06,-118.39,1940,2,0.428000003099442
BM,36.06,-118.39,1940,3,1.10000002384186
BM,36.06,-118.39,1940,4,1.1710000038147
BM,36.06,-118.39,1940,5,2.30900001525879
BM,36.06,-118.39,1940,6,3.79699993133545
BM,36.06,-118.39,1940,7,4.85500001907349
BM,36.06,-118.39,1940,8,4.39200019836426
BM,36.06,-118.39,1940,9,2.21799993515015
BM,36.06,-118.39,1940,10,2.24799990653992
BM,36.06,-118.39,1940,11,1.66600000858307
BM,36.06,-118.39,1940,12,1.64699995517731
BM,36.06,-118.39,1941,1,1.01900005340576
BM,36.06,-118.39,1941,2,0.568000018596649
BM,36.06,-118.39,1941,3,0.742999970912933
BM,36.06,-118.39,1941,4,0.518999993801117
BM,36.06,-118.39,1941,5,1.07700002193451
BM,36.06,-118.39,1941,6,1.60000002384186
BM,36.06,-118.39,1941,7,4.80399990081787
BM,36.06,-118.39,1941,8,5.69399976730347
BM,36.06,-118.39,1941,9,2.68199992179871
BM,36.06,-118.39,1941,10,1.51400005817413
BM,36.06,-118.39,1941,11,1.83399999141693
BM,36.06,-118.39,1941,12,0.925999999046326
BM,36.06,-118.39,1942,1,1.19400000572205
BM,36.06,-118.39,1942,2,0.538999974727631
BM,36.06,-118.39,1942,3,1.03400003910065
BM,36.06,-118.39,1942,4,0.493999987840652
BM,36.06,-118.39,1942,5,0.449999988079071
BM,36.06,-118.39,1942,6,1.74300003051758
BM,36.06,-118.39,1942,7,4.74100017547607
BM,36.06,-118.39,1942,8,4.61700010299683
BM,36.06,-118.39,1942,9,2.46099996566772
BM,36.06,-118.39,1942,10,3.40400004386902
BM,36.06,-118.39,1942,11,1.56299996376038
BM,36.06,-118.39,1942,12,1.41700005531311
BM,36.06,-118.39,1943,1,1.25600004196167
BM,36.06,-118.39,1943,2,0.71399998664856
BM,36.06,-118.39,1943,3,0.75900000333786
BM,36.06,-118.39,1943,4,1.29799997806549
BM,36.06,-118.39,1943,5,1.6710000038147
BM,36.06,-118.39,1943,6,0.958000004291534
BM,36.06,-118.39,1943,7,2.88599991798401
BM,36.06,-118.39,1943,8,1.79999995231628
BM,36.06,-118.39,1943,9,3.46799993515015
BM,36.06,-118.39,1943,10,1.60199999809265
BM,36.06,-118.39,1943,11,1.65100002288818
BM,36.06,-118.39,1943,12,0.850000023841858
BM,36.06,-118.39,1945,1,0.964999973773956
BM,36.06,-118.39,1945,2,0.546999990940094
BM,36.06,-118.39,1945,3,0.460999995470047
BM,36.06,-118.39,1945,4,1.08200001716614
BM,36.06,-118.39,1945,5,0.342999994754791
BM,36.06,-118.39,1945,6,2.14599990844727
BM,36.06,-118.39,1945,7,3.1710000038147
BM,36.06,-118.39,1945,8,4.3270001411438
BM,36.06,-118.39,1945,9,3.94400000572205
BM,36.06,-118.39,1945,10,1.89199995994568
BM,36.06,-118.39,1945,11,0.958000004291534
BM,36.06,-118.39,1945,12,1.08899998664856
BM,36.06,-118.39,1946,1,1.20099997520447
BM,36.06,-118.39,1946,2,0.644999980926514
BM,36.06,-118.39,1946,3,0.837999999523163
BM,36.06,-118.39,1946,4,1.27699995040894
BM,36.06,-118.39,1946,5,1.10899996757507
BM,36.06,-118.39,1946,6,1.71399998664856
BM,36.06,-118.39,1946,7,2.15400004386902
BM,36.06,-118.39,1946,8,5.47900009155273
BM,36.06,-118.39,1946,9,2.625
BM,36.06,-118.39,1946,10,1.32400000095367
BM,36.06,-118.39,1946,11,1.14199995994568
BM,36.06,-118.39,1946,12,1.49699997901917
BM,36.06,-118.39,1947,1,1.15699994564056
BM,36.06,-118.39,1947,2,0.944999992847443
BM,36.06,-118.39,1947,3,1.09500002861023
BM,36.06,-118.39,1947,4,1.17700004577637
BM,36.06,-118.39,1947,5,1.78100001811981
BM,36.06,-118.39,1947,6,0.806999981403351
BM,36.06,-118.39,1947,7,1.38699996471405
BM,36.06,-118.39,1947,8,1.46700000762939
BM,36.06,-118.39,1947,9,3.70600008964539
BM,36.06,-118.39,1947,10,1.52300000190735
BM,36.06,-118.39,1947,11,1.26699995994568
BM,36.06,-118.39,1947,12,1.03900003433228
BM,36.06,-118.39,1948,1,1.76999998092651
BM,36.06,-118.39,1948,2,0.0529999993741512
BM,36.06,-118.39,1948,3,0.404000014066696
BM,36.06,-118.39,1948,4,0.41100001335144
BM,36.06,-118.39,1948,5,0.805999994277954
BM,36.06,-118.39,1948,6,0.813000023365021
BM,36.06,-118.39,1948,7,3.5699999332428
BM,36.06,-118.39,1948,8,4.61800003051758
BM,36.06,-118.39,1948,9,3.71499991416931
BM,36.06,-118.39,1948,10,1.35599994659424
BM,36.06,-118.39,1948,11,1.63999998569489
BM,36.06,-118.39,1948,12,0.723999977111816
BM,36.06,-118.39,1950,1,0.712000012397766
BM,36.06,-118.39,1950,2,0.540000021457672
BM,36.06,-118.39,1950,3,1.04100000858307
BM,36.06,-118.39,1950,4,1.04299998283386
BM,36.06,-118.39,1950,5,1.12800002098083
BM,36.06,-118.39,1950,6,2.46499991416931
BM,36.06,-118.39,1950,7,1.40100002288818
BM,36.06,-118.39,1950,8,4.49900007247925
BM,36.06,-118.39,1950,9,2.64400005340576
BM,36.06,-118.39,1950,10,2.00399994850159
BM,36.06,-118.39,1950,11,1.87300002574921
BM,36.06,-118.39,1950,12,1.95200002193451
BM,36.06,-118.39,1951,1,0.584999978542328
BM,36.06,-118.39,1951,2,0.199000000953674
BM,36.06,-118.39,1951,3,1.11600005626678
BM,36.06,-118.39,1951,4,0.00400000018998981
BM,36.06,-118.39,1951,5,0.455000013113022
BM,36.06,-118.39,1951,6,1.45500004291534
BM,36.06,-118.39,1951,7,2.77800011634827
BM,36.06,-118.39,1951,8,3.11199998855591
BM,36.06,-118.39,1951,9,4.77299976348877
BM,36.06,-118.39,1951,10,1.99500000476837
BM,36.06,-118.39,1951,11,1.26999998092651
BM,36.06,-118.39,1951,12,0.505999982357025
BM,36.06,-118.39,1952,1,0.638999998569489
BM,36.06,-118.39,1952,2,0.296000003814697
BM,36.06,-118.39,1952,3,0.0219999998807907
BM,36.06,-118.39,1952,4,0.0020000000949949
BM,36.06,-118.39,1952,5,1.06400001049042
BM,36.06,-118.39,1952,6,1.0460000038147
BM,36.06,-118.39,1952,7,1.14699995517731
BM,36.06,-118.39,1952,8,2.51699995994568
BM,36.06,-118.39,1952,9,2.125
BM,36.06,-118.39,1952,10,3.87199997901917
BM,36.06,-118.39,1952,11,0.824999988079071
BM,36.06,-118.39,1952,12,0.368000000715256
BM,36.06,-118.39,1953,1,1.09399998188019
BM,36.06,-118.39,1953,2,1.08800005912781
BM,36.06,-118.39,1953,3,0.723999977111816
BM,36.06,-118.39,1953,4,0.29899999499321
BM,36.06,-118.39,1953,5,0.324999988079071
BM,36.06,-118.39,1953,6,2.54999995231628
BM,36.06,-118.39,1953,7,2.31900000572205
BM,36.06,-118.39,1953,8,2.84200000762939
BM,36.06,-118.39,1953,9,4.31400012969971
BM,36.06,-118.39,1953,10,1.67599999904633
BM,36.06,-118.39,1953,11,0.477999985218048
BM,36.06,-118.39,1953,12,1.87000000476837
BM,36.06,-118.39,1955,1,0.517000019550323
BM,36.06,-118.39,1955,2,0.602999985218048
BM,36.06,-118.39,1955,3,0.634999990463257
BM,36.06,-118.39,1955,4,0.453999996185303
BM,36.06,-118.39,1955,5,0.202000007033348
BM,36.06,-118.39,1955,6,1.01900005340576
BM,36.06,-118.39,1955,7,2.35700011253357
BM,36.06,-118.39,1955,8,2.46199989318848
BM,36.06,-118.39,1955,9,3.45799994468689
BM,36.06,-118.39,1955,10,2.38299989700317
BM,36.06,-118.39,1955,11,1.10500001907349
BM,36.06,-118.39,1955,12,0.620999991893768
BM,36.06,-118.39,1958,1,1.08800005912781
BM,36.06,-118.39,1958,2,0
BM,36.06,-118.39,1958,3,0
BM,36.06,-118.39,1958,4,0.451999992132187
BM,36.06,-118.39,1958,5,0.603999972343445
BM,36.06,-118.39,1958,6,1.09300005435944
BM,36.06,-118.39,1958,7,2.65799999237061
BM,36.06,-118.39,1958,8,1.57599997520447
BM,36.06,-118.39,1958,9,2.66700005531311
BM,36.06,-118.39,1958,10,2.37700009346008
BM,36.06,-118.39,1958,11,1.34200000762939
BM,36.06,-118.39,1958,12,2.42899990081787
BM,36.06,-118.39,1959,1,1.14100003242493
BM,36.06,-118.39,1959,2,0
BM,36.06,-118.39,1959,3,1.26499998569489
BM,36.06,-118.39,1959,4,1.46599996089935
BM,36.06,-118.39,1959,5,0.518999993801117
BM,36.06,-118.39,1959,6,1.75399994850159
BM,36.06,-118.39,1959,7,2.53600001335144
BM,36.06,-118.39,1959,8,2.77099990844727
BM,36.06,-118.39,1959,9,2.95499992370605
BM,36.06,-118.39,1959,10,2.57299995422363
BM,36.06,-118.39,1959,11,2.44400000572205
BM,36.06,-118.39,1959,12,1.63999998569489
BM,36.06,-118.39,1961,1,1.95500004291534
BM,36.06,-118.39,1961,2,0.485000014305115
BM,36.06,-118.39,1961,3,0.181999996304512
BM,36.06,-118.39,1961,4,1.25600004196167
BM,36.06,-118.39,1961,5,1.22000002861023
BM,36.06,-118.39,1961,6,2.1949999332428
BM,36.06,-118.39,1961,7,2.98499989509583
BM,36.06,-118.39,1961,8,1.59500002861023
BM,36.06,-118.39,1961,9,3.55699992179871
BM,36.06,-118.39,1961,10,2.44899988174438
BM,36.06,-118.39,1961,11,1.28299999237061
BM,36.06,-118.39,1961,12,0.834999978542328
BM,36.06,-118.39,1962,1,1.22200000286102
BM,36.06,-118.39,1962,2,0
BM,36.06,-118.39,1962,3,0.526000022888184
BM,36.06,-118.39,1962,4,2.06200003623962
BM,36.06,-118.39,1962,5,1.08000004291534
BM,36.06,-118.39,1962,6,2.10999989509583
BM,36.06,-118.39,1962,7,2.83100008964539
BM,36.06,-118.39,1962,8,4.26900005340576
BM,36.06,-118.39,1962,9,3.68499994277954
BM,36.06,-118.39,1962,10,2.47099995613098
BM,36.06,-118.39,1962,11,1.66400003433228
BM,36.06,-118.39,1962,12,2.05200004577637
BM,36.06,-118.39,1963,1,1.72599995136261
BM,36.06,-118.39,1963,2,0.903999984264374
BM,36.06,-118.39,1963,3,0.915000021457672
BM,36.06,-118.39,1963,4,0.681999981403351
BM,36.06,-118.39,1963,5,1.77799999713898
BM,36.06,-118.39,1963,6,0.666000008583069
BM,36.06,-118.39,1963,7,3.28099989891052
BM,36.06,-118.39,1963,8,2.54699993133545
BM,36.06,-118.39,1963,9,2.44799995422363
BM,36.06,-118.39,1963,10,1.44700002670288
BM,36.06,-118.39,1963,11,1.13800001144409
BM,36.06,-118.39,1963,12,2.00699996948242
BM,36.06,-118.39,1966,1,1.18700003623962
BM,36.06,-118.39,1966,2,0.783999979496002
BM,36.06,-118.39,1966,3,1.36600005626678
BM,36.06,-118.39,1966,4,2.44300007820129
BM,36.06,-118.39,1966,5,2.01799988746643
BM,36.06,-118.39,1966,6,2.73000001907349
BM,36.06,-118.39,1966,7,3.39499998092651
BM,36.06,-118.39,1966,8,4.64400005340576
BM,36.06,-118.39,1966,9,3.37299990653992
BM,36.06,-118.39,1966,10,2.83400011062622
BM,36.06,-118.39,1966,11,0.792999982833862
BM,36.06,-118.39,1966,12,1.40299999713898
BM,36.06,-118.39,1967,1,1.41799998283386
BM,36.06,-118.39,1967,2,1.48500001430511
BM,36.06,-118.39,1967,3,0.857999980449677
BM,36.06,-118.39,1967,4,0.0599999986588955
BM,36.06,-118.39,1967,5,0.879999995231628
BM,36.06,-118.39,1967,6,0.609000027179718
BM,36.06,-118.39,1967,7,3.17300009727478
BM,36.06,-118.39,1967,8,4.2649998664856
BM,36.06,-118.39,1967,9,2.08500003814697
BM,36.06,-118.39,1967,10,4.15199995040894
BM,36.06,-118.39,1967,11,1.24199998378754
BM,36.06,-118.39,1967,12,0.598999977111816
BM,36.06,-118.39,1968,1,1.16299998760223
BM,36.06,-118.39,1968,2,0
BM,36.06,-118.39,1968,3,0.493000000715256
BM,36.06,-118.39,1968,4,1.17299997806549
BM,36.06,-118.39,1968,5,1.58700001239777
BM,36.06,-118.39,1968,6,3.31900000572205
BM,36.06,-118.39,1968,7,3.11800003051758
BM,36.06,-118.39,1968,8,2.81699991226196
BM,36.06,-118.39,1968,9,4.47700023651123
BM,36.06,-118.39,1968,10,2.83699989318848
BM,36.06,-118.39,1968,11,1.29100000858307
BM,36.06,-118.39,1968,12,0.921999990940094
BM,36.06,-118.39,1970,1,0.856000006198883
BM,36.06,-118.39,1970,2,0.479999989271164
BM,36.06,-118.39,1970,3,0.808000028133392
BM,36.06,-118.39,1970,4,0.953000009059906
BM,36.06,-118.39,1970,5,1.91499996185303
BM,36.06,-118.39,1970,6,1.86300003528595
BM,36.06,-118.39,1970,7,2.66700005531311
BM,36.06,-118.39,1970,8,3.67300009727478
BM,36.06,-118.39,1970,9,4.86100006103516
BM,36.06,-118.39,1970,10,2.95900011062622
BM,36.06,-118.39,1970,11,1.0900000333786
BM,36.06,-118.39,1970,12,0.514999985694885
BM,36.06,-118.39,1972,1,1.36099994182587
BM,36.06,-118.39,1972,2,0.541999995708466
BM,36.06,-118.39,1972,3,1.67900002002716
BM,36.06,-118.39,1972,4,1.44400000572205
BM,36.06,-118.39,1972,5,1.76300001144409
BM,36.06,-118.39,1972,6,1.30200004577637
BM,36.06,-118.39,1972,7,4.52400016784668
BM,36.06,-118.39,1972,8,4.44799995422363
BM,36.06,-118.39,1972,9,2.625
BM,36.06,-118.39,1972,10,0.467999994754791
BM,36.06,-118.39,1972,11,0.555000007152557
BM,36.06,-118.39,1972,12,0.629000008106232
BM,36.06,-118.39,1973,1,0.658999979496002
BM,36.06,-118.39,1973,2,0.00100000004749745
BM,36.06,-118.39,1973,3,0.0640000030398369
BM,36.06,-118.39,1973,4,1.33299994468689
BM,36.06,-118.39,1973,5,1.33899998664856
BM,36.06,-118.39,1973,6,3.92700004577637
BM,36.06,-118.39,1973,7,4.27799987792969
BM,36.06,-118.39,1973,8,4.73999977111816
BM,36.06,-118.39,1973,9,5.23699998855591
BM,36.06,-118.39,1973,10,3.75200009346008
BM,36.06,-118.39,1973,11,0.685000002384186
BM,36.06,-118.39,1973,12,1.65499997138977
BM,36.06,-118.39,1974,1,0.782000005245209
BM,36.06,-118.39,1974,2,1.32799994945526
BM,36.06,-118.39,1974,3,0.575999975204468
BM,36.06,-118.39,1974,4,1.55599999427795
BM,36.06,-118.39,1974,5,2.68799996376038
BM,36.06,-118.39,1974,6,4.71700000762939
BM,36.06,-118.39,1974,7,3.44899988174438
BM,36.06,-118.39,1974,8,5.78999996185303
BM,36.06,-118.39,1974,9,5.78200006484985
BM,36.06,-118.39,1974,10,2.10800004005432
BM,36.06,-118.39,1974,11,1.89400005340576
BM,36.06,-118.39,1974,12,1.44799995422363
BM,36.06,-118.39,1976,1,2.29699993133545
BM,36.06,-118.39,1976,2,0.871999979019165
BM,36.06,-118.39,1976,3,1.4539999961853
BM,36.06,-118.39,1976,4,1.06599998474121
BM,36.06,-118.39,1976,5,2.49600005149841
BM,36.06,-118.39,1976,6,3.30100011825562
BM,36.06,-118.39,1976,7,2.88100004196167
BM,36.06,-118.39,1976,8,3.17300009727478
BM,36.06,-118.39,1976,9,2.07200002670288
BM,36.06,-118.39,1976,10,2.69300007820129
BM,36.06,-118.39,1976,11,2.58899998664856
BM,36.06,-118.39,1976,12,3.34200000762939
BM,36.06,-118.39,1979,1,0.795000016689301
BM,36.06,-118.39,1979,2,1.12999999523163
BM,36.06,-118.39,1979,3,0.25900000333786
BM,36.06,-118.39,1979,4,1.61899995803833
BM,36.06,-118.39,1979,5,1.58399999141693
BM,36.06,-118.39,1979,6,3.90000009536743
BM,36.06,-118.39,1979,7,4.61499977111816
BM,36.06,-118.39,1979,8,3.77800011634827
BM,36.06,-118.39,1979,9,4.71500015258789
BM,36.06,-118.39,1979,10,2.79500007629395
BM,36.06,-118.39,1979,11,2.27300000190735
BM,36.06,-118.39,1979,12,2.60899996757507
BM,36.06,-118.39,1980,1,1.25699996948242
BM,36.06,-118.39,1980,2,1.39699995517731
BM,36.06,-118.39,1980,3,0.916999995708466
BM,36.06,-118.39,1980,4,1.89100003242493
BM,36.06,-118.39,1980,5,0.0359999984502792
BM,36.06,-118.39,1980,6,3.74799990653992
BM,36.06,-118.39,1980,7,4.44399976730347
BM,36.06,-118.39,1980,8,5.22800016403198
BM,36.06,-118.39,1980,9,4.31400012969971
BM,36.06,-118.39,1980,10,3.44400000572205
BM,36.06,-118.39,1980,11,3.67700004577637
BM,36.06,-118.39,1980,12,2.83400011062622
BM,36.06,-118.39,1981,1,1.13399994373322
BM,36.06,-118.39,1981,2,1.58200001716614
BM,36.06,-118.39,1981,3,0.31700000166893
BM,36.06,-118.39,1981,4,1.82700002193451
BM,36.06,-118.39,1981,5,1.71899998188019
BM,36.06,-118.39,1981,6,4.27500009536743
BM,36.06,-118.39,1981,7,5.08799982070923
BM,36.06,-118.39,1981,8,5.84800004959106
BM,36.06,-118.39,1981,9,3.83200001716614
BM,36.06,-118.39,1981,10,1.63800001144409
BM,36.06,-118.39,1981,11,1.4099999666214
BM,36.06,-118.39,1981,12,1.79100000858307
BM,36.06,-118.39,1982,1,1.29700005054474
BM,36.06,-118.39,1982,2,0.809000015258789
BM,36.06,-118.39,1982,3,0.337999999523163
BM,36.06,-118.39,1982,4,1.3400000333786
BM,36.06,-118.39,1982,5,2.22699999809265
BM,36.06,-118.39,1982,6,1.89199995994568
BM,36.06,-118.39,1982,7,2.71000003814697
BM,36.06,-118.39,1982,8,3.71399998664856
BM,36.06,-118.39,1982,9,2.78600001335144
BM,36.06,-118.39,1982,10,2.5789999961853
BM,36.06,-118.39,1982,11,1.60300004482269
BM,36.06,-118.39,1982,12,1.47899997234344
BM,36.06,-118.39,1983,1,1.5460000038147
BM,36.06,-118.39,1983,2,0.578000009059906
BM,36.06,-118.39,1983,3,0.125
BM,36.06,-118.39,1983,4,0.606000006198883
BM,36.06,-118.39,1983,5,2.0220000743866
BM,36.06,-118.39,1983,6,3.01600003242493
BM,36.06,-118.39,1983,7,3.16499996185303
BM,36.06,-118.39,1983,8,2.47000002861023
BM,36.06,-118.39,1983,9,3.23900008201599
BM,36.06,-118.39,1983,10,1.85599994659424
BM,36.06,-118.39,1983,11,1.04700005054474
BM,36.06,-118.39,1983,12,0.899999976158142
BM,36.06,-118.39,1984,1,2.21199989318848
BM,36.06,-118.39,1984,2,1.82200002670288
BM,36.06,-118.39,1984,3,1.80900001525879
BM,36.06,-118.39,1984,4,1.30999994277954
BM,36.06,-118.39,1984,5,3.19700002670288
BM,36.06,-118.39,1984,6,2.80299997329712
BM,36.06,-118.39,1984,7,1.932000041008
BM,36.06,-118.39,1984,8,2.49600005149841
BM,36.06,-118.39,1984,9,3.01600003242493
BM,36.06,-118.39,1984,10,1.60500001907349
BM,36.06,-118.39,1984,11,1.15900003910065
BM,36.06,-118.39,1984,12,1.05599999427795
BM,36.06,-118.39,1985,1,1.49800002574921
BM,36.06,-118.39,1985,2,1.31500005722046
BM,36.06,-118.39,1985,3,0.624000012874603
BM,36.06,-118.39,1985,4,1.77199995517731
BM,36.06,-118.39,1985,5,2.44600009918213
BM,36.06,-118.39,1985,6,3.47199988365173
BM,36.06,-118.39,1985,7,3.23099994659424
BM,36.06,-118.39,1985,8,5.0939998626709
BM,36.06,-118.39,1985,9,2.51099991798401
BM,36.06,-118.39,1985,10,2.22699999809265
BM,36.06,-118.39,1985,11,0.948000013828278
BM,36.06,-118.39,1985,12,2.21799993515015
BM,36.06,-118.39,1986,1,2.15599989891052
BM,36.06,-118.39,1986,2,0.514999985694885
BM,36.06,-118.39,1986,3,0.845000028610229
BM,36.06,-118.39,1986,4,1.27499997615814
BM,36.06,-118.39,1986,5,2.59800004959106
BM,36.06,-118.39,1986,6,3.63899993896484
BM,36.06,-118.39,1986,7,2.57299995422363
BM,36.06,-118.39,1986,8,4.56699991226196
BM,36.06,-118.39,1986,9,2.53699994087219
BM,36.06,-118.39,1986,10,1.95700001716614
BM,36.06,-118.39,1986,11,1.70299994945526
BM,36.06,-118.39,1986,12,1.90199995040894
BM,36.06,-118.39,1987,1,1.41400003433228
BM,36.06,-118.39,1987,2,1.1139999628067
BM,36.06,-118.39,1987,3,0.870000004768372
BM,36.06,-118.39,1987,4,2.09400010108948
BM,36.06,-118.39,1987,5,0.522000014781952
BM,36.06,-118.39,1987,6,3.03900003433228
BM,36.06,-118.39,1987,7,3.08999991416931
BM,36.06,-118.39,1987,8,4.70599985122681
BM,36.06,-118.39,1987,9,4.30600023269653
BM,36.06,-118.39,1987,10,2.20600008964539
BM,36.06,-118.39,1987,11,1.09899997711182
BM,36.06,-118.39,1987,12,0.694999992847443
BM,36.06,-118.39,1988,1,1.48599994182587
BM,36.06,-118.39,1988,2,1.76900005340576
BM,36.06,-118.39,1988,3,1.60099995136261
BM,36.06,-118.39,1988,4,1.69000005722046
BM,36.06,-118.39,1988,5,2.40700006484985
BM,36.06,-118.39,1988,6,2.38899993896484
BM,36.06,-118.39,1988,7,3.59200000762939
BM,36.06,-118.39,1988,8,2.90400004386902
BM,36.06,-118.39,1988,9,4.5479998588562
BM,36.06,-118.39,1988,10,4.66200017929077
BM,36.06,-118.39,1988,11,1.05900001525879
BM,36.06,-118.39,1988,12,1.62699997425079
BM,36.06,-118.39,1989,1,1.37100005149841
BM,36.06,-118.39,1989,2,0.649999976158142
BM,36.06,-118.39,1989,3,1.54100000858307
BM,36.06,-118.39,1989,4,3.21099996566772
BM,36.06,-118.39,1989,5,2.03099989891052
BM,36.06,-118.39,1989,6,2.90899991989136
BM,36.06,-118.39,1989,7,6.82200002670288
BM,36.06,-118.39,1989,8,3.76500010490417
BM,36.06,-118.39,1989,9,4.07200002670288
BM,36.06,-118.39,1989,10,2.50099992752075
BM,36.06,-118.39,1989,11,3.20700001716614
BM,36.06,-118.39,1989,12,3.48699998855591
BM,36.06,-118.39,1990,1,1.7960000038147
BM,36.06,-118.39,1990,2,0.929000020027161
BM,36.06,-118.39,1990,3,1.7960000038147
BM,36.06,-118.39,1990,4,1.15799999237061
BM,36.06,-118.39,1990,5,1.94400000572205
BM,36.06,-118.39,1990,6,4.36899995803833
BM,36.06,-118.39,1990,7,3.15100002288818
BM,36.06,-118.39,1990,8,4.98199987411499
BM,36.06,-118.39,1990,9,2.69899988174438
BM,36.06,-118.39,1990,10,5.01300001144409
BM,36.06,-118.39,1990,11,2.60999989509583
BM,36.06,-118.39,1990,12,2.28800010681152
BM,36.06,-118.39,1991,1,1.76800000667572
BM,36.06,-118.39,1991,2,2.36100006103516
BM,36.06,-118.39,1991,3,0.25
BM,36.06,-118.39,1991,4,1.54499995708466
BM,36.06,-118.39,1991,5,1.42599999904633
BM,36.06,-118.39,1991,6,3.53399991989136
BM,36.06,-118.39,1991,7,4.00099992752075
BM,36.06,-118.39,1991,8,3.43199992179871
BM,36.06,-118.39,1991,9,3.82699990272522
BM,36.06,-118.39,1991,10,3.90599989891052
BM,36.06,-118.39,1991,11,2.18600010871887
BM,36.06,-118.39,1991,12,2.26799988746643
BM,36.06,-118.39,1992,1,2.3510000705719
BM,36.06,-118.39,1992,2,0.316000014543533
BM,36.06,-118.39,1992,3,0.00499999988824129
BM,36.06,-118.39,1992,4,1.60099995136261
BM,36.06,-118.39,1992,5,1.88999998569489
BM,36.06,-118.39,1992,6,1.22800004482269
BM,36.06,-118.39,1992,7,1.77400004863739
BM,36.06,-118.39,1992,8,3.78099989891052
BM,36.06,-118.39,1992,9,5.72100019454956
BM,36.06,-118.39,1992,10,2.95700001716614
BM,36.06,-118.39,1992,11,2.51399993896484
BM,36.06,-118.39,1992,12,1.15699994564056
BM,36.06,-118.39,1993,1,1.00899994373322
BM,36.06,-118.39,1993,2,0
BM,36.06,-118.39,1993,3,1.22000002861023
BM,36.06,-118.39,1993,4,1.86899995803833
BM,36.06,-118.39,1993,5,2.29099988937378
BM,36.06,-118.39,1993,6,3.08899998664856
BM,36.06,-118.39,1993,7,5.96799993515015
BM,36.06,-118.39,1993,8,3.91400003433228
BM,36.06,-118.39,1993,9,5.1710000038147
BM,36.06,-118.39,1993,10,2.38899993896484
BM,36.06,-118.39,1993,11,2.7279999256134
BM,36.06,-118.39,1993,12,2.1470000743866
BM,36.06,-118.39,1994,1,2.62599992752075
BM,36.06,-118.39,1994,2,0.629999995231628
BM,36.06,-118.39,1994,3,1.22599995136261
BM,36.06,-118.39,1994,4,0.824000000953674
BM,36.06,-118.39,1994,5,0.616999983787537
BM,36.06,-118.39,1994,6,4.72900009155273
BM,36.06,-118.39,1994,7,6.41800022125244
BM,36.06,-118.39,1994,8,6.44000005722046
BM,36.06,-118.39,1994,9,3.38299989700317
BM,36.06,-118.39,1994,10,1.99699997901917
BM,36.06,-118.39,1994,11,1.17400002479553
BM,36.06,-118.39,1994,12,1.19799995422363
BM,36.06,-118.39,1995,1,0.52700001001358
BM,36.06,-118.39,1995,2,1.7960000038147
BM,36.06,-118.39,1995,3,0.493999987840652
BM,36.06,-118.39,1995,4,1.31099998950958
BM,36.06,-118.39,1995,5,0.00700000021606684
BM,36.06,-118.39,1995,6,1.63100004196167
BM,36.06,-118.39,1995,7,5.45499992370605
BM,36.06,-118.39,1995,8,7.79300022125244
BM,36.06,-118.39,1995,9,6.9060001373291
BM,36.06,-118.39,1995,10,2.93199992179871
BM,36.06,-118.39,1995,11,2.81599998474121
BM,36.06,-118.39,1995,12,1.51699995994568
BM,36.06,-118.39,1996,1,1.63699996471405
BM,36.06,-118.39,1996,2,0.00300000002607703
BM,36.06,-118.39,1996,3,1.35599994659424
BM,36.06,-118.39,1996,4,2.46499991416931
BM,36.06,-118.39,1996,5,2.11700010299683
BM,36.06,-118.39,1996,6,3.53900003433228
BM,36.06,-118.39,1996,7,4.53499984741211
BM,36.06,-118.39,1996,8,5.92500019073486
BM,36.06,-118.39,1996,9,5.19799995422363
BM,36.06,-118.39,1996,10,3.36100006103516
BM,36.06,-118.39,1996,11,1.72699999809265
BM,36.06,-118.39,1996,12,1.45200002193451
BM,36.06,-118.39,1997,1,0.609000027179718
BM,36.06,-118.39,1997,2,1.39100003242493
BM,36.06,-118.39,1997,3,3.13100004196167
BM,36.06,-118.39,1997,4,1.45799994468689
BM,36.06,-118.39,1997,5,2.875
BM,36.06,-118.39,1997,6,2.43400001525879
BM,36.06,-118.39,1997,7,3.12899994850159
BM,36.06,-118.39,1997,8,4.97900009155273
BM,36.06,-118.39,1997,9,1.85399997234344
BM,36.06,-118.39,1997,10,3.18400001525879
BM,36.06,-118.39,1997,11,2.37199997901917
BM,36.06,-118.39,1997,12,1.82500004768372
BM,36.06,-118.39,1998,1,1.12699997425079
BM,36.06,-118.39,1998,2,0.0160000007599592
BM,36.06,-118.39,1998,3,1.15100002288818
BM,36.06,-118.39,1998,4,1.1599999666214
BM,36.06,-118.39,1998,5,0.418999999761581
BM,36.06,-118.39,1998,6,1.47300004959106
BM,36.06,-118.39,1998,7,5.89300012588501
BM,36.06,-118.39,1998,8,7.61199998855591
BM,36.06,-118.39,1998,9,1.59200000762939
BM,36.06,-118.39,1998,10,2.75
BM,36.06,-118.39,1998,11,2.13299989700317
BM,36.06,-118.39,1998,12,2.42400002479553
BM,36.06,-118.39,1999,1,1.64199995994568
BM,36.06,-118.39,1999,2,0.991999983787537
BM,36.06,-118.39,1999,3,1.52699995040894
BM,36.06,-118.39,1999,4,1.26199996471405
BM,36.06,-118.39,1999,5,2.05699992179871
BM,36.06,-118.39,1999,6,4.05800008773804
BM,36.06,-118.39,1999,7,5.38299989700317
BM,36.06,-118.39,1999,8,5.62400007247925
BM,36.06,-118.39,1999,9,5.54099988937378
BM,36.06,-118.39,1999,10,5.48699998855591
BM,36.06,-118.39,1999,11,3.67600011825562
BM,36.06,-118.39,1999,12,3.02900004386902
BM,36.06,-118.39,2000,1,1.20000004768372
BM,36.06,-118.39,2000,2,0.758000016212463
BM,36.06,-118.39,2000,3,1.15499997138977
BM,36.06,-118.39,2000,4,2.01699995994568
BM,36.06,-118.39,2000,5,3.18300008773804
BM,36.06,-118.39,2000,6,4.16900014877319
BM,36.06,-118.39,2000,7,6.37400007247925
BM,36.06,-118.39,2000,8,6.75500011444092
BM,36.06,-118.39,2000,9,6.02899980545044
BM,36.06,-118.39,2000,10,2.27600002288818
BM,36.06,-118.39,2000,11,2.00699996948242
BM,36.06,-118.39,2000,12,3.30299997329712
BM,36.06,-118.39,2001,1,1.6139999628067
BM,36.06,-118.39,2001,2,0.814000010490417
BM,36.06,-118.39,2001,3,1.12999999523163
BM,36.06,-118.39,2001,4,1.52799999713898
BM,36.06,-118.39,2001,5,3.97499990463257
BM,36.06,-118.39,2001,6,5.49200010299683
BM,36.06,-118.39,2001,7,5.22900009155273
BM,36.06,-118.39,2001,8,8.16699981689453
BM,36.06,-118.39,2001,9,6.55499982833862
BM,36.06,-118.39,2001,10,4.80999994277954
BM,36.06,-118.39,2001,11,1.49199998378754
BM,36.06,-118.39,2001,12,1.14600002765656
BM,36.06,-118.39,2002,1,1.86699998378754
BM,36.06,-118.39,2002,2,2.08299994468689
BM,36.06,-118.39,2002,3,1.5900000333786
BM,36.06,-118.39,2002,4,2.01200008392334
BM,36.06,-118.39,2002,5,2.34400010108948
BM,36.06,-118.39,2002,6,4.22499990463257
BM,36.06,-118.39,2002,7,7.42600011825562
BM,36.06,-118.39,2002,8,7.93699979782104
BM,36.06,-118.39,2002,9,5.98199987411499
BM,36.06,-118.39,2002,10,3.25999999046326
BM,36.06,-118.39,2002,11,2.71700000762939
BM,36.06,-118.39,2002,12,0.930999994277954
BM,36.06,-118.39,2003,1,2.39599990844727
BM,36.06,-118.39,2003,2,0.773000001907349
BM,36.06,-118.39,2003,3,1.25800001621246
BM,36.06,-118.39,2003,4,0.652999997138977
BM,36.06,-118.39,2003,5,2.53200006484985
BM,36.06,-118.39,2003,6,2.85700011253357
BM,36.06,-118.39,2003,7,6.19399976730347
BM,36.06,-118.39,2003,8,4.82499980926514
BM,36.06,-118.39,2003,9,6.88000011444092
BM,36.06,-118.39,2003,10,6.47599983215332
BM,36.06,-118.39,2003,11,1.41700005531311
BM,36.06,-118.39,2003,12,1.50199997425079
BM,36.06,-118.39,2004,1,1.4539999961853
BM,36.06,-118.39,2004,2,0.546000003814697
BM,36.06,-118.39,2004,3,2.41199994087219
BM,36.06,-118.39,2004,4,2.01600003242493
BM,36.06,-118.39,2004,5,3.06599998474121
BM,36.06,-118.39,2004,6,3.93300008773804
BM,36.06,-118.39,2004,7,6.91099977493286
BM,36.06,-118.39,2004,8,5.7350001335144
BM,36.06,-118.39,2004,9,5.55800008773804
BM,36.06,-118.39,2004,10,2.20099997520447
BM,36.06,-118.39,2004,11,1.28299999237061
BM,36.06,-118.39,2004,12,1.86800003051758
BM,36.06,-118.39,2005,1,0.620000004768372
BM,36.06,-118.39,2005,2,0.477999985218048
BM,36.06,-118.39,2005,3,1.16299998760223
BM,36.06,-118.39,2005,4,1.56900000572205
BM,36.06,-118.39,2005,5,1.67799997329712
BM,36.06,-118.39,2005,6,1.92799997329712
BM,36.06,-118.39,2005,7,6.31899976730347
BM,36.06,-118.39,2005,8,6.28000020980835
BM,36.06,-118.39,2005,9,4.16699981689453
BM,36.06,-118.39,2005,10,2.64499998092651
BM,36.06,-118.39,2005,11,3.04699993133545
BM,36.06,-118.39,2005,12,1.71200001239777
BM,36.06,-118.39,2006,1,1.58000004291534
BM,36.06,-118.39,2006,2,1.94500005245209
BM,36.06,-118.39,2006,3,0.617999970912933
BM,36.06,-118.39,2006,4,0.685000002384186
BM,36.06,-118.39,2006,5,2.13299989700317
BM,36.06,-118.39,2006,6,4.66099977493286
BM,36.06,-118.39,2006,7,4.97900009155273
BM,36.06,-118.39,2006,8,6.52799987792969
BM,36.06,-118.39,2006,9,5.98400020599365
BM,36.06,-118.39,2006,10,2.84100008010864
BM,36.06,-118.39,2006,11,2.74499988555908
BM,36.06,-118.39,2006,12,2.33599996566772
BM,36.06,-118.39,2007,1,2.07399988174438
BM,36.06,-118.39,2007,2,1.32000005245209
BM,36.06,-118.39,2007,3,2.56200003623962
BM,36.06,-118.39,2007,4,1.90499997138977
BM,36.06,-118.39,2007,5,3.81500005722046
BM,36.06,-118.39,2007,6,5.66300010681152
BM,36.06,-118.39,2007,7,6.68699979782104
BM,36.06,-118.39,2007,8,7.03700017929077
BM,36.06,-118.39,2007,9,4.01399993896484
BM,36.06,-118.39,2007,10,3.31299996376038
BM,36.06,-118.39,2007,11,3.79299998283386
BM,36.06,-118.39,2007,12,1.20000004768372
BM,36.06,-118.39,2008,1,1.67200005054474
BM,36.06,-118.39,2008,2,1.65199995040894
BM,36.06,-118.39,2008,3,1.85099995136261
BM,36.06,-118.39,2008,4,2.61700010299683
BM,36.06,-118.39,2008,5,2.53600001335144
BM,36.06,-118.39,2008,6,6.0939998626709
BM,36.06,-118.39,2008,7,5.50600004196167
BM,36.06,-118.39,2008,8,6.7020001411438
BM,36.06,-118.39,2008,9,6.46700000762939
BM,36.06,-118.39,2008,10,4.34999990463257
BM,36.06,-118.39,2008,11,2.75300002098083
BM,36.06,-118.39,2008,12,1.98300004005432
BM,36.06,-118.39,2009,1,2.94400000572205
BM,36.06,-118.39,2009,2,1.15400004386902
BM,36.06,-118.39,2009,3,1.60599994659424
BM,36.06,-118.39,2009,4,1.81900000572205
BM,36.06,-118.39,2009,5,3.11100006103516
BM,36.06,-118.39,2009,6,2.68799996376038
BM,36.06,-118.39,2009,7,7.39599990844727
BM,36.06,-118.39,2009,8,7.09800004959106
BM,36.06,-118.39,2009,9,7.22700023651123
BM,36.06,-118.39,2009,10,3.04800009727478
BM,36.06,-118.39,2009,11,3.44799995422363
BM,36.06,-118.39,2009,12,1.56500005722046
BM,36.06,-118.39,2010,1,1.34599995613098
BM,36.06,-118.39,2010,2,0.794000029563904
BM,36.06,-118.39,2010,3,1.64400005340576
BM,36.06,-118.39,2010,4,1.26699995994568
BM,36.06,-118.39,2010,5,1.54499995708466
BM,36.06,-118.39,2010,6,3.00999999046326
BM,36.06,-118.39,2010,7,4.35099983215332
BM,36.06,-118.39,2010,8,5.93400001525879
BM,36.06,-118.39,2010,9,6.40999984741211
BM,36.06,-118.39,2010,10,1.9099999666214
BM,36.06,-118.39,2010,11,2.11299991607666
BM,36.06,-118.39,2010,12,1.15600001811981
BM,36.06,-118.39,2011,1,2.44099998474121
BM,36.06,-118.39,2011,2,1.31599998474121
BM,36.06,-118.39,2011,3,1.10699999332428
BM,36.06,-118.39,2011,4,1.50100004673004
BM,36.06,-118.39,2011,5,1.78600001335144
BM,36.06,-118.39,2011,6,3.19600009918213
BM,36.06,-118.39,2011,7,3.66899991035461
BM,36.06,-118.39,2011,8,5.98199987411499
BM,36.06,-118.39,2011,9,4.85300016403198
BM,36.06,-118.39,2011,10,3.35500001907349
BM,36.06,-118.39,2011,11,2.36400008201599
BM,36.06,-118.39,2011,12,2.55599999427795
BM,36.06,-118.39,2012,1,3.18700003623962
BM,36.06,-118.39,2012,2,1.56700003147125
BM,36.06,-118.39,2012,3,1.6360000371933
BM,36.06,-118.39,2012,4,2.08200001716614
BM,36.06,-118.39,2012,5,3.62299990653992
BM,36.06,-118.39,2012,6,4.62799978256226
BM,36.06,-118.39,2012,7,7.1729998588562
BM,36.06,-118.39,2012,8,6.94700002670288
BM,36.06,-118.39,2012,9,6.29199981689453
BM,36.06,-118.39,2012,10,3.41400003433228
BM,36.06,-118.39,2012,11,2.86199998855591
BM,36.06,-118.39,2012,12,0.945999979972839
BM,36.06,-118.39,1898,1,1.32299995422363
BM,36.06,-118.39,1898,2,1.66499996185303
BM,36.06,-118.39,1898,3,1.30299997329712
BM,36.06,-118.39,1898,4,2.54500007629395
BM,36.06,-118.39,1898,5,1.90600001811981
BM,36.06,-118.39,1898,6,3.19600009918213
BM,36.06,-118.39,1898,7,3.92600011825562
BM,36.06,-118.39,1898,8,3.86100006103516
BM,36.06,-118.39,1898,9,5.44600009918213
BM,36.06,-118.39,1898,10,3.57399988174438
BM,36.06,-118.39,1898,11,1.62100005149841
BM,36.06,-118.39,1898,12,1.2960000038147
BM,36.06,-118.39,1901,1,1.47300004959106
BM,36.06,-118.39,1901,2,0.671000003814697
BM,36.06,-118.39,1901,3,1.26999998092651
BM,36.06,-118.39,1901,4,1.83700001239777
BM,36.06,-118.39,1901,5,1.45000004768372
BM,36.06,-118.39,1901,6,2.86100006103516
BM,36.06,-118.39,1901,7,4.09600019454956
BM,36.06,-118.39,1901,8,4.16900014877319
BM,36.06,-118.39,1901,9,2.59999990463257
BM,36.06,-118.39,1901,10,3.10899996757507
BM,36.06,-118.39,1901,11,2.06100010871887
BM,36.06,-118.39,1901,12,1.567999958992
BM,36.06,-118.39,1902,1,1.80999994277954
BM,36.06,-118.39,1902,2,0.796999990940094
BM,36.06,-118.39,1902,3,1.33200001716614
BM,36.06,-118.39,1902,4,1.68900001049042
BM,36.06,-118.39,1902,5,2.13100004196167
BM,36.06,-118.39,1902,6,2.84899997711182
BM,36.06,-118.39,1902,7,2.69300007820129
BM,36.06,-118.39,1902,8,2.84899997711182
BM,36.06,-118.39,1902,9,3.01799988746643
BM,36.06,-118.39,1902,10,2.78399991989136
BM,36.06,-118.39,1902,11,1.2389999628067
BM,36.06,-118.39,1902,12,1.44200003147125
BM,36.06,-118.39,1903,1,1.32799994945526
BM,36.06,-118.39,1903,2,0.507000029087067
BM,36.06,-118.39,1903,3,0.646000027656555
BM,36.06,-118.39,1903,4,1.03400003910065
BM,36.06,-118.39,1903,5,1.64999997615814
BM,36.06,-118.39,1903,6,2.68700003623962
BM,36.06,-118.39,1903,7,4.56500005722046
BM,36.06,-118.39,1903,8,4.00600004196167
BM,36.06,-118.39,1903,9,3.11400008201599
BM,36.06,-118.39,1903,10,3.01399993896484
BM,36.06,-118.39,1903,11,1.98800003528595
BM,36.06,-118.39,1903,12,1.4099999666214
BM,36.06,-118.39,1907,1,1.52100002765656
BM,36.06,-118.39,1907,2,1.07500004768372
BM,36.06,-118.39,1907,3,1.07799994945526
BM,36.06,-118.39,1907,4,1.29100000858307
BM,36.06,-118.39,1907,5,1.10599994659424
BM,36.06,-118.39,1907,6,2.20600008964539
BM,36.06,-118.39,1907,7,2.44700002670288
BM,36.06,-118.39,1907,8,2.77300000190735
BM,36.06,-118.39,1907,9,2.49499988555908
BM,36.06,-118.39,1907,10,2.21799993515015
BM,36.06,-118.39,1907,11,1.97399997711182
BM,36.06,-118.39,1907,12,1.52600002288818
BM,36.06,-118.39,1924,1,1.567999958992
BM,36.06,-118.39,1924,2,1.44700002670288
BM,36.06,-118.39,1924,3,1.02600002288818
BM,36.06,-118.39,1924,4,1.36000001430511
BM,36.06,-118.39,1924,5,2.37100005149841
BM,36.06,-118.39,1924,6,3.11299991607666
BM,36.06,-118.39,1924,7,3.43600010871887
BM,36.06,-118.39,1924,8,4.11100006103516
BM,36.06,-118.39,1924,9,4.19099998474121
BM,36.06,-118.39,1924,10,1.79200005531311
BM,36.06,-118.39,1924,11,2.19899988174438
BM,36.06,-118.39,1924,12,1.42299997806549
BM,36.06,-118.39,1936,1,1.39499998092651
BM,36.06,-118.39,1936,2,0.533999979496002
BM,36.06,-118.39,1936,3,1.33299994468689
BM,36.06,-118.39,1936,4,1.27199995517731
BM,36.06,-118.39,1936,5,1.61699998378754
BM,36.06,-118.39,1936,6,2.0239999294281
BM,36.06,-118.39,1936,7,2.33999991416931
BM,36.06,-118.39,1936,8,4.31199979782104
BM,36.06,-118.39,1936,9,3.75099992752075
BM,36.06,-118.39,1936,10,2.19400000572205
BM,36.06,-118.39,1936,11,2.81800007820129
BM,36.06,-118.39,1936,12,1.46599996089935
BM,36.06,-118.39,1937,1,0.609000027179718
BM,36.06,-118.39,1937,2,0.824999988079071
BM,36.06,-118.39,1937,3,0.686999976634979
BM,36.06,-118.39,1937,4,1.15600001811981
BM,36.06,-118.39,1937,5,1.62999999523163
BM,36.06,-118.39,1937,6,1.86600005626678
BM,36.06,-118.39,1937,7,3.30100011825562
BM,36.06,-118.39,1937,8,5.08799982070923
BM,36.06,-118.39,1937,9,4.65799999237061
BM,36.06,-118.39,1937,10,2.70199990272522
BM,36.06,-118.39,1937,11,1.82799994945526
BM,36.06,-118.39,1937,12,1.96000003814697
BM,36.06,-118.39,1939,1,1.40799999237061
BM,36.06,-118.39,1939,2,0.541000008583069
BM,36.06,-118.39,1939,3,1.15100002288818
BM,36.06,-118.39,1939,4,1.85300004482269
BM,36.06,-118.39,1939,5,2.84899997711182
BM,36.06,-118.39,1939,6,2.60500001907349
BM,36.06,-118.39,1939,7,3.59899997711182
BM,36.06,-118.39,1939,8,4.97100019454956
BM,36.06,-118.39,1939,9,3.08699989318848
BM,36.06,-118.39,1939,10,2.14599990844727
BM,36.06,-118.39,1939,11,2.83500003814697
BM,36.06,-118.39,1939,12,2.20199990272522
BM,36.06,-118.39,1944,1,0.800999999046326
BM,36.06,-118.39,1944,2,0.00800000037997961
BM,36.06,-118.39,1944,3,0.824000000953674
BM,36.06,-118.39,1944,4,0.830999970436096
BM,36.06,-118.39,1944,5,0.657999992370605
BM,36.06,-118.39,1944,6,0.474999994039536
BM,36.06,-118.39,1944,7,2.0460000038147
BM,36.06,-118.39,1944,8,3.91599988937378
BM,36.06,-118.39,1944,9,2.80100011825562
BM,36.06,-118.39,1944,10,1.74000000953674
BM,36.06,-118.39,1944,11,0.639999985694885
BM,36.06,-118.39,1944,12,1.1139999628067
BM,36.06,-118.39,1949,1,0.305999994277954
BM,36.06,-118.39,1949,2,0.228000000119209
BM,36.06,-118.39,1949,3,0.0149999996647239
BM,36.06,-118.39,1949,4,0.996999979019165
BM,36.06,-118.39,1949,5,0.495999991893768
BM,36.06,-118.39,1949,6,1.55999994277954
BM,36.06,-118.39,1949,7,2.15199995040894
BM,36.06,-118.39,1949,8,3.75399994850159
BM,36.06,-118.39,1949,9,3.46399998664856
BM,36.06,-118.39,1949,10,1.2389999628067
BM,36.06,-118.39,1949,11,2.00399994850159
BM,36.06,-118.39,1949,12,0.989000022411346
BM,36.06,-118.39,1954,1,0.903999984264374
BM,36.06,-118.39,1954,2,1.31400001049042
BM,36.06,-118.39,1954,3,0.347000002861023
BM,36.06,-118.39,1954,4,0.949000000953674
BM,36.06,-118.39,1954,5,2.70300006866455
BM,36.06,-118.39,1954,6,2.38899993896484
BM,36.06,-118.39,1954,7,1.98000001907349
BM,36.06,-118.39,1954,8,3.86400008201599
BM,36.06,-118.39,1954,9,4.46199989318848
BM,36.06,-118.39,1954,10,2.5550000667572
BM,36.06,-118.39,1954,11,1.25600004196167
BM,36.06,-118.39,1954,12,1.56599998474121
BM,36.06,-118.39,1956,1,0.926999986171722
BM,36.06,-118.39,1956,2,0.575999975204468
BM,36.06,-118.39,1956,3,1.29299998283386
BM,36.06,-118.39,1956,4,0.0020000000949949
BM,36.06,-118.39,1956,5,1.15600001811981
BM,36.06,-118.39,1956,6,2.4210000038147
BM,36.06,-118.39,1956,7,1.65499997138977
BM,36.06,-118.39,1956,8,3.99799990653992
BM,36.06,-118.39,1956,9,2.76999998092651
BM,36.06,-118.39,1956,10,1.03799998760223
BM,36.06,-118.39,1956,11,2.29299998283386
BM,36.06,-118.39,1956,12,2.11199998855591
BM,36.06,-118.39,1957,1,0.483999997377396
BM,36.06,-118.39,1957,2,0
BM,36.06,-118.39,1957,3,0.164000004529953
BM,36.06,-118.39,1957,4,0.703000009059906
BM,36.06,-118.39,1957,5,0.00100000004749745
BM,36.06,-118.39,1957,6,1.44599997997284
BM,36.06,-118.39,1957,7,2.09500002861023
BM,36.06,-118.39,1957,8,2.4300000667572
BM,36.06,-118.39,1957,9,2.49699997901917
BM,36.06,-118.39,1957,10,0.0860000029206276
BM,36.06,-118.39,1957,11,0.77700001001358
BM,36.06,-118.39,1957,12,1.31900000572205
BM,36.06,-118.39,1960,1,0.172000005841255
BM,36.06,-118.39,1960,2,0.28999999165535
BM,36.06,-118.39,1960,3,0.779999971389771
BM,36.06,-118.39,1960,4,1.02600002288818
BM,36.06,-118.39,1960,5,1.66199994087219
BM,36.06,-118.39,1960,6,2.49200010299683
BM,36.06,-118.39,1960,7,3.31900000572205
BM,36.06,-118.39,1960,8,4.17600011825562
BM,36.06,-118.39,1960,9,3.07500004768372
BM,36.06,-118.39,1960,10,1.63900005817413
BM,36.06,-118.39,1960,11,0.497000008821487
BM,36.06,-118.39,1960,12,1.38399994373322
BM,36.06,-118.39,1964,1,1.1690000295639
BM,36.06,-118.39,1964,2,1.37399995326996
BM,36.06,-118.39,1964,3,0.546999990940094
BM,36.06,-118.39,1964,4,0.412999987602234
BM,36.06,-118.39,1964,5,0.978999972343445
BM,36.06,-118.39,1964,6,1.41499996185303
BM,36.06,-118.39,1964,7,2.36800003051758
BM,36.06,-118.39,1964,8,3.32299995422363
BM,36.06,-118.39,1964,9,3.67499995231628
BM,36.06,-118.39,1964,10,2.82599997520447
BM,36.06,-118.39,1964,11,0.748000025749207
BM,36.06,-118.39,1964,12,0.828000009059906
BM,36.06,-118.39,1965,1,0.574000000953674
BM,36.06,-118.39,1965,2,0.977999985218048
BM,36.06,-118.39,1965,3,0.654999971389771
BM,36.06,-118.39,1965,4,0.0199999995529652
BM,36.06,-118.39,1965,5,0.71399998664856
BM,36.06,-118.39,1965,6,0.455000013113022
BM,36.06,-118.39,1965,7,2.50200009346008
BM,36.06,-118.39,1965,8,3.28699994087219
BM,36.06,-118.39,1965,9,2.97099995613098
BM,36.06,-118.39,1965,10,3.9300000667572
BM,36.06,-118.39,1965,11,1.0349999666214
BM,36.06,-118.39,1965,12,0.994000017642975
BM,36.06,-118.39,1969,1,0.873000025749207
BM,36.06,-118.39,1969,2,0
BM,36.06,-118.39,1969,3,0.564000010490417
BM,36.06,-118.39,1969,4,1.00699996948242
BM,36.06,-118.39,1969,5,1.51300001144409
BM,36.06,-118.39,1969,6,0.505999982357025
BM,36.06,-118.39,1969,7,2.33100008964539
BM,36.06,-118.39,1969,8,4.52099990844727
BM,36.06,-118.39,1969,9,3.26600003242493
BM,36.06,-118.39,1969,10,1.96200001239777
BM,36.06,-118.39,1969,11,1.43400001525879
BM,36.06,-118.39,1969,12,1.27699995040894
BM,36.06,-118.39,1971,1,0.834999978542328
BM,36.06,-118.39,1971,2,1.10800004005432
BM,36.06,-118.39,1971,3,1.32400000095367
BM,36.06,-118.39,1971,4,0.947000026702881
BM,36.06,-118.39,1971,5,0.0379999987781048
BM,36.06,-118.39,1971,6,2.79500007629395
BM,36.06,-118.39,1971,7,4.27299976348877
BM,36.06,-118.39,1971,8,4.04400014877319
BM,36.06,-118.39,1971,9,5.10099983215332
BM,36.06,-118.39,1971,10,1.67999994754791
BM,36.06,-118.39,1971,11,1.02499997615814
BM,36.06,-118.39,1971,12,0.375
BM,36.06,-118.39,1975,1,2.00399994850159
BM,36.06,-118.39,1975,2,0.703000009059906
BM,36.06,-118.39,1975,3,0.0399999991059303
BM,36.06,-118.39,1975,4,0.29899999499321
BM,36.06,-118.39,1975,5,1.84399998188019
BM,36.06,-118.39,1975,6,2.78399991989136
BM,36.06,-118.39,1975,7,4.55900001525879
BM,36.06,-118.39,1975,8,5.33699989318848
BM,36.06,-118.39,1975,9,4.3270001411438
BM,36.06,-118.39,1975,10,2.41199994087219
BM,36.06,-118.39,1975,11,1.96899998188019
BM,36.06,-118.39,1975,12,1.84399998188019
BM,36.06,-118.39,1977,1,1.47300004959106
BM,36.06,-118.39,1977,2,2.05299997329712
BM,36.06,-118.39,1977,3,0.981000006198883
BM,36.06,-118.39,1977,4,2.31900000572205
BM,36.06,-118.39,1977,5,0.601999998092651
BM,36.06,-118.39,1977,6,2.68799996376038
BM,36.06,-118.39,1977,7,4.27699995040894
BM,36.06,-118.39,1977,8,4.38800001144409
BM,36.06,-118.39,1977,9,3.54699993133545
BM,36.06,-118.39,1977,10,4.02099990844727
BM,36.06,-118.39,1977,11,2.5090000629425
BM,36.06,-118.39,1977,12,1.91799998283386
BM,36.06,-118.39,1978,1,0.545000016689301
BM,36.06,-118.39,1978,2,0.698000013828278
BM,36.06,-118.39,1978,3,0.605000019073486
BM,36.06,-118.39,1978,4,1.0900000333786
BM,36.06,-118.39,1978,5,2.29500007629395
BM,36.06,-118.39,1978,6,3.37299990653992
BM,36.06,-118.39,1978,7,4.01300001144409
BM,36.06,-118.39,1978,8,5.53399991989136
BM,36.06,-118.39,1978,9,3.06399989128113
BM,36.06,-118.39,1978,10,3.67899990081787
BM,36.06,-118.39,1978,11,0.559000015258789
BM,36.06,-118.39,1978,12,1.32400000095367
