site,lat,long,year,month,td_mean
BM,36.06,-118.39,1897,1,-11.918999671936
BM,36.06,-118.39,1897,2,-9.66600036621094
BM,36.06,-118.39,1897,3,-11.5869998931885
BM,36.06,-118.39,1897,4,-7.73000001907349
BM,36.06,-118.39,1897,5,-3.59699988365173
BM,36.06,-118.39,1897,6,-0.857999980449677
BM,36.06,-118.39,1897,7,2.32200002670288
BM,36.06,-118.39,1897,8,1.92200005054474
BM,36.06,-118.39,1897,9,-1.34899997711182
BM,36.06,-118.39,1897,10,-4.36600017547607
BM,36.06,-118.39,1897,11,-8.69299983978271
BM,36.06,-118.39,1897,12,-12.496000289917
BM,36.06,-118.39,1898,1,-14.9219999313354
BM,36.06,-118.39,1898,2,-8.9370002746582
BM,36.06,-118.39,1898,3,-12.0139999389648
BM,36.06,-118.39,1898,4,-7.87200021743774
BM,36.06,-118.39,1898,5,-4.55999994277954
BM,36.06,-118.39,1898,6,-0.773000001907349
BM,36.06,-118.39,1898,7,2.55599999427795
BM,36.06,-118.39,1898,8,2.33800005912781
BM,36.06,-118.39,1898,9,-1.55599999427795
BM,36.06,-118.39,1898,10,-5.14699983596802
BM,36.06,-118.39,1898,11,-8.86600017547607
BM,36.06,-118.39,1898,12,-12.7770004272461
BM,36.06,-118.39,1900,1,-9.6230001449585
BM,36.06,-118.39,1900,2,-9.95600032806396
BM,36.06,-118.39,1900,3,-8.17300033569336
BM,36.06,-118.39,1900,4,-8.44900035858154
BM,36.06,-118.39,1900,5,-4.10900020599365
BM,36.06,-118.39,1900,6,-0.686999976634979
BM,36.06,-118.39,1900,7,2.35800004005432
BM,36.06,-118.39,1900,8,1.26900005340576
BM,36.06,-118.39,1900,9,-2.17199993133545
BM,36.06,-118.39,1900,10,-4.79400014877319
BM,36.06,-118.39,1900,11,-5.7810001373291
BM,36.06,-118.39,1900,12,-10.4259996414185
BM,36.06,-118.39,1901,1,-11.2019996643066
BM,36.06,-118.39,1901,2,-8.33699989318848
BM,36.06,-118.39,1901,3,-9.26500034332275
BM,36.06,-118.39,1901,4,-9.47799968719482
BM,36.06,-118.39,1901,5,-4.16699981689453
BM,36.06,-118.39,1901,6,-1.55499994754791
BM,36.06,-118.39,1901,7,1.80900001525879
BM,36.06,-118.39,1901,8,2.16700005531311
BM,36.06,-118.39,1901,9,-2.79399991035461
BM,36.06,-118.39,1901,10,-3.70199990272522
BM,36.06,-118.39,1901,11,-6.59299993515015
BM,36.06,-118.39,1901,12,-12.08899974823
BM,36.06,-118.39,1902,1,-13.4429998397827
BM,36.06,-118.39,1902,2,-8.18299961090088
BM,36.06,-118.39,1902,3,-11.0640001296997
BM,36.06,-118.39,1902,4,-8.65100002288818
BM,36.06,-118.39,1902,5,-5.57800006866455
BM,36.06,-118.39,1902,6,-1.81200003623962
BM,36.06,-118.39,1902,7,1.88300001621246
BM,36.06,-118.39,1902,8,1.37999999523163
BM,36.06,-118.39,1902,9,-1.65799999237061
BM,36.06,-118.39,1902,10,-5.14599990844727
BM,36.06,-118.39,1902,11,-8.55399990081787
BM,36.06,-118.39,1902,12,-11.3719997406006
BM,36.06,-118.39,1903,1,-12.2110004425049
BM,36.06,-118.39,1903,2,-13.8280000686646
BM,36.06,-118.39,1903,3,-9.27600002288818
BM,36.06,-118.39,1903,4,-9.24400043487549
BM,36.06,-118.39,1903,5,-5.33300018310547
BM,36.06,-118.39,1903,6,-1.20799994468689
BM,36.06,-118.39,1903,7,1.14900004863739
BM,36.06,-118.39,1903,8,0.515999972820282
BM,36.06,-118.39,1903,9,-2.39299988746643
BM,36.06,-118.39,1903,10,-5.40899991989136
BM,36.06,-118.39,1903,11,-7.02099990844727
BM,36.06,-118.39,1903,12,-12.1870002746582
BM,36.06,-118.39,1904,1,-14.5170001983643
BM,36.06,-118.39,1904,2,-9.30799961090088
BM,36.06,-118.39,1904,3,-8.44400024414062
BM,36.06,-118.39,1904,4,-8.50399971008301
BM,36.06,-118.39,1904,5,-4.58900022506714
BM,36.06,-118.39,1904,6,-1.42999994754791
BM,36.06,-118.39,1904,7,1.93400001525879
BM,36.06,-118.39,1904,8,1.66600000858307
BM,36.06,-118.39,1904,9,-0.096000000834465
BM,36.06,-118.39,1904,10,-4.1710000038147
BM,36.06,-118.39,1904,11,-8.50500011444092
BM,36.06,-118.39,1904,12,-11.418999671936
BM,36.06,-118.39,1905,1,-10.3500003814697
BM,36.06,-118.39,1905,2,-8.5
BM,36.06,-118.39,1905,3,-7.34200000762939
BM,36.06,-118.39,1905,4,-7.49399995803833
BM,36.06,-118.39,1905,5,-5.2810001373291
BM,36.06,-118.39,1905,6,-2.05599999427795
BM,36.06,-118.39,1905,7,1.85199999809265
BM,36.06,-118.39,1905,8,0.89300000667572
BM,36.06,-118.39,1905,9,-2.35599994659424
BM,36.06,-118.39,1905,10,-7.68100023269653
BM,36.06,-118.39,1905,11,-9.57900047302246
BM,36.06,-118.39,1905,12,-13.8229999542236
BM,36.06,-118.39,1906,1,-11.7829999923706
BM,36.06,-118.39,1906,2,-6.97300004959106
BM,36.06,-118.39,1906,3,-8.41399955749512
BM,36.06,-118.39,1906,4,-7.94899988174438
BM,36.06,-118.39,1906,5,-4.24900007247925
BM,36.06,-118.39,1906,6,-1.49899995326996
BM,36.06,-118.39,1906,7,3.38700008392334
BM,36.06,-118.39,1906,8,1.74300003051758
BM,36.06,-118.39,1906,9,-2.26699995994568
BM,36.06,-118.39,1906,10,-5.65500020980835
BM,36.06,-118.39,1906,11,-8.96300029754639
BM,36.06,-118.39,1906,12,-10.0769996643066
BM,36.06,-118.39,1907,1,-11.7489995956421
BM,36.06,-118.39,1907,2,-6.20599985122681
BM,36.06,-118.39,1907,3,-8.78999996185303
BM,36.06,-118.39,1907,4,-6.6729998588562
BM,36.06,-118.39,1907,5,-4.99900007247925
BM,36.06,-118.39,1907,6,-1.27600002288818
BM,36.06,-118.39,1907,7,2.25200009346008
BM,36.06,-118.39,1907,8,1.33899998664856
BM,36.06,-118.39,1907,9,-2.43300008773804
BM,36.06,-118.39,1907,10,-3.84999990463257
BM,36.06,-118.39,1907,11,-9.37399959564209
BM,36.06,-118.39,1907,12,-10.2189998626709
BM,36.06,-118.39,1908,1,-10.9180002212524
BM,36.06,-118.39,1908,2,-10.5539999008179
BM,36.06,-118.39,1908,3,-11.4899997711182
BM,36.06,-118.39,1908,4,-8.86999988555908
BM,36.06,-118.39,1908,5,-6.53599977493286
BM,36.06,-118.39,1908,6,-2.77999997138977
BM,36.06,-118.39,1908,7,2.31599998474121
BM,36.06,-118.39,1908,8,1.35899996757507
BM,36.06,-118.39,1908,9,-1.817999958992
BM,36.06,-118.39,1908,10,-7.44000005722046
BM,36.06,-118.39,1908,11,-9.34899997711182
BM,36.06,-118.39,1908,12,-12.6160001754761
BM,36.06,-118.39,1909,1,-8.54599952697754
BM,36.06,-118.39,1909,2,-8.95100021362305
BM,36.06,-118.39,1909,3,-10.6590003967285
BM,36.06,-118.39,1909,4,-9.14000034332275
BM,36.06,-118.39,1909,5,-6.38700008392334
BM,36.06,-118.39,1909,6,-1.76600003242493
BM,36.06,-118.39,1909,7,1.47599995136261
BM,36.06,-118.39,1909,8,0.837000012397766
BM,36.06,-118.39,1909,9,-1.91799998283386
BM,36.06,-118.39,1909,10,-5.78999996185303
BM,36.06,-118.39,1909,11,-8.12600040435791
BM,36.06,-118.39,1909,12,-11.7690000534058
BM,36.06,-118.39,1911,1,-11.039999961853
BM,36.06,-118.39,1911,2,-11.4670000076294
BM,36.06,-118.39,1911,3,-7.88700008392334
BM,36.06,-118.39,1911,4,-9.0290002822876
BM,36.06,-118.39,1911,5,-6.09000015258789
BM,36.06,-118.39,1911,6,-1.75499999523163
BM,36.06,-118.39,1911,7,2.19700002670288
BM,36.06,-118.39,1911,8,-0.046000000089407
BM,36.06,-118.39,1911,9,-3.13199996948242
BM,36.06,-118.39,1911,10,-6.90500020980835
BM,36.06,-118.39,1911,11,-10.8559999465942
BM,36.06,-118.39,1911,12,-13.3540000915527
BM,36.06,-118.39,1912,1,-11.1990003585815
BM,36.06,-118.39,1912,2,-10.3690004348755
BM,36.06,-118.39,1912,3,-10.1479997634888
BM,36.06,-118.39,1912,4,-9.30700016021729
BM,36.06,-118.39,1912,5,-4.97800016403198
BM,36.06,-118.39,1912,6,-0.621999979019165
BM,36.06,-118.39,1912,7,1.92900002002716
BM,36.06,-118.39,1912,8,0.720000028610229
BM,36.06,-118.39,1912,9,-2.27800011634827
BM,36.06,-118.39,1912,10,-7.23000001907349
BM,36.06,-118.39,1912,11,-9.56099987030029
BM,36.06,-118.39,1912,12,-13.4790000915527
BM,36.06,-118.39,1913,1,-14.4049997329712
BM,36.06,-118.39,1913,2,-10.8760004043579
BM,36.06,-118.39,1913,3,-12.1099996566772
BM,36.06,-118.39,1913,4,-9.46399974822998
BM,36.06,-118.39,1913,5,-5.03599977493286
BM,36.06,-118.39,1913,6,-1.01400005817413
BM,36.06,-118.39,1913,7,2.91499996185303
BM,36.06,-118.39,1913,8,2.53099989891052
BM,36.06,-118.39,1913,9,-1.17299997806549
BM,36.06,-118.39,1913,10,-6.50299978256226
BM,36.06,-118.39,1913,11,-6.01900005340576
BM,36.06,-118.39,1913,12,-11.3540000915527
BM,36.06,-118.39,1914,1,-9.42899990081787
BM,36.06,-118.39,1914,2,-9.67399978637695
BM,36.06,-118.39,1914,3,-9.10999965667725
BM,36.06,-118.39,1914,4,-7.1230001449585
BM,36.06,-118.39,1914,5,-4.42399978637695
BM,36.06,-118.39,1914,6,-1.40799999237061
BM,36.06,-118.39,1914,7,2.2279999256134
BM,36.06,-118.39,1914,8,1.17299997806549
BM,36.06,-118.39,1914,9,-2.6489999294281
BM,36.06,-118.39,1914,10,-5.17600011825562
BM,36.06,-118.39,1914,11,-10.0109996795654
BM,36.06,-118.39,1914,12,-12.3950004577637
BM,36.06,-118.39,1915,1,-11.8690004348755
BM,36.06,-118.39,1915,2,-8.20899963378906
BM,36.06,-118.39,1915,3,-9.15100002288818
BM,36.06,-118.39,1915,4,-6.9229998588562
BM,36.06,-118.39,1915,5,-4.39200019836426
BM,36.06,-118.39,1915,6,-2.26699995994568
BM,36.06,-118.39,1915,7,2.15300011634827
BM,36.06,-118.39,1915,8,0.994000017642975
BM,36.06,-118.39,1915,9,-2.76099991798401
BM,36.06,-118.39,1915,10,-7.57200002670288
BM,36.06,-118.39,1915,11,-9.72799968719482
BM,36.06,-118.39,1915,12,-10.9420003890991
BM,36.06,-118.39,1916,1,-12.1370000839233
BM,36.06,-118.39,1916,2,-8.08600044250488
BM,36.06,-118.39,1916,3,-9.29500007629395
BM,36.06,-118.39,1916,4,-8.88099956512451
BM,36.06,-118.39,1916,5,-6.67700004577637
BM,36.06,-118.39,1916,6,-2.41599988937378
BM,36.06,-118.39,1916,7,1.55099999904633
BM,36.06,-118.39,1916,8,1.05499994754791
BM,36.06,-118.39,1916,9,-2.53600001335144
BM,36.06,-118.39,1916,10,-6.63700008392334
BM,36.06,-118.39,1916,11,-11.7069997787476
BM,36.06,-118.39,1916,12,-13.2740001678467
BM,36.06,-118.39,1917,1,-15.0419998168945
BM,36.06,-118.39,1917,2,-11.1960000991821
BM,36.06,-118.39,1917,3,-13.7799997329712
BM,36.06,-118.39,1917,4,-9.89900016784668
BM,36.06,-118.39,1917,5,-6.25400018692017
BM,36.06,-118.39,1917,6,-2.13199996948242
BM,36.06,-118.39,1917,7,2.93499994277954
BM,36.06,-118.39,1917,8,1.27699995040894
BM,36.06,-118.39,1917,9,-1.90199995040894
BM,36.06,-118.39,1917,10,-6.62400007247925
BM,36.06,-118.39,1917,11,-8.9069995880127
BM,36.06,-118.39,1917,12,-11.3199996948242
BM,36.06,-118.39,1918,1,-12.5080003738403
BM,36.06,-118.39,1918,2,-10.4479999542236
BM,36.06,-118.39,1918,3,-9.0310001373291
BM,36.06,-118.39,1918,4,-9.2819995880127
BM,36.06,-118.39,1918,5,-6.44999980926514
BM,36.06,-118.39,1918,6,-0.614000022411346
BM,36.06,-118.39,1918,7,1.88399994373322
BM,36.06,-118.39,1918,8,1.11199998855591
BM,36.06,-118.39,1918,9,-0.193000003695488
BM,36.06,-118.39,1918,10,-4.34100008010864
BM,36.06,-118.39,1918,11,-9.17099952697754
BM,36.06,-118.39,1918,12,-13.418999671936
BM,36.06,-118.39,1919,1,-13.9910001754761
BM,36.06,-118.39,1919,2,-10.1140003204346
BM,36.06,-118.39,1919,3,-10.9409999847412
BM,36.06,-118.39,1919,4,-8.97799968719482
BM,36.06,-118.39,1919,5,-4.85300016403198
BM,36.06,-118.39,1919,6,-2.33200001716614
BM,36.06,-118.39,1919,7,1.84300005435944
BM,36.06,-118.39,1919,8,0.885999977588654
BM,36.06,-118.39,1919,9,-2.05299997329712
BM,36.06,-118.39,1919,10,-8.04800033569336
BM,36.06,-118.39,1919,11,-11.5150003433228
BM,36.06,-118.39,1919,12,-12.2159996032715
BM,36.06,-118.39,1920,1,-12.576000213623
BM,36.06,-118.39,1920,2,-10.668999671936
BM,36.06,-118.39,1920,3,-11.0500001907349
BM,36.06,-118.39,1920,4,-9.76200008392334
BM,36.06,-118.39,1920,5,-5.91099977493286
BM,36.06,-118.39,1920,6,-1.36800003051758
BM,36.06,-118.39,1920,7,1.38800001144409
BM,36.06,-118.39,1920,8,1.52900004386902
BM,36.06,-118.39,1920,9,-2.32299995422363
BM,36.06,-118.39,1920,10,-6.29199981689453
BM,36.06,-118.39,1920,11,-8.20699977874756
BM,36.06,-118.39,1920,12,-11.1090002059937
BM,36.06,-118.39,1923,1,-12.71399974823
BM,36.06,-118.39,1923,2,-12.0819997787476
BM,36.06,-118.39,1923,3,-11.5459995269775
BM,36.06,-118.39,1923,4,-7.80900001525879
BM,36.06,-118.39,1923,5,-5.43300008773804
BM,36.06,-118.39,1923,6,-1.92999994754791
BM,36.06,-118.39,1923,7,1.84700000286102
BM,36.06,-118.39,1923,8,1.28799998760223
BM,36.06,-118.39,1923,9,-0.943000018596649
BM,36.06,-118.39,1923,10,-6.03499984741211
BM,36.06,-118.39,1923,11,-8.31999969482422
BM,36.06,-118.39,1923,12,-12.4989995956421
BM,36.06,-118.39,1924,1,-14.7229995727539
BM,36.06,-118.39,1924,2,-8.98700046539307
BM,36.06,-118.39,1924,3,-11.3079996109009
BM,36.06,-118.39,1924,4,-8.88500022888184
BM,36.06,-118.39,1924,5,-4.44899988174438
BM,36.06,-118.39,1924,6,-1.90199995040894
BM,36.06,-118.39,1924,7,1.53100001811981
BM,36.06,-118.39,1924,8,0.545000016689301
BM,36.06,-118.39,1924,9,-2.87899994850159
BM,36.06,-118.39,1924,10,-6.00299978256226
BM,36.06,-118.39,1924,11,-9.56400012969971
BM,36.06,-118.39,1924,12,-12.539999961853
BM,36.06,-118.39,1925,1,-12.5129995346069
BM,36.06,-118.39,1925,2,-8.26399993896484
BM,36.06,-118.39,1925,3,-10.7550001144409
BM,36.06,-118.39,1925,4,-7.36299991607666
BM,36.06,-118.39,1925,5,-3.50799989700317
BM,36.06,-118.39,1925,6,-0.764999985694885
BM,36.06,-118.39,1925,7,2.80999994277954
BM,36.06,-118.39,1925,8,1.23300004005432
BM,36.06,-118.39,1925,9,-2.49799990653992
BM,36.06,-118.39,1925,10,-5.92000007629395
BM,36.06,-118.39,1925,11,-8.85099983215332
BM,36.06,-118.39,1925,12,-10.8649997711182
BM,36.06,-118.39,1926,1,-13.8319997787476
BM,36.06,-118.39,1926,2,-8.2189998626709
BM,36.06,-118.39,1926,3,-8.39599990844727
BM,36.06,-118.39,1926,4,-4.24399995803833
BM,36.06,-118.39,1926,5,-4.44199991226196
BM,36.06,-118.39,1926,6,-1.18099999427795
BM,36.06,-118.39,1926,7,2.08899998664856
BM,36.06,-118.39,1926,8,0.916000008583069
BM,36.06,-118.39,1926,9,-3.54699993133545
BM,36.06,-118.39,1926,10,-5.29899978637695
BM,36.06,-118.39,1926,11,-6.40199995040894
BM,36.06,-118.39,1926,12,-11.2829999923706
BM,36.06,-118.39,1927,1,-11.1800003051758
BM,36.06,-118.39,1927,2,-7.3600001335144
BM,36.06,-118.39,1927,3,-10.039999961853
BM,36.06,-118.39,1927,4,-9.00500011444092
BM,36.06,-118.39,1927,5,-5.76100015640259
BM,36.06,-118.39,1927,6,-1.32500004768372
BM,36.06,-118.39,1927,7,1.8639999628067
BM,36.06,-118.39,1927,8,0.855000019073486
BM,36.06,-118.39,1927,9,-2.64100003242493
BM,36.06,-118.39,1927,10,-5.77099990844727
BM,36.06,-118.39,1927,11,-6.14699983596802
BM,36.06,-118.39,1927,12,-11.6879997253418
BM,36.06,-118.39,1928,1,-12.0229997634888
BM,36.06,-118.39,1928,2,-10.2130002975464
BM,36.06,-118.39,1928,3,-7.47200012207031
BM,36.06,-118.39,1928,4,-8.75300025939941
BM,36.06,-118.39,1928,5,-3.75500011444092
BM,36.06,-118.39,1928,6,-1.46300005912781
BM,36.06,-118.39,1928,7,1.79999995231628
BM,36.06,-118.39,1928,8,0.597000002861023
BM,36.06,-118.39,1928,9,-2.94799995422363
BM,36.06,-118.39,1928,10,-6.27699995040894
BM,36.06,-118.39,1928,11,-8.65499973297119
BM,36.06,-118.39,1928,12,-12.6590003967285
BM,36.06,-118.39,1929,1,-13.6920003890991
BM,36.06,-118.39,1929,2,-12.3570003509521
BM,36.06,-118.39,1929,3,-10.7320003509521
BM,36.06,-118.39,1929,4,-10.2370004653931
BM,36.06,-118.39,1929,5,-5.37099981307983
BM,36.06,-118.39,1929,6,-0.75
BM,36.06,-118.39,1929,7,2.32800006866455
BM,36.06,-118.39,1929,8,1.71200001239777
BM,36.06,-118.39,1929,9,-2.40300011634827
BM,36.06,-118.39,1929,10,-5.65399980545044
BM,36.06,-118.39,1929,11,-11.3190002441406
BM,36.06,-118.39,1929,12,-9.40799999237061
BM,36.06,-118.39,1931,1,-11.8479995727539
BM,36.06,-118.39,1931,2,-7.48099994659424
BM,36.06,-118.39,1931,3,-9.97200012207031
BM,36.06,-118.39,1931,4,-7.76800012588501
BM,36.06,-118.39,1931,5,-3.01099991798401
BM,36.06,-118.39,1931,6,-0.317999988794327
BM,36.06,-118.39,1931,7,2.98399996757507
BM,36.06,-118.39,1931,8,1.97500002384186
BM,36.06,-118.39,1931,9,-2.33299994468689
BM,36.06,-118.39,1931,10,-6.05100011825562
BM,36.06,-118.39,1931,11,-9.47200012207031
BM,36.06,-118.39,1931,12,-11.5509996414185
BM,36.06,-118.39,1932,1,-13.3920001983643
BM,36.06,-118.39,1932,2,-10.9460000991821
BM,36.06,-118.39,1932,3,-9.75500011444092
BM,36.06,-118.39,1932,4,-9.70800018310547
BM,36.06,-118.39,1932,5,-4.36199998855591
BM,36.06,-118.39,1932,6,-1.25800001621246
BM,36.06,-118.39,1932,7,1.88100004196167
BM,36.06,-118.39,1932,8,0.810000002384186
BM,36.06,-118.39,1932,9,-1.89600002765656
BM,36.06,-118.39,1932,10,-6.28900003433228
BM,36.06,-118.39,1932,11,-8.39999961853027
BM,36.06,-118.39,1932,12,-13.9799995422363
BM,36.06,-118.39,1933,1,-13.9259996414185
BM,36.06,-118.39,1933,2,-13.2309999465942
BM,36.06,-118.39,1933,3,-10.1579999923706
BM,36.06,-118.39,1933,4,-9.32299995422363
BM,36.06,-118.39,1933,5,-6.00500011444092
BM,36.06,-118.39,1933,6,-1.79999995231628
BM,36.06,-118.39,1933,7,2.16199994087219
BM,36.06,-118.39,1933,8,1.45200002193451
BM,36.06,-118.39,1933,9,-2.6710000038147
BM,36.06,-118.39,1933,10,-4.2350001335144
BM,36.06,-118.39,1933,11,-9.69799995422363
BM,36.06,-118.39,1933,12,-10.9720001220703
BM,36.06,-118.39,1934,1,-11.331000328064
BM,36.06,-118.39,1934,2,-7.75299978256226
BM,36.06,-118.39,1934,3,-7.84700012207031
BM,36.06,-118.39,1934,4,-7.27400016784668
BM,36.06,-118.39,1934,5,-3.62800002098083
BM,36.06,-118.39,1934,6,-0.754999995231628
BM,36.06,-118.39,1934,7,2.29099988937378
BM,36.06,-118.39,1934,8,1.68099999427795
BM,36.06,-118.39,1934,9,-2.1159999370575
BM,36.06,-118.39,1934,10,-4.98999977111816
BM,36.06,-118.39,1934,11,-6.20300006866455
BM,36.06,-118.39,1934,12,-10.2810001373291
BM,36.06,-118.39,1936,1,-10.6800003051758
BM,36.06,-118.39,1936,2,-8.93000030517578
BM,36.06,-118.39,1936,3,-9.63399982452393
BM,36.06,-118.39,1936,4,-7.7350001335144
BM,36.06,-118.39,1936,5,-4.10900020599365
BM,36.06,-118.39,1936,6,-0.462999999523163
BM,36.06,-118.39,1936,7,2.67000007629395
BM,36.06,-118.39,1936,8,1.70099997520447
BM,36.06,-118.39,1936,9,-1.97899997234344
BM,36.06,-118.39,1936,10,-4.86999988555908
BM,36.06,-118.39,1936,11,-10.7950000762939
BM,36.06,-118.39,1936,12,-11.6969995498657
BM,36.06,-118.39,1938,1,-11.7770004272461
BM,36.06,-118.39,1938,2,-9.00300025939941
BM,36.06,-118.39,1938,3,-9.01099967956543
BM,36.06,-118.39,1938,4,-8.26900005340576
BM,36.06,-118.39,1938,5,-4.67199993133545
BM,36.06,-118.39,1938,6,-0.917999982833862
BM,36.06,-118.39,1938,7,2.56100010871887
BM,36.06,-118.39,1938,8,1.35500001907349
BM,36.06,-118.39,1938,9,-1.23699998855591
BM,36.06,-118.39,1938,10,-5.15000009536743
BM,36.06,-118.39,1938,11,-11.2239999771118
BM,36.06,-118.39,1938,12,-9.8459997177124
BM,36.06,-118.39,1940,1,-9.57100009918213
BM,36.06,-118.39,1940,2,-7.21700000762939
BM,36.06,-118.39,1940,3,-8.29399967193604
BM,36.06,-118.39,1940,4,-6.98600006103516
BM,36.06,-118.39,1940,5,-4.10300016403198
BM,36.06,-118.39,1940,6,-0.721000015735626
BM,36.06,-118.39,1940,7,2.16400003433228
BM,36.06,-118.39,1940,8,1.46599996089935
BM,36.06,-118.39,1940,9,-1.07299995422363
BM,36.06,-118.39,1940,10,-4.84000015258789
BM,36.06,-118.39,1940,11,-9.19499969482422
BM,36.06,-118.39,1940,12,-9.41399955749512
BM,36.06,-118.39,1941,1,-9.3730001449585
BM,36.06,-118.39,1941,2,-6.7810001373291
BM,36.06,-118.39,1941,3,-7.78599977493286
BM,36.06,-118.39,1941,4,-7.42700004577637
BM,36.06,-118.39,1941,5,-3.28999996185303
BM,36.06,-118.39,1941,6,-0.916999995708466
BM,36.06,-118.39,1941,7,3.0220000743866
BM,36.06,-118.39,1941,8,1.9539999961853
BM,36.06,-118.39,1941,9,-3.12100005149841
BM,36.06,-118.39,1941,10,-6.09299993515015
BM,36.06,-118.39,1941,11,-7.53599977493286
BM,36.06,-118.39,1941,12,-8.83500003814697
BM,36.06,-118.39,1942,1,-11.253999710083
BM,36.06,-118.39,1942,2,-10.5069999694824
BM,36.06,-118.39,1942,3,-11.2399997711182
BM,36.06,-118.39,1942,4,-6.82499980926514
BM,36.06,-118.39,1942,5,-4.73600006103516
BM,36.06,-118.39,1942,6,-1.54999995231628
BM,36.06,-118.39,1942,7,3.01500010490417
BM,36.06,-118.39,1942,8,1.88399994373322
BM,36.06,-118.39,1942,9,-2.03299999237061
BM,36.06,-118.39,1942,10,-4.96700000762939
BM,36.06,-118.39,1942,11,-7.80000019073486
BM,36.06,-118.39,1942,12,-9.83100032806396
BM,36.06,-118.39,1943,1,-11.7469997406006
BM,36.06,-118.39,1943,2,-8.09000015258789
BM,36.06,-118.39,1943,3,-6.52899980545044
BM,36.06,-118.39,1943,4,-5.78999996185303
BM,36.06,-118.39,1943,5,-5.2039999961853
BM,36.06,-118.39,1943,6,-2.33400011062622
BM,36.06,-118.39,1943,7,3.00500011444092
BM,36.06,-118.39,1943,8,1.90299999713898
BM,36.06,-118.39,1943,9,-0.425999999046326
BM,36.06,-118.39,1943,10,-2.97499990463257
BM,36.06,-118.39,1943,11,-8.49100017547607
BM,36.06,-118.39,1943,12,-8.61100006103516
BM,36.06,-118.39,1944,1,-10.9259996414185
BM,36.06,-118.39,1944,2,-8.60099983215332
BM,36.06,-118.39,1944,3,-11.4580001831055
BM,36.06,-118.39,1944,4,-8.58399963378906
BM,36.06,-118.39,1944,5,-4.13500022888184
BM,36.06,-118.39,1944,6,-1.27300000190735
BM,36.06,-118.39,1944,7,0.751999974250793
BM,36.06,-118.39,1944,8,-0.554000020027161
BM,36.06,-118.39,1944,9,-2.15499997138977
BM,36.06,-118.39,1944,10,-3.99300003051758
BM,36.06,-118.39,1944,11,-6.19899988174438
BM,36.06,-118.39,1944,12,-9.5959997177124
BM,36.06,-118.39,1945,1,-12.1389999389648
BM,36.06,-118.39,1945,2,-8.86900043487549
BM,36.06,-118.39,1945,3,-10.1800003051758
BM,36.06,-118.39,1945,4,-9.20499992370605
BM,36.06,-118.39,1945,5,-3.80699992179871
BM,36.06,-118.39,1945,6,-1.08500003814697
BM,36.06,-118.39,1945,7,3.24499988555908
BM,36.06,-118.39,1945,8,0.834999978542328
BM,36.06,-118.39,1945,9,-1.9889999628067
BM,36.06,-118.39,1945,10,-3.43799996376038
BM,36.06,-118.39,1945,11,-6.82100009918213
BM,36.06,-118.39,1945,12,-9.4060001373291
BM,36.06,-118.39,1947,1,-14.4899997711182
BM,36.06,-118.39,1947,2,-8.23900032043457
BM,36.06,-118.39,1947,3,-7.73099994659424
BM,36.06,-118.39,1947,4,-7.10799980163574
BM,36.06,-118.39,1947,5,-3.13700008392334
BM,36.06,-118.39,1947,6,0.0900000035762787
BM,36.06,-118.39,1947,7,2.06599998474121
BM,36.06,-118.39,1947,8,1.85699999332428
BM,36.06,-118.39,1947,9,-1.91799998283386
BM,36.06,-118.39,1947,10,-2.78699994087219
BM,36.06,-118.39,1947,11,-9.46700000762939
BM,36.06,-118.39,1947,12,-10.91100025177
BM,36.06,-118.39,1948,1,-12.7690000534058
BM,36.06,-118.39,1948,2,-10.6169996261597
BM,36.06,-118.39,1948,3,-10.8669996261597
BM,36.06,-118.39,1948,4,-6.91499996185303
BM,36.06,-118.39,1948,5,-4.82399988174438
BM,36.06,-118.39,1948,6,1.67299997806549
BM,36.06,-118.39,1948,7,0.912999987602234
BM,36.06,-118.39,1948,8,-1.16400003433228
BM,36.06,-118.39,1948,9,-2.46499991416931
BM,36.06,-118.39,1948,10,-2.30699992179871
BM,36.06,-118.39,1948,11,-9.44999980926514
BM,36.06,-118.39,1948,12,-10.0010004043579
BM,36.06,-118.39,1950,1,-12.7869997024536
BM,36.06,-118.39,1950,2,-6.68499994277954
BM,36.06,-118.39,1950,3,-10.2170000076294
BM,36.06,-118.39,1950,4,-6.12400007247925
BM,36.06,-118.39,1950,5,-3.40899991989136
BM,36.06,-118.39,1950,6,-3.23900008201599
BM,36.06,-118.39,1950,7,6.57800006866455
BM,36.06,-118.39,1950,8,-0.479999989271164
BM,36.06,-118.39,1950,9,-1.91999995708466
BM,36.06,-118.39,1950,10,-3.10999989509583
BM,36.06,-118.39,1950,11,-5.07600021362305
BM,36.06,-118.39,1950,12,-8.48400020599365
BM,36.06,-118.39,1951,1,-9.52099990844727
BM,36.06,-118.39,1951,2,-8.41100025177002
BM,36.06,-118.39,1951,3,-11.8690004348755
BM,36.06,-118.39,1951,4,-3.35199999809265
BM,36.06,-118.39,1951,5,-2.16799998283386
BM,36.06,-118.39,1951,6,0.0390000008046627
BM,36.06,-118.39,1951,7,2.59500002861023
BM,36.06,-118.39,1951,8,0.779999971389771
BM,36.06,-118.39,1951,9,-4.04500007629395
BM,36.06,-118.39,1951,10,-6.2480001449585
BM,36.06,-118.39,1951,11,-7.16099977493286
BM,36.06,-118.39,1951,12,-9.89200019836426
BM,36.06,-118.39,1952,1,-13.2349996566772
BM,36.06,-118.39,1952,2,-9.59899997711182
BM,36.06,-118.39,1952,3,-8.80399990081787
BM,36.06,-118.39,1952,4,-3.3050000667572
BM,36.06,-118.39,1952,5,-3.7279999256134
BM,36.06,-118.39,1952,6,-1.72099995613098
BM,36.06,-118.39,1952,7,6.32600021362305
BM,36.06,-118.39,1952,8,3.46600008010864
BM,36.06,-118.39,1952,9,1.18799996376038
BM,36.06,-118.39,1952,10,-4.58699989318848
BM,36.06,-118.39,1952,11,-7.89699983596802
BM,36.06,-118.39,1952,12,-8.09200000762939
BM,36.06,-118.39,1954,1,-10.5909996032715
BM,36.06,-118.39,1954,2,-9.65499973297119
BM,36.06,-118.39,1954,3,-9.79699993133545
BM,36.06,-118.39,1954,4,-4.80700016021729
BM,36.06,-118.39,1954,5,-5.20699977874756
BM,36.06,-118.39,1954,6,-2.66499996185303
BM,36.06,-118.39,1954,7,5.87400007247925
BM,36.06,-118.39,1954,8,-2.125
BM,36.06,-118.39,1954,9,-5.77600002288818
BM,36.06,-118.39,1954,10,-5.83500003814697
BM,36.06,-118.39,1954,11,-4.9229998588562
BM,36.06,-118.39,1954,12,-12.7670001983643
BM,36.06,-118.39,1955,1,-12.5279998779297
BM,36.06,-118.39,1955,2,-11.9910001754761
BM,36.06,-118.39,1955,3,-9.81900024414062
BM,36.06,-118.39,1955,4,-8.69699954986572
BM,36.06,-118.39,1955,5,-2.66700005531311
BM,36.06,-118.39,1955,6,0.409000009298325
BM,36.06,-118.39,1955,7,1.89800000190735
BM,36.06,-118.39,1955,8,5.3270001411438
BM,36.06,-118.39,1955,9,-2.10500001907349
BM,36.06,-118.39,1955,10,-4.31899976730347
BM,36.06,-118.39,1955,11,-7.11700010299683
BM,36.06,-118.39,1955,12,-5.89499998092651
BM,36.06,-118.39,1956,1,-9.24400043487549
BM,36.06,-118.39,1956,2,-12.4449996948242
BM,36.06,-118.39,1956,3,-11.3859996795654
BM,36.06,-118.39,1956,4,-3.96499991416931
BM,36.06,-118.39,1956,5,-3.46399998664856
BM,36.06,-118.39,1956,6,-1.11099994182587
BM,36.06,-118.39,1956,7,4.60400009155273
BM,36.06,-118.39,1956,8,-2.08800005912781
BM,36.06,-118.39,1956,9,0.986000001430511
BM,36.06,-118.39,1956,10,-3.59400010108948
BM,36.06,-118.39,1956,11,-10.4670000076294
BM,36.06,-118.39,1956,12,-13.2290000915527
BM,36.06,-118.39,1957,1,-12.3339996337891
BM,36.06,-118.39,1957,2,-4.30399990081787
BM,36.06,-118.39,1957,3,-6.84000015258789
BM,36.06,-118.39,1957,4,-6.80200004577637
BM,36.06,-118.39,1957,5,-0.370000004768372
BM,36.06,-118.39,1957,6,2.00300002098083
BM,36.06,-118.39,1957,7,3.51600003242493
BM,36.06,-118.39,1957,8,1.942999958992
BM,36.06,-118.39,1957,9,-0.537999987602234
BM,36.06,-118.39,1957,10,-1.75300002098083
BM,36.06,-118.39,1957,11,-7.5789999961853
BM,36.06,-118.39,1957,12,-9.91399955749512
BM,36.06,-118.39,1958,1,-11.4020004272461
BM,36.06,-118.39,1958,2,-4.6100001335144
BM,36.06,-118.39,1958,3,-7.4229998588562
BM,36.06,-118.39,1958,4,-7.26599979400635
BM,36.06,-118.39,1958,5,-1.96099996566772
BM,36.06,-118.39,1958,6,0.10700000077486
BM,36.06,-118.39,1958,7,1.62699997425079
BM,36.06,-118.39,1958,8,6.86800003051758
BM,36.06,-118.39,1958,9,-0.18299999833107
BM,36.06,-118.39,1958,10,-2.91000008583069
BM,36.06,-118.39,1958,11,-7.35400009155273
BM,36.06,-118.39,1958,12,-9.80099964141846
BM,36.06,-118.39,1959,1,-9.79199981689453
BM,36.06,-118.39,1959,2,-8.18900012969971
BM,36.06,-118.39,1959,3,-10.2150001525879
BM,36.06,-118.39,1959,4,-6.58599996566772
BM,36.06,-118.39,1959,5,-4.33300018310547
BM,36.06,-118.39,1959,6,1.2059999704361
BM,36.06,-118.39,1959,7,5.15999984741211
BM,36.06,-118.39,1959,8,1.90799999237061
BM,36.06,-118.39,1959,9,-3.04699993133545
BM,36.06,-118.39,1959,10,-4.39699983596802
BM,36.06,-118.39,1959,11,-9.59500026702881
BM,36.06,-118.39,1959,12,-10.8039999008179
BM,36.06,-118.39,1960,1,-10.5120000839233
BM,36.06,-118.39,1960,2,-9.48999977111816
BM,36.06,-118.39,1960,3,-6.92500019073486
BM,36.06,-118.39,1960,4,-7.5460000038147
BM,36.06,-118.39,1960,5,-6.53399991989136
BM,36.06,-118.39,1960,6,1.3639999628067
BM,36.06,-118.39,1960,7,3.35999989509583
BM,36.06,-118.39,1960,8,-0.512000024318695
BM,36.06,-118.39,1960,9,0.370999991893768
BM,36.06,-118.39,1960,10,-4.03299999237061
BM,36.06,-118.39,1960,11,-5.85200023651123
BM,36.06,-118.39,1960,12,-11.8629999160767
BM,36.06,-118.39,1961,1,-14.0819997787476
BM,36.06,-118.39,1961,2,-7.48999977111816
BM,36.06,-118.39,1961,3,-7.67700004577637
BM,36.06,-118.39,1961,4,-8.07600021362305
BM,36.06,-118.39,1961,5,-5.68300008773804
BM,36.06,-118.39,1961,6,1.90499997138977
BM,36.06,-118.39,1961,7,4.6560001373291
BM,36.06,-118.39,1961,8,6.07600021362305
BM,36.06,-118.39,1961,9,-4.35799980163574
BM,36.06,-118.39,1961,10,-5.52299976348877
BM,36.06,-118.39,1961,11,-8.54599952697754
BM,36.06,-118.39,1961,12,-10.0129995346069
BM,36.06,-118.39,1965,1,-7.98400020599365
BM,36.06,-118.39,1965,2,-9.7819995880127
BM,36.06,-118.39,1965,3,-9.1540002822876
BM,36.06,-118.39,1965,4,-4.58599996566772
BM,36.06,-118.39,1965,5,-4.02299976348877
BM,36.06,-118.39,1965,6,0.776000022888184
BM,36.06,-118.39,1965,7,3.00399994850159
BM,36.06,-118.39,1965,8,1.83899998664856
BM,36.06,-118.39,1965,9,-5.09800004959106
BM,36.06,-118.39,1965,10,-6.26700019836426
BM,36.06,-118.39,1965,11,-5.00299978256226
BM,36.06,-118.39,1965,12,-10.6800003051758
BM,36.06,-118.39,1966,1,-14.3319997787476
BM,36.06,-118.39,1966,2,-12.6499996185303
BM,36.06,-118.39,1966,3,-9.55599975585938
BM,36.06,-118.39,1966,4,-9.32600021362305
BM,36.06,-118.39,1966,5,-2.08599996566772
BM,36.06,-118.39,1966,6,-0.684000015258789
BM,36.06,-118.39,1966,7,1.92700004577637
BM,36.06,-118.39,1966,8,2.74799990653992
BM,36.06,-118.39,1966,9,-1.13800001144409
BM,36.06,-118.39,1966,10,-4.92600011825562
BM,36.06,-118.39,1966,11,-3.90300011634827
BM,36.06,-118.39,1966,12,-9.62800025939941
BM,36.06,-118.39,1968,1,-11.3590002059937
BM,36.06,-118.39,1968,2,-2.71000003814697
BM,36.06,-118.39,1968,3,-7.6710000038147
BM,36.06,-118.39,1968,4,-8.20100021362305
BM,36.06,-118.39,1968,5,-4.93900012969971
BM,36.06,-118.39,1968,6,-0.870999991893768
BM,36.06,-118.39,1968,7,4.14900016784668
BM,36.06,-118.39,1968,8,0.363999992609024
BM,36.06,-118.39,1968,9,-3.92799997329712
BM,36.06,-118.39,1968,10,-5.88899993896484
BM,36.06,-118.39,1968,11,-6.36299991607666
BM,36.06,-118.39,1968,12,-11.128999710083
BM,36.06,-118.39,1969,1,-8.58600044250488
BM,36.06,-118.39,1969,2,-7.86600017547607
BM,36.06,-118.39,1969,3,-10.4449996948242
BM,36.06,-118.39,1969,4,-7.04199981689453
BM,36.06,-118.39,1969,5,-2.71900010108948
BM,36.06,-118.39,1969,6,2.28800010681152
BM,36.06,-118.39,1969,7,4.93400001525879
BM,36.06,-118.39,1969,8,2.38199996948242
BM,36.06,-118.39,1969,9,0.762000024318695
BM,36.06,-118.39,1969,10,-7.04199981689453
BM,36.06,-118.39,1969,11,-5.84800004959106
BM,36.06,-118.39,1969,12,-8.94099998474121
BM,36.06,-118.39,1970,1,-9.08199977874756
BM,36.06,-118.39,1970,2,-6.67399978637695
BM,36.06,-118.39,1970,3,-8.94900035858154
BM,36.06,-118.39,1970,4,-10.8400001525879
BM,36.06,-118.39,1970,5,-4.50299978256226
BM,36.06,-118.39,1970,6,1.40100002288818
BM,36.06,-118.39,1970,7,5.39200019836426
BM,36.06,-118.39,1970,8,4.01800012588501
BM,36.06,-118.39,1970,9,-7.09600019454956
BM,36.06,-118.39,1970,10,-7.47599983215332
BM,36.06,-118.39,1970,11,-5.16599988937378
BM,36.06,-118.39,1970,12,-9.13199996948242
BM,36.06,-118.39,1971,1,-9.92399978637695
BM,36.06,-118.39,1971,2,-10.4879999160767
BM,36.06,-118.39,1971,3,-10.3669996261597
BM,36.06,-118.39,1971,4,-8.23400020599365
BM,36.06,-118.39,1971,5,-2.03099989891052
BM,36.06,-118.39,1971,6,-1.93799996376038
BM,36.06,-118.39,1971,7,1.8309999704361
BM,36.06,-118.39,1971,8,4.15799999237061
BM,36.06,-118.39,1971,9,-5.53900003433228
BM,36.06,-118.39,1971,10,-6.58199977874756
BM,36.06,-118.39,1971,11,-7.5770001411438
BM,36.06,-118.39,1971,12,-10.6540002822876
BM,36.06,-118.39,1973,1,-11.246000289917
BM,36.06,-118.39,1973,2,-5.58699989318848
BM,36.06,-118.39,1973,3,-8.05399990081787
BM,36.06,-118.39,1973,4,-9.26799964904785
BM,36.06,-118.39,1973,5,-1.70299994945526
BM,36.06,-118.39,1973,6,-2.48000001907349
BM,36.06,-118.39,1973,7,0.759999990463257
BM,36.06,-118.39,1973,8,-0.595000028610229
BM,36.06,-118.39,1973,9,-6.83099985122681
BM,36.06,-118.39,1973,10,-9.49499988555908
BM,36.06,-118.39,1973,11,-6.15299987792969
BM,36.06,-118.39,1973,12,-10.3769998550415
BM,36.06,-118.39,1974,1,-10.2080001831055
BM,36.06,-118.39,1974,2,-12.7959995269775
BM,36.06,-118.39,1974,3,-6.51700019836426
BM,36.06,-118.39,1974,4,-11.4460000991821
BM,36.06,-118.39,1974,5,-6.71799993515015
BM,36.06,-118.39,1974,6,-3.53699994087219
BM,36.06,-118.39,1974,7,2.79399991035461
BM,36.06,-118.39,1974,8,-2.47300004959106
BM,36.06,-118.39,1974,9,-2.15300011634827
BM,36.06,-118.39,1974,10,-3.82599997520447
BM,36.06,-118.39,1974,11,-8.33500003814697
BM,36.06,-118.39,1974,12,-12.4329996109009
BM,36.06,-118.39,1975,1,-13.3020000457764
BM,36.06,-118.39,1975,2,-10.4200000762939
BM,36.06,-118.39,1975,3,-8.37100028991699
BM,36.06,-118.39,1975,4,-10.0590000152588
BM,36.06,-118.39,1975,5,-7.20100021362305
BM,36.06,-118.39,1975,6,-1.32099997997284
BM,36.06,-118.39,1975,7,1.10000002384186
BM,36.06,-118.39,1975,8,-2.75300002098083
BM,36.06,-118.39,1975,9,-0.583999991416931
BM,36.06,-118.39,1975,10,-7.56500005722046
BM,36.06,-118.39,1975,11,-10.1099996566772
BM,36.06,-118.39,1975,12,-10.4119997024536
BM,36.06,-118.39,1976,1,-13.2220001220703
BM,36.06,-118.39,1976,2,-9.67899990081787
BM,36.06,-118.39,1976,3,-14.0729999542236
BM,36.06,-118.39,1976,4,-9.98400020599365
BM,36.06,-118.39,1976,5,-5.08099985122681
BM,36.06,-118.39,1976,6,-3.64299988746643
BM,36.06,-118.39,1976,7,3.75200009346008
BM,36.06,-118.39,1976,8,-1.61000001430511
BM,36.06,-118.39,1976,9,0.662999987602234
BM,36.06,-118.39,1976,10,-5.84800004959106
BM,36.06,-118.39,1976,11,-7.28700017929077
BM,36.06,-118.39,1976,12,-16.0200004577637
BM,36.06,-118.39,1977,1,-13.1789999008179
BM,36.06,-118.39,1977,2,-12.3009996414185
BM,36.06,-118.39,1977,3,-14.5769996643066
BM,36.06,-118.39,1977,4,-10.9379997253418
BM,36.06,-118.39,1977,5,-6.04500007629395
BM,36.06,-118.39,1977,6,0.850000023841858
BM,36.06,-118.39,1977,7,0.266999989748001
BM,36.06,-118.39,1977,8,1.55599999427795
BM,36.06,-118.39,1977,9,-2.92000007629395
BM,36.06,-118.39,1977,10,-6.51000022888184
BM,36.06,-118.39,1977,11,-7.85599994659424
BM,36.06,-118.39,1977,12,-8.54699993133545
BM,36.06,-118.39,1978,1,-7.0019998550415
BM,36.06,-118.39,1978,2,-8.39900016784668
BM,36.06,-118.39,1978,3,-4.79099988937378
BM,36.06,-118.39,1978,4,-8.83399963378906
BM,36.06,-118.39,1978,5,-6.83799982070923
BM,36.06,-118.39,1978,6,-2.88700008392334
BM,36.06,-118.39,1978,7,1.5
BM,36.06,-118.39,1978,8,-1.94799995422363
BM,36.06,-118.39,1978,9,-2.62299990653992
BM,36.06,-118.39,1978,10,-4.56599998474121
BM,36.06,-118.39,1978,11,-5.72499990463257
BM,36.06,-118.39,1978,12,-12.8940000534058
BM,36.06,-118.39,1979,1,-12.4440002441406
BM,36.06,-118.39,1979,2,-12.8380002975464
BM,36.06,-118.39,1979,3,-6.15399980545044
BM,36.06,-118.39,1979,4,-9.82800006866455
BM,36.06,-118.39,1979,5,-3.07999992370605
BM,36.06,-118.39,1979,6,-2.89400005340576
BM,36.06,-118.39,1979,7,-0.234999999403954
BM,36.06,-118.39,1979,8,-0.444000005722046
BM,36.06,-118.39,1979,9,-1.43700003623962
BM,36.06,-118.39,1979,10,-6.14499998092651
BM,36.06,-118.39,1979,11,-11.164999961853
BM,36.06,-118.39,1979,12,-11.6639995574951
BM,36.06,-118.39,1980,1,-9.49499988555908
BM,36.06,-118.39,1980,2,-9.51799964904785
BM,36.06,-118.39,1980,3,-10.9720001220703
BM,36.06,-118.39,1980,4,-9.90900039672852
BM,36.06,-118.39,1980,5,-1.52600002288818
BM,36.06,-118.39,1980,6,-6.17999982833862
BM,36.06,-118.39,1980,7,1.60300004482269
BM,36.06,-118.39,1980,8,-1.35699999332428
BM,36.06,-118.39,1980,9,-3.75399994850159
BM,36.06,-118.39,1980,10,-5.93900012969971
BM,36.06,-118.39,1980,11,-12.8330001831055
BM,36.06,-118.39,1980,12,-11.1639995574951
BM,36.06,-118.39,1981,1,-8.61100006103516
BM,36.06,-118.39,1981,2,-11.6190004348755
BM,36.06,-118.39,1981,3,-7.80200004577637
BM,36.06,-118.39,1981,4,-8.71500015258789
BM,36.06,-118.39,1981,5,-4.07999992370605
BM,36.06,-118.39,1981,6,-0.839999973773956
BM,36.06,-118.39,1981,7,-0.910000026226044
BM,36.06,-118.39,1981,8,0.00100000004749745
BM,36.06,-118.39,1981,9,-1.49800002574921
BM,36.06,-118.39,1981,10,-6.61199998855591
BM,36.06,-118.39,1981,11,-5.65199995040894
BM,36.06,-118.39,1981,12,-8.80399990081787
BM,36.06,-118.39,1982,1,-12.4820003509521
BM,36.06,-118.39,1982,2,-8.18599987030029
BM,36.06,-118.39,1982,3,-8.8149995803833
BM,36.06,-118.39,1982,4,-9.51599979400635
BM,36.06,-118.39,1982,5,-6.31599998474121
BM,36.06,-118.39,1982,6,-1.38199996948242
BM,36.06,-118.39,1982,7,1.84599995613098
BM,36.06,-118.39,1982,8,0.927999973297119
BM,36.06,-118.39,1982,9,-2.1159999370575
BM,36.06,-118.39,1982,10,-8.9709997177124
BM,36.06,-118.39,1982,11,-10.951000213623
BM,36.06,-118.39,1982,12,-12.5209999084473
BM,36.06,-118.39,1983,1,-11.9619998931885
BM,36.06,-118.39,1983,2,-7.82999992370605
BM,36.06,-118.39,1983,3,-6.22399997711182
BM,36.06,-118.39,1983,4,-9.42599964141846
BM,36.06,-118.39,1983,5,-7.71999979019165
BM,36.06,-118.39,1983,6,-3.06900000572205
BM,36.06,-118.39,1983,7,-0.778999984264374
BM,36.06,-118.39,1983,8,3.20099997520447
BM,36.06,-118.39,1983,9,0.462000012397766
BM,36.06,-118.39,1983,10,-3.79299998283386
BM,36.06,-118.39,1983,11,-6.26100015640259
BM,36.06,-118.39,1983,12,-7.48400020599365
BM,36.06,-118.39,1984,1,-14.0480003356934
BM,36.06,-118.39,1984,2,-15.0260000228882
BM,36.06,-118.39,1984,3,-10.7259998321533
BM,36.06,-118.39,1984,4,-10.1759996414185
BM,36.06,-118.39,1984,5,-5.22300004959106
BM,36.06,-118.39,1984,6,-1.91400003433228
BM,36.06,-118.39,1984,7,7.26000022888184
BM,36.06,-118.39,1984,8,5.5479998588562
BM,36.06,-118.39,1984,9,1.77799999713898
BM,36.06,-118.39,1984,10,-6.99100017547607
BM,36.06,-118.39,1984,11,-9.29899978637695
BM,36.06,-118.39,1984,12,-12.1759996414185
BM,36.06,-118.39,1985,1,-13.6809997558594
BM,36.06,-118.39,1985,2,-11.7119998931885
BM,36.06,-118.39,1985,3,-10.7239999771118
BM,36.06,-118.39,1985,4,-7.81599998474121
BM,36.06,-118.39,1985,5,-8.37399959564209
BM,36.06,-118.39,1985,6,-1.21099996566772
BM,36.06,-118.39,1985,7,2.99399995803833
BM,36.06,-118.39,1985,8,-2.4210000038147
BM,36.06,-118.39,1985,9,-4.34299993515015
BM,36.06,-118.39,1985,10,-5.89300012588501
BM,36.06,-118.39,1985,11,-7.22399997711182
BM,36.06,-118.39,1985,12,-12.08899974823
BM,36.06,-118.39,1986,1,-9.35200023651123
BM,36.06,-118.39,1986,2,-6.09899997711182
BM,36.06,-118.39,1986,3,-5.51000022888184
BM,36.06,-118.39,1986,4,-7.3439998626709
BM,36.06,-118.39,1986,5,-6.49100017547607
BM,36.06,-118.39,1986,6,-1.557000041008
BM,36.06,-118.39,1986,7,2.36400008201599
BM,36.06,-118.39,1986,8,2.08899998664856
BM,36.06,-118.39,1986,9,-5.42199993133545
BM,36.06,-118.39,1986,10,-5.02400016784668
BM,36.06,-118.39,1986,11,-7.35599994659424
BM,36.06,-118.39,1986,12,-12.1909999847412
BM,36.06,-118.39,1987,1,-14.4820003509521
BM,36.06,-118.39,1987,2,-11.5679998397827
BM,36.06,-118.39,1987,3,-9.89900016784668
BM,36.06,-118.39,1987,4,-8.23600006103516
BM,36.06,-118.39,1987,5,-0.546999990940094
BM,36.06,-118.39,1987,6,-1.76999998092651
BM,36.06,-118.39,1987,7,-1.48599994182587
BM,36.06,-118.39,1987,8,-0.601000010967255
BM,36.06,-118.39,1987,9,-3.88100004196167
BM,36.06,-118.39,1987,10,-1.84700000286102
BM,36.06,-118.39,1987,11,-5.71000003814697
BM,36.06,-118.39,1987,12,-10.3339996337891
BM,36.06,-118.39,1988,1,-11.9270000457764
BM,36.06,-118.39,1988,2,-10.8500003814697
BM,36.06,-118.39,1988,3,-11.0120000839233
BM,36.06,-118.39,1988,4,-7.43599987030029
BM,36.06,-118.39,1988,5,-7.80299997329712
BM,36.06,-118.39,1988,6,0.120999999344349
BM,36.06,-118.39,1988,7,4.47900009155273
BM,36.06,-118.39,1988,8,3.72099995613098
BM,36.06,-118.39,1988,9,-2.11400008201599
BM,36.06,-118.39,1988,10,-4.74100017547607
BM,36.06,-118.39,1988,11,-5.6399998664856
BM,36.06,-118.39,1988,12,-12.1630001068115
BM,36.06,-118.39,1989,1,-13.3920001983643
BM,36.06,-118.39,1989,2,-9.43299961090088
BM,36.06,-118.39,1989,3,-7.18800020217896
BM,36.06,-118.39,1989,4,-9.86600017547607
BM,36.06,-118.39,1989,5,-6.22900009155273
BM,36.06,-118.39,1989,6,-0.865000009536743
BM,36.06,-118.39,1989,7,-0.591000020503998
BM,36.06,-118.39,1989,8,-1.35399997234344
BM,36.06,-118.39,1989,9,-1.86500000953674
BM,36.06,-118.39,1989,10,-6.13299989700317
BM,36.06,-118.39,1989,11,-11.1129999160767
BM,36.06,-118.39,1989,12,-14.6569995880127
BM,36.06,-118.39,1990,1,-11.878999710083
BM,36.06,-118.39,1990,2,-12.0279998779297
BM,36.06,-118.39,1990,3,-10.2320003509521
BM,36.06,-118.39,1990,4,-3.75200009346008
BM,36.06,-118.39,1990,5,-4.83300018310547
BM,36.06,-118.39,1990,6,-1.58500003814697
BM,36.06,-118.39,1990,7,4.46299982070923
BM,36.06,-118.39,1990,8,0.839999973773956
BM,36.06,-118.39,1990,9,0.901000022888184
BM,36.06,-118.39,1990,10,-7.25500011444092
BM,36.06,-118.39,1990,11,-10.9969997406006
BM,36.06,-118.39,1990,12,-17.9790000915527
BM,36.06,-118.39,1991,1,-13.5679998397827
BM,36.06,-118.39,1991,2,-11.5740003585815
BM,36.06,-118.39,1991,3,-9.39299964904785
BM,36.06,-118.39,1991,4,-10.3249998092651
BM,36.06,-118.39,1991,5,-6.22200012207031
BM,36.06,-118.39,1991,6,-2.63800001144409
BM,36.06,-118.39,1991,7,2.37800002098083
BM,36.06,-118.39,1991,8,0.959999978542328
BM,36.06,-118.39,1991,9,2.29099988937378
BM,36.06,-118.39,1991,10,-3.50300002098083
BM,36.06,-118.39,1991,11,-6.66300010681152
BM,36.06,-118.39,1991,12,-12.7869997024536
BM,36.06,-118.39,1992,1,-15.3229999542236
BM,36.06,-118.39,1992,2,-5.58799982070923
BM,36.06,-118.39,1992,3,-4.23799991607666
BM,36.06,-118.39,1992,4,-6.83799982070923
BM,36.06,-118.39,1992,5,-0.541000008583069
BM,36.06,-118.39,1992,6,0.73199999332428
BM,36.06,-118.39,1992,7,3.70700001716614
BM,36.06,-118.39,1992,8,2.50699996948242
BM,36.06,-118.39,1992,9,-3.84999990463257
BM,36.06,-118.39,1992,10,-3.61899995803833
BM,36.06,-118.39,1992,11,-11.2799997329712
BM,36.06,-118.39,1992,12,-12.7299995422363
BM,36.06,-118.39,1993,1,-11.5019998550415
BM,36.06,-118.39,1993,2,-6.76800012588501
BM,36.06,-118.39,1993,3,-6.14799976348877
BM,36.06,-118.39,1993,4,-9.57900047302246
BM,36.06,-118.39,1993,5,-3.84299993515015
BM,36.06,-118.39,1993,6,-1.92200005054474
BM,36.06,-118.39,1993,7,-2.02900004386902
BM,36.06,-118.39,1993,8,-0.0370000004768372
BM,36.06,-118.39,1993,9,-5.72900009155273
BM,36.06,-118.39,1993,10,-5.20100021362305
BM,36.06,-118.39,1993,11,-12.03600025177
BM,36.06,-118.39,1993,12,-12.628999710083
BM,36.06,-118.39,1994,1,-12.8780002593994
BM,36.06,-118.39,1994,2,-11.3290004730225
BM,36.06,-118.39,1994,3,-9.15299987792969
BM,36.06,-118.39,1994,4,-7.13800001144409
BM,36.06,-118.39,1994,5,-3.22499990463257
BM,36.06,-118.39,1994,6,-4.61299991607666
BM,36.06,-118.39,1994,7,-0.40200001001358
BM,36.06,-118.39,1994,8,0.0149999996647239
BM,36.06,-118.39,1994,9,-3.13100004196167
BM,36.06,-118.39,1994,10,-5.4689998626709
BM,36.06,-118.39,1994,11,-10.6560001373291
BM,36.06,-118.39,1994,12,-9.65999984741211
BM,36.06,-118.39,1995,1,-6.57200002670288
BM,36.06,-118.39,1995,2,-8.13799953460693
BM,36.06,-118.39,1995,3,-6.91699981689453
BM,36.06,-118.39,1995,4,-8.38099956512451
BM,36.06,-118.39,1995,5,-1.0460000038147
BM,36.06,-118.39,1995,6,-0.662000000476837
BM,36.06,-118.39,1995,7,1.43599998950958
BM,36.06,-118.39,1995,8,-0.108000002801418
BM,36.06,-118.39,1995,9,-1.57200002670288
BM,36.06,-118.39,1995,10,-8.81799983978271
BM,36.06,-118.39,1995,11,-7.06599998474121
BM,36.06,-118.39,1995,12,-10.3889999389648
BM,36.06,-118.39,1996,1,-11.2480001449585
BM,36.06,-118.39,1996,2,-4.71400022506714
BM,36.06,-118.39,1996,3,-10.8179998397827
BM,36.06,-118.39,1996,4,-8.69499969482422
BM,36.06,-118.39,1996,5,-4.78999996185303
BM,36.06,-118.39,1996,6,-1.68400001525879
BM,36.06,-118.39,1996,7,3.63800001144409
BM,36.06,-118.39,1996,8,1.53600001335144
BM,36.06,-118.39,1996,9,-2.72000002861023
BM,36.06,-118.39,1996,10,-6.75099992752075
BM,36.06,-118.39,1996,11,-5.8270001411438
BM,36.06,-118.39,1996,12,-8.11499977111816
BM,36.06,-118.39,1997,1,-8.14099979400635
BM,36.06,-118.39,1997,2,-11.5209999084473
BM,36.06,-118.39,1997,3,-11.7770004272461
BM,36.06,-118.39,1997,4,-7.59499979019165
BM,36.06,-118.39,1997,5,-2.13199996948242
BM,36.06,-118.39,1997,6,0.0820000022649765
BM,36.06,-118.39,1997,7,1.40600001811981
BM,36.06,-118.39,1997,8,1.99500000476837
BM,36.06,-118.39,1997,9,2.97300004959106
BM,36.06,-118.39,1997,10,-6.51700019836426
BM,36.06,-118.39,1997,11,-5.71600008010864
BM,36.06,-118.39,1997,12,-13.7259998321533
BM,36.06,-118.39,1998,1,-8.5
BM,36.06,-118.39,1998,2,-7.02799987792969
BM,36.06,-118.39,1998,3,-8.47399997711182
BM,36.06,-118.39,1998,4,-8.39999961853027
BM,36.06,-118.39,1998,5,-4.92399978637695
BM,36.06,-118.39,1998,6,-0.017000000923872
BM,36.06,-118.39,1998,7,3.94199991226196
BM,36.06,-118.39,1998,8,2.20199990272522
BM,36.06,-118.39,1998,9,2.2409999370575
BM,36.06,-118.39,1998,10,-7.22300004959106
BM,36.06,-118.39,1998,11,-7.88500022888184
BM,36.06,-118.39,1998,12,-13.1719999313354
BM,36.06,-118.39,1999,1,-13.2880001068115
BM,36.06,-118.39,1999,2,-11.3219995498657
BM,36.06,-118.39,1999,3,-10.5860004425049
BM,36.06,-118.39,1999,4,-9.49699974060059
BM,36.06,-118.39,1999,5,-4.42799997329712
BM,36.06,-118.39,1999,6,-1.84899997711182
BM,36.06,-118.39,1999,7,2.27500009536743
BM,36.06,-118.39,1999,8,0.580999970436096
BM,36.06,-118.39,1999,9,-1.43900001049042
BM,36.06,-118.39,1999,10,-9.25300025939941
BM,36.06,-118.39,1999,11,-10.878999710083
BM,36.06,-118.39,1999,12,-14.5970001220703
BM,36.06,-118.39,2000,1,-11.2180004119873
BM,36.06,-118.39,2000,2,-8.5939998626709
BM,36.06,-118.39,2000,3,-9.33500003814697
BM,36.06,-118.39,2000,4,-7.97300004959106
BM,36.06,-118.39,2000,5,-3.69000005722046
BM,36.06,-118.39,2000,6,-0.234999999403954
BM,36.06,-118.39,2000,7,-0.779999971389771
BM,36.06,-118.39,2000,8,0.0649999976158142
BM,36.06,-118.39,2000,9,-3.6340000629425
BM,36.06,-118.39,2000,10,-3.99399995803833
BM,36.06,-118.39,2000,11,-11.3450002670288
BM,36.06,-118.39,2000,12,-13.3920001983643
BM,36.06,-118.39,2001,1,-12.4930000305176
BM,36.06,-118.39,2001,2,-10.1339998245239
BM,36.06,-118.39,2001,3,-6.6560001373291
BM,36.06,-118.39,2001,4,-8.10200023651123
BM,36.06,-118.39,2001,5,-3.65000009536743
BM,36.06,-118.39,2001,6,-3.74300003051758
BM,36.06,-118.39,2001,7,1.59300005435944
BM,36.06,-118.39,2001,8,0.229000002145767
BM,36.06,-118.39,2001,9,-2.19099998474121
BM,36.06,-118.39,2001,10,-5.92799997329712
BM,36.06,-118.39,2001,11,-4.8769998550415
BM,36.06,-118.39,2001,12,-9.88399982452393
BM,36.06,-118.39,2002,1,-14.41100025177
BM,36.06,-118.39,2002,2,-13.0450000762939
BM,36.06,-118.39,2002,3,-12.3970003128052
BM,36.06,-118.39,2002,4,-7.61399984359741
BM,36.06,-118.39,2002,5,-6.15199995040894
BM,36.06,-118.39,2002,6,-1.9190000295639
BM,36.06,-118.39,2002,7,1.90499997138977
BM,36.06,-118.39,2002,8,-2.70600008964539
BM,36.06,-118.39,2002,9,-2.69000005722046
BM,36.06,-118.39,2002,10,-6.59299993515015
BM,36.06,-118.39,2002,11,-9.39900016784668
BM,36.06,-118.39,2002,12,-9.8459997177124
BM,36.06,-118.39,2003,1,-9.08100032806396
BM,36.06,-118.39,2003,2,-10.6160001754761
BM,36.06,-118.39,2003,3,-9.01700019836426
BM,36.06,-118.39,2003,4,-8.86699962615967
BM,36.06,-118.39,2003,5,-4.83599996566772
BM,36.06,-118.39,2003,6,-0.559000015258789
BM,36.06,-118.39,2003,7,1.97000002861023
BM,36.06,-118.39,2003,8,3.68600010871887
BM,36.06,-118.39,2003,9,-2.77900004386902
BM,36.06,-118.39,2003,10,-6.8600001335144
BM,36.06,-118.39,2003,11,-9.26900005340576
BM,36.06,-118.39,2003,12,-10.798999786377
BM,36.06,-118.39,2004,1,-11.9169998168945
BM,36.06,-118.39,2004,2,-9.47599983215332
BM,36.06,-118.39,2004,3,-9.02299976348877
BM,36.06,-118.39,2004,4,-8.38300037384033
BM,36.06,-118.39,2004,5,-7.2649998664856
BM,36.06,-118.39,2004,6,-1.22699999809265
BM,36.06,-118.39,2004,7,1.15299999713898
BM,36.06,-118.39,2004,8,2.89100003242493
BM,36.06,-118.39,2004,9,-5.89799976348877
BM,36.06,-118.39,2004,10,-4.83900022506714
BM,36.06,-118.39,2004,11,-8.98200035095215
BM,36.06,-118.39,2004,12,-12.5950002670288
BM,36.06,-118.39,2005,1,-8.2810001373291
BM,36.06,-118.39,2005,2,-7.91599988937378
BM,36.06,-118.39,2005,3,-9.82100009918213
BM,36.06,-118.39,2005,4,-10.5600004196167
BM,36.06,-118.39,2005,5,-3.38100004196167
BM,36.06,-118.39,2005,6,-1.93400001525879
BM,36.06,-118.39,2005,7,3.98000001907349
BM,36.06,-118.39,2005,8,0.796999990940094
BM,36.06,-118.39,2005,9,-4.61600017547607
BM,36.06,-118.39,2005,10,-4.98299980163574
BM,36.06,-118.39,2005,11,-8.74300003051758
BM,36.06,-118.39,2005,12,-9.21000003814697
BM,36.06,-118.39,2006,1,-11.6470003128052
BM,36.06,-118.39,2006,2,-13.7220001220703
BM,36.06,-118.39,2006,3,-12.3039999008179
BM,36.06,-118.39,2006,4,-7.10400009155273
BM,36.06,-118.39,2006,5,-2.91499996185303
BM,36.06,-118.39,2006,6,-0.156000003218651
BM,36.06,-118.39,2006,7,3.82500004768372
BM,36.06,-118.39,2006,8,-1.74300003051758
BM,36.06,-118.39,2006,9,-5.63500022888184
BM,36.06,-118.39,2006,10,-7.28200006484985
BM,36.06,-118.39,2006,11,-9.23999977111816
BM,36.06,-118.39,2006,12,-13.5019998550415
BM,36.06,-118.39,2007,1,-15.5600004196167
BM,36.06,-118.39,2007,2,-9.20699977874756
BM,36.06,-118.39,2007,3,-9.97399997711182
BM,36.06,-118.39,2007,4,-6.89900016784668
BM,36.06,-118.39,2007,5,-6.55200004577637
BM,36.06,-118.39,2007,6,-3.55299997329712
BM,36.06,-118.39,2007,7,0.523000001907349
BM,36.06,-118.39,2007,8,-0.331000000238419
BM,36.06,-118.39,2007,9,-1.50999999046326
BM,36.06,-118.39,2007,10,-7.11299991607666
BM,36.06,-118.39,2007,11,-11.4949998855591
BM,36.06,-118.39,2007,12,-11.6350002288818
BM,36.06,-118.39,2008,1,-12.0620002746582
BM,36.06,-118.39,2008,2,-10.1350002288818
BM,36.06,-118.39,2008,3,-12.9429998397827
BM,36.06,-118.39,2008,4,-11.2510004043579
BM,36.06,-118.39,2008,5,-6.48699998855591
BM,36.06,-118.39,2008,6,-4.19700002670288
BM,36.06,-118.39,2008,7,1.93499994277954
BM,36.06,-118.39,2008,8,0.514999985694885
BM,36.06,-118.39,2008,9,-4.81199979782104
BM,36.06,-118.39,2008,10,-7.75
BM,36.06,-118.39,2008,11,-6.06699991226196
BM,36.06,-118.39,2008,12,-12.2469997406006
BM,36.06,-118.39,2009,1,-12.4899997711182
BM,36.06,-118.39,2009,2,-10.8529996871948
BM,36.06,-118.39,2009,3,-10.5319995880127
BM,36.06,-118.39,2009,4,-8.8430004119873
BM,36.06,-118.39,2009,5,-2.4449999332428
BM,36.06,-118.39,2009,6,-0.402999997138977
BM,36.06,-118.39,2009,7,0.930999994277954
BM,36.06,-118.39,2009,8,-2.64400005340576
BM,36.06,-118.39,2009,9,-3.48600006103516
BM,36.06,-118.39,2009,10,-6.44500017166138
BM,36.06,-118.39,2009,11,-10.71399974823
BM,36.06,-118.39,2009,12,-11.4340000152588
BM,36.06,-118.39,2010,1,-9.21700000762939
BM,36.06,-118.39,2010,2,-9.17000007629395
BM,36.06,-118.39,2010,3,-12.4250001907349
BM,36.06,-118.39,2010,4,-9.64799976348877
BM,36.06,-118.39,2010,5,-7.00600004196167
BM,36.06,-118.39,2010,6,-0.137999996542931
BM,36.06,-118.39,2010,7,2.1800000667572
BM,36.06,-118.39,2010,8,-1.74300003051758
BM,36.06,-118.39,2010,9,-5.10200023651123
BM,36.06,-118.39,2010,10,-1.64999997615814
BM,36.06,-118.39,2010,11,-8.9399995803833
BM,36.06,-118.39,2010,12,-7.68400001525879
BM,36.06,-118.39,2011,1,-13.4720001220703
BM,36.06,-118.39,2011,2,-13.6859998703003
BM,36.06,-118.39,2011,3,-9.15900039672852
BM,36.06,-118.39,2011,4,-7.77799987792969
BM,36.06,-118.39,2011,5,-5.77799987792969
BM,36.06,-118.39,2011,6,-1.1139999628067
BM,36.06,-118.39,2011,7,3.01799988746643
BM,36.06,-118.39,2011,8,0.603999972343445
BM,36.06,-118.39,2011,9,-1.05900001525879
BM,36.06,-118.39,2011,10,-3.8510000705719
BM,36.06,-118.39,2011,11,-9.09000015258789
BM,36.06,-118.39,2011,12,-17.3090000152588
BM,36.06,-118.39,2012,1,-15.78600025177
BM,36.06,-118.39,2012,2,-12.2370004653931
BM,36.06,-118.39,2012,3,-11.9490003585815
BM,36.06,-118.39,2012,4,-9.66600036621094
BM,36.06,-118.39,2012,5,-6.75899982452393
BM,36.06,-118.39,2012,6,-2.9449999332428
BM,36.06,-118.39,2012,7,-0.0860000029206276
BM,36.06,-118.39,2012,8,2.11199998855591
BM,36.06,-118.39,2012,9,-1.95200002193451
BM,36.06,-118.39,2012,10,-4.3769998550415
BM,36.06,-118.39,2012,11,-8.28299999237061
BM,36.06,-118.39,2012,12,-9.18400001525879
BM,36.06,-118.39,1895,1,-11.3990001678467
BM,36.06,-118.39,1895,2,-9.47399997711182
BM,36.06,-118.39,1895,3,-9.97200012207031
BM,36.06,-118.39,1895,4,-8.61999988555908
BM,36.06,-118.39,1895,5,-4.17600011825562
BM,36.06,-118.39,1895,6,-1.24300003051758
BM,36.06,-118.39,1895,7,2.15599989891052
BM,36.06,-118.39,1895,8,1.26600003242493
BM,36.06,-118.39,1895,9,-3.23300004005432
BM,36.06,-118.39,1895,10,-4.69299983978271
BM,36.06,-118.39,1895,11,-8.91399955749512
BM,36.06,-118.39,1895,12,-12.5050001144409
BM,36.06,-118.39,1896,1,-9.82600021362305
BM,36.06,-118.39,1896,2,-9.88599967956543
BM,36.06,-118.39,1896,3,-8.66199970245361
BM,36.06,-118.39,1896,4,-9.42899990081787
BM,36.06,-118.39,1896,5,-5.1560001373291
BM,36.06,-118.39,1896,6,-1.07500004768372
BM,36.06,-118.39,1896,7,3.60500001907349
BM,36.06,-118.39,1896,8,2.07299995422363
BM,36.06,-118.39,1896,9,-1.28900003433228
BM,36.06,-118.39,1896,10,-4.8270001411438
BM,36.06,-118.39,1896,11,-7.96700000762939
BM,36.06,-118.39,1896,12,-9.69499969482422
BM,36.06,-118.39,1899,1,-10.128999710083
BM,36.06,-118.39,1899,2,-10.5979995727539
BM,36.06,-118.39,1899,3,-8.9680004119873
BM,36.06,-118.39,1899,4,-7.92899990081787
BM,36.06,-118.39,1899,5,-5.71799993515015
BM,36.06,-118.39,1899,6,-0.720000028610229
BM,36.06,-118.39,1899,7,1.86300003528595
BM,36.06,-118.39,1899,8,1.14800000190735
BM,36.06,-118.39,1899,9,-2.20600008964539
BM,36.06,-118.39,1899,10,-4.84000015258789
BM,36.06,-118.39,1899,11,-5.73999977111816
BM,36.06,-118.39,1899,12,-11.0010004043579
BM,36.06,-118.39,1910,1,-13.6059999465942
BM,36.06,-118.39,1910,2,-11.03600025177
BM,36.06,-118.39,1910,3,-8.45899963378906
BM,36.06,-118.39,1910,4,-7.42399978637695
BM,36.06,-118.39,1910,5,-4.70699977874756
BM,36.06,-118.39,1910,6,-2.16400003433228
BM,36.06,-118.39,1910,7,2.11800003051758
BM,36.06,-118.39,1910,8,0.165000006556511
BM,36.06,-118.39,1910,9,-2.52999997138977
BM,36.06,-118.39,1910,10,-5.2960000038147
BM,36.06,-118.39,1910,11,-7.57000017166138
BM,36.06,-118.39,1910,12,-10.7510004043579
BM,36.06,-118.39,1921,1,-11.8409996032715
BM,36.06,-118.39,1921,2,-10.4630002975464
BM,36.06,-118.39,1921,3,-8.92599964141846
BM,36.06,-118.39,1921,4,-9.68400001525879
BM,36.06,-118.39,1921,5,-5.08900022506714
BM,36.06,-118.39,1921,6,-0.931999981403351
BM,36.06,-118.39,1921,7,2.13499999046326
BM,36.06,-118.39,1921,8,1.02600002288818
BM,36.06,-118.39,1921,9,-2.57800006866455
BM,36.06,-118.39,1921,10,-5.13399982452393
BM,36.06,-118.39,1921,11,-9.54300022125244
BM,36.06,-118.39,1921,12,-9.82400035858154
BM,36.06,-118.39,1922,1,-14.8780002593994
BM,36.06,-118.39,1922,2,-10.58899974823
BM,36.06,-118.39,1922,3,-11.0220003128052
BM,36.06,-118.39,1922,4,-10.7729997634888
BM,36.06,-118.39,1922,5,-5.15899991989136
BM,36.06,-118.39,1922,6,-1.18599998950958
BM,36.06,-118.39,1922,7,2.48600006103516
BM,36.06,-118.39,1922,8,1.26600003242493
BM,36.06,-118.39,1922,9,-1.65699994564056
BM,36.06,-118.39,1922,10,-5.65999984741211
BM,36.06,-118.39,1922,11,-10.6149997711182
BM,36.06,-118.39,1922,12,-9.70400047302246
BM,36.06,-118.39,1930,1,-12.03600025177
BM,36.06,-118.39,1930,2,-8.80300045013428
BM,36.06,-118.39,1930,3,-8.97000026702881
BM,36.06,-118.39,1930,4,-7.3289999961853
BM,36.06,-118.39,1930,5,-5.56599998474121
BM,36.06,-118.39,1930,6,-1.692999958992
BM,36.06,-118.39,1930,7,1.81400001049042
BM,36.06,-118.39,1930,8,1.47599995136261
BM,36.06,-118.39,1930,9,-1.80999994277954
BM,36.06,-118.39,1930,10,-6.2979998588562
BM,36.06,-118.39,1930,11,-9.41800022125244
BM,36.06,-118.39,1930,12,-14.168999671936
BM,36.06,-118.39,1935,1,-11.6339998245239
BM,36.06,-118.39,1935,2,-9.45699977874756
BM,36.06,-118.39,1935,3,-11.6470003128052
BM,36.06,-118.39,1935,4,-6.78700017929077
BM,36.06,-118.39,1935,5,-4.93300008773804
BM,36.06,-118.39,1935,6,-1.29799997806549
BM,36.06,-118.39,1935,7,1.83800005912781
BM,36.06,-118.39,1935,8,1.53900003433228
BM,36.06,-118.39,1935,9,-1.72899997234344
BM,36.06,-118.39,1935,10,-5.82399988174438
BM,36.06,-118.39,1935,11,-10.835000038147
BM,36.06,-118.39,1935,12,-11.7379999160767
BM,36.06,-118.39,1937,1,-16.257999420166
BM,36.06,-118.39,1937,2,-10.9680004119873
BM,36.06,-118.39,1937,3,-8.9399995803833
BM,36.06,-118.39,1937,4,-9.125
BM,36.06,-118.39,1937,5,-4.99900007247925
BM,36.06,-118.39,1937,6,-0.705999970436096
BM,36.06,-118.39,1937,7,2.74000000953674
BM,36.06,-118.39,1937,8,0.986999988555908
BM,36.06,-118.39,1937,9,-1.88999998569489
BM,36.06,-118.39,1937,10,-5.40999984741211
BM,36.06,-118.39,1937,11,-7.38100004196167
BM,36.06,-118.39,1937,12,-10.1300001144409
BM,36.06,-118.39,1939,1,-12.1859998703003
BM,36.06,-118.39,1939,2,-12.4329996109009
BM,36.06,-118.39,1939,3,-9.8430004119873
BM,36.06,-118.39,1939,4,-7.5939998626709
BM,36.06,-118.39,1939,5,-4.55299997329712
BM,36.06,-118.39,1939,6,-1.71099996566772
BM,36.06,-118.39,1939,7,2.25600004196167
BM,36.06,-118.39,1939,8,1.54799997806549
BM,36.06,-118.39,1939,9,-0.453999996185303
BM,36.06,-118.39,1939,10,-5.74399995803833
BM,36.06,-118.39,1939,11,-9.70899963378906
BM,36.06,-118.39,1939,12,-10.451000213623
BM,36.06,-118.39,1946,1,-13.0629997253418
BM,36.06,-118.39,1946,2,-11.5769996643066
BM,36.06,-118.39,1946,3,-9.83899974822998
BM,36.06,-118.39,1946,4,-7.58099985122681
BM,36.06,-118.39,1946,5,-4.11399984359741
BM,36.06,-118.39,1946,6,-1.17499995231628
BM,36.06,-118.39,1946,7,3.34899997711182
BM,36.06,-118.39,1946,8,1.625
BM,36.06,-118.39,1946,9,-2.29099988937378
BM,36.06,-118.39,1946,10,-6.08799982070923
BM,36.06,-118.39,1946,11,-9.12199974060059
BM,36.06,-118.39,1946,12,-9.31700038909912
BM,36.06,-118.39,1949,1,-15.1660003662109
BM,36.06,-118.39,1949,2,-9.47900009155273
BM,36.06,-118.39,1949,3,-7.8730001449585
BM,36.06,-118.39,1949,4,-5.58300018310547
BM,36.06,-118.39,1949,5,-1.7940000295639
BM,36.06,-118.39,1949,6,1.21200001239777
BM,36.06,-118.39,1949,7,3.9779999256134
BM,36.06,-118.39,1949,8,-0.999000012874603
BM,36.06,-118.39,1949,9,-1.00199997425079
BM,36.06,-118.39,1949,10,-4.06699991226196
BM,36.06,-118.39,1949,11,-5.1560001373291
BM,36.06,-118.39,1949,12,-11.7410001754761
BM,36.06,-118.39,1953,1,-8.31999969482422
BM,36.06,-118.39,1953,2,-11.8699998855591
BM,36.06,-118.39,1953,3,-10.0979995727539
BM,36.06,-118.39,1953,4,-6.67700004577637
BM,36.06,-118.39,1953,5,-6.06300020217896
BM,36.06,-118.39,1953,6,-4.7649998664856
BM,36.06,-118.39,1953,7,5.56799983978271
BM,36.06,-118.39,1953,8,1.39400005340576
BM,36.06,-118.39,1953,9,-1.74100005626678
BM,36.06,-118.39,1953,10,-4.35799980163574
BM,36.06,-118.39,1953,11,-3.12100005149841
BM,36.06,-118.39,1953,12,-13.8059997558594
BM,36.06,-118.39,1962,1,-12.1920003890991
BM,36.06,-118.39,1962,2,-6.61100006103516
BM,36.06,-118.39,1962,3,-12.7440004348755
BM,36.06,-118.39,1962,4,-9.38599967956543
BM,36.06,-118.39,1962,5,-5.96299982070923
BM,36.06,-118.39,1962,6,-0.732999980449677
BM,36.06,-118.39,1962,7,1.96800005435944
BM,36.06,-118.39,1962,8,-0.432000011205673
BM,36.06,-118.39,1962,9,-2.64800000190735
BM,36.06,-118.39,1962,10,-4.34299993515015
BM,36.06,-118.39,1962,11,-6.84299993515015
BM,36.06,-118.39,1962,12,-10.3240003585815
BM,36.06,-118.39,1963,1,-14.2889995574951
BM,36.06,-118.39,1963,2,-5.73000001907349
BM,36.06,-118.39,1963,3,-12.1339998245239
BM,36.06,-118.39,1963,4,-10.1359996795654
BM,36.06,-118.39,1963,5,-4.31500005722046
BM,36.06,-118.39,1963,6,0.679000020027161
BM,36.06,-118.39,1963,7,-0.0450000017881393
BM,36.06,-118.39,1963,8,1.61800003051758
BM,36.06,-118.39,1963,9,0.851999998092651
BM,36.06,-118.39,1963,10,-1.89900004863739
BM,36.06,-118.39,1963,11,-6.27099990844727
BM,36.06,-118.39,1963,12,-12.6140003204346
BM,36.06,-118.39,1964,1,-12.8730001449585
BM,36.06,-118.39,1964,2,-14.5579996109009
BM,36.06,-118.39,1964,3,-11.5459995269775
BM,36.06,-118.39,1964,4,-7.27600002288818
BM,36.06,-118.39,1964,5,-5.41300010681152
BM,36.06,-118.39,1964,6,-0.256999999284744
BM,36.06,-118.39,1964,7,3.43199992179871
BM,36.06,-118.39,1964,8,2.74799990653992
BM,36.06,-118.39,1964,9,-3.79800009727478
BM,36.06,-118.39,1964,10,-1.83000004291534
BM,36.06,-118.39,1964,11,-7.51999998092651
BM,36.06,-118.39,1964,12,-7.84200000762939
BM,36.06,-118.39,1967,1,-10.1820001602173
BM,36.06,-118.39,1967,2,-10.6700000762939
BM,36.06,-118.39,1967,3,-9.50300025939941
BM,36.06,-118.39,1967,4,-9.55599975585938
BM,36.06,-118.39,1967,5,-3.65499997138977
BM,36.06,-118.39,1967,6,1.37199997901917
BM,36.06,-118.39,1967,7,5.13899993896484
BM,36.06,-118.39,1967,8,4.15899991989136
BM,36.06,-118.39,1967,9,2.18199992179871
BM,36.06,-118.39,1967,10,-7.70100021362305
BM,36.06,-118.39,1967,11,-3.2590000629425
BM,36.06,-118.39,1967,12,-10.7250003814697
BM,36.06,-118.39,1972,1,-12.3570003509521
BM,36.06,-118.39,1972,2,-7.96700000762939
BM,36.06,-118.39,1972,3,-7.64499998092651
BM,36.06,-118.39,1972,4,-8.90900039672852
BM,36.06,-118.39,1972,5,-4.14900016784668
BM,36.06,-118.39,1972,6,3.21399998664856
BM,36.06,-118.39,1972,7,2.15899991989136
BM,36.06,-118.39,1972,8,0.209000006318092
BM,36.06,-118.39,1972,9,-0.950999975204468
BM,36.06,-118.39,1972,10,-2.54399991035461
BM,36.06,-118.39,1972,11,-6.97300004959106
BM,36.06,-118.39,1972,12,-11.1719999313354
