site,lat,long,year,month,vpdmax
BM,36.06,-118.39,1895,1,4.32399988174438
BM,36.06,-118.39,1895,2,4.88800001144409
BM,36.06,-118.39,1895,3,6.64699983596802
BM,36.06,-118.39,1895,4,8.63899993896484
BM,36.06,-118.39,1895,5,10.4940004348755
BM,36.06,-118.39,1895,6,14.9280004501343
BM,36.06,-118.39,1895,7,13.8990001678467
BM,36.06,-118.39,1895,8,16.7919998168945
BM,36.06,-118.39,1895,9,13.0959997177124
BM,36.06,-118.39,1895,10,8.87199974060059
BM,36.06,-118.39,1895,11,6.7350001335144
BM,36.06,-118.39,1895,12,5.70499992370605
BM,36.06,-118.39,1896,1,6.08400011062622
BM,36.06,-118.39,1896,2,7.04099988937378
BM,36.06,-118.39,1896,3,5.70599985122681
BM,36.06,-118.39,1896,4,5
BM,36.06,-118.39,1896,5,7.1560001373291
BM,36.06,-118.39,1896,6,16.5240001678467
BM,36.06,-118.39,1896,7,15.1309995651245
BM,36.06,-118.39,1896,8,14.4280004501343
BM,36.06,-118.39,1896,9,11.0120000839233
BM,36.06,-118.39,1896,10,10.9879999160767
BM,36.06,-118.39,1896,11,5.38600015640259
BM,36.06,-118.39,1896,12,6.64799976348877
BM,36.06,-118.39,1897,1,5.2649998664856
BM,36.06,-118.39,1897,2,3.21300005912781
BM,36.06,-118.39,1897,3,3.54800009727478
BM,36.06,-118.39,1897,4,8.59099960327148
BM,36.06,-118.39,1897,5,12.8330001831055
BM,36.06,-118.39,1897,6,11.3520002365112
BM,36.06,-118.39,1897,7,15.9610004425049
BM,36.06,-118.39,1897,8,19.1599998474121
BM,36.06,-118.39,1897,9,11.3690004348755
BM,36.06,-118.39,1897,10,7.19600009918213
BM,36.06,-118.39,1897,11,6.90399980545044
BM,36.06,-118.39,1897,12,4.36499977111816
BM,36.06,-118.39,1898,1,3.58400011062622
BM,36.06,-118.39,1898,2,5.08300018310547
BM,36.06,-118.39,1898,3,5.23299980163574
BM,36.06,-118.39,1898,4,11.6719999313354
BM,36.06,-118.39,1898,5,7.83699989318848
BM,36.06,-118.39,1898,6,14.1929998397827
BM,36.06,-118.39,1898,7,17.6660003662109
BM,36.06,-118.39,1898,8,19.4459991455078
BM,36.06,-118.39,1898,9,15.6450004577637
BM,36.06,-118.39,1898,10,9.40900039672852
BM,36.06,-118.39,1898,11,6.76399993896484
BM,36.06,-118.39,1898,12,4.72300004959106
BM,36.06,-118.39,1899,1,5.09800004959106
BM,36.06,-118.39,1899,2,4.5770001411438
BM,36.06,-118.39,1899,3,5.94399976730347
BM,36.06,-118.39,1899,4,9.13599967956543
BM,36.06,-118.39,1899,5,7.32499980926514
BM,36.06,-118.39,1899,6,16.0860004425049
BM,36.06,-118.39,1899,7,20.0879993438721
BM,36.06,-118.39,1899,8,14.6870002746582
BM,36.06,-118.39,1899,9,20.378999710083
BM,36.06,-118.39,1899,10,7.24200010299683
BM,36.06,-118.39,1899,11,6.28399991989136
BM,36.06,-118.39,1899,12,4.47200012207031
BM,36.06,-118.39,1900,1,5.40000009536743
BM,36.06,-118.39,1900,2,6.43100023269653
BM,36.06,-118.39,1900,3,9.12899971008301
BM,36.06,-118.39,1900,4,6.16800022125244
BM,36.06,-118.39,1900,5,11.03600025177
BM,36.06,-118.39,1900,6,16.6439990997314
BM,36.06,-118.39,1900,7,19.9379997253418
BM,36.06,-118.39,1900,8,15.1059999465942
BM,36.06,-118.39,1900,9,11.0299997329712
BM,36.06,-118.39,1900,10,8.12600040435791
BM,36.06,-118.39,1900,11,7.09100008010864
BM,36.06,-118.39,1900,12,5.59700012207031
BM,36.06,-118.39,1901,1,4.11600017547607
BM,36.06,-118.39,1901,2,3.57500004768372
BM,36.06,-118.39,1901,3,6.24399995803833
BM,36.06,-118.39,1901,4,8.56999969482422
BM,36.06,-118.39,1901,5,8.67899990081787
BM,36.06,-118.39,1901,6,14.2650003433228
BM,36.06,-118.39,1901,7,19.4839992523193
BM,36.06,-118.39,1901,8,19.2390003204346
BM,36.06,-118.39,1901,9,14.4049997329712
BM,36.06,-118.39,1901,10,10.6909999847412
BM,36.06,-118.39,1901,11,8.6850004196167
BM,36.06,-118.39,1901,12,7.35900020599365
BM,36.06,-118.39,1902,1,5.63899993896484
BM,36.06,-118.39,1902,2,5.54300022125244
BM,36.06,-118.39,1902,3,4.33400011062622
BM,36.06,-118.39,1902,4,8.48999977111816
BM,36.06,-118.39,1902,5,8.72500038146973
BM,36.06,-118.39,1902,6,18.7560005187988
BM,36.06,-118.39,1902,7,18.5809993743896
BM,36.06,-118.39,1902,8,17.8309993743896
BM,36.06,-118.39,1902,9,18.4969997406006
BM,36.06,-118.39,1902,10,11.4079999923706
BM,36.06,-118.39,1902,11,5.54899978637695
BM,36.06,-118.39,1902,12,5.1399998664856
BM,36.06,-118.39,1903,1,6.23999977111816
BM,36.06,-118.39,1903,2,3.25500011444092
BM,36.06,-118.39,1903,3,4.72499990463257
BM,36.06,-118.39,1903,4,7.04400014877319
BM,36.06,-118.39,1903,5,10.1420001983643
BM,36.06,-118.39,1903,6,16.3430004119873
BM,36.06,-118.39,1903,7,17.9020004272461
BM,36.06,-118.39,1903,8,22.3190002441406
BM,36.06,-118.39,1903,9,16.7049999237061
BM,36.06,-118.39,1903,10,13.6000003814697
BM,36.06,-118.39,1903,11,9.18599987030029
BM,36.06,-118.39,1903,12,6.57399988174438
BM,36.06,-118.39,1904,1,7.40299987792969
BM,36.06,-118.39,1904,2,6.58900022506714
BM,36.06,-118.39,1904,3,5.23000001907349
BM,36.06,-118.39,1904,4,7.76399993896484
BM,36.06,-118.39,1904,5,11.0979995727539
BM,36.06,-118.39,1904,6,17.9360008239746
BM,36.06,-118.39,1904,7,16.9790000915527
BM,36.06,-118.39,1904,8,18.8209991455078
BM,36.06,-118.39,1904,9,13.1800003051758
BM,36.06,-118.39,1904,10,8.73999977111816
BM,36.06,-118.39,1904,11,9.13700008392334
BM,36.06,-118.39,1904,12,6.42500019073486
BM,36.06,-118.39,1905,1,6.18699979782104
BM,36.06,-118.39,1905,2,5.16800022125244
BM,36.06,-118.39,1905,3,6.06300020217896
BM,36.06,-118.39,1905,4,8.26500034332275
BM,36.06,-118.39,1905,5,7.98199987411499
BM,36.06,-118.39,1905,6,14.4739999771118
BM,36.06,-118.39,1905,7,19.6049995422363
BM,36.06,-118.39,1905,8,20.806999206543
BM,36.06,-118.39,1905,9,16.5100002288818
BM,36.06,-118.39,1905,10,11.3669996261597
BM,36.06,-118.39,1905,11,8.51000022888184
BM,36.06,-118.39,1905,12,5.99300003051758
BM,36.06,-118.39,1906,1,7.66499996185303
BM,36.06,-118.39,1906,2,5.55600023269653
BM,36.06,-118.39,1906,3,5.22499990463257
BM,36.06,-118.39,1906,4,6.48999977111816
BM,36.06,-118.39,1906,5,7.3439998626709
BM,36.06,-118.39,1906,6,12.4329996109009
BM,36.06,-118.39,1906,7,23.5009994506836
BM,36.06,-118.39,1906,8,19.5629997253418
BM,36.06,-118.39,1906,9,16.0389995574951
BM,36.06,-118.39,1906,10,13.4020004272461
BM,36.06,-118.39,1906,11,7.23400020599365
BM,36.06,-118.39,1906,12,5.13000011444092
BM,36.06,-118.39,1907,1,3.67400002479553
BM,36.06,-118.39,1907,2,6.68900012969971
BM,36.06,-118.39,1907,3,4.07999992370605
BM,36.06,-118.39,1907,4,6.90000009536743
BM,36.06,-118.39,1907,5,9.58300018310547
BM,36.06,-118.39,1907,6,12.7480001449585
BM,36.06,-118.39,1907,7,18.2210006713867
BM,36.06,-118.39,1907,8,17.8090000152588
BM,36.06,-118.39,1907,9,12.8809995651245
BM,36.06,-118.39,1907,10,9.23799991607666
BM,36.06,-118.39,1907,11,8.88199996948242
BM,36.06,-118.39,1907,12,5.75500011444092
BM,36.06,-118.39,1912,1,5.62599992752075
BM,36.06,-118.39,1912,2,6.19700002670288
BM,36.06,-118.39,1912,3,4.19000005722046
BM,36.06,-118.39,1912,4,5.26900005340576
BM,36.06,-118.39,1912,5,9.69799995422363
BM,36.06,-118.39,1912,6,14.8129997253418
BM,36.06,-118.39,1912,7,15.0050001144409
BM,36.06,-118.39,1912,8,15.1590003967285
BM,36.06,-118.39,1912,9,12.3680000305176
BM,36.06,-118.39,1912,10,7.93599987030029
BM,36.06,-118.39,1912,11,7.60099983215332
BM,36.06,-118.39,1912,12,4.24399995803833
BM,36.06,-118.39,1913,1,5.16900014877319
BM,36.06,-118.39,1913,2,4.71999979019165
BM,36.06,-118.39,1913,3,5.15799999237061
BM,36.06,-118.39,1913,4,8.37600040435791
BM,36.06,-118.39,1913,5,10.7489995956421
BM,36.06,-118.39,1913,6,11.3380002975464
BM,36.06,-118.39,1913,7,14.0799999237061
BM,36.06,-118.39,1913,8,16.3719997406006
BM,36.06,-118.39,1913,9,15.3070001602173
BM,36.06,-118.39,1913,10,11.7889995574951
BM,36.06,-118.39,1913,11,5.8730001449585
BM,36.06,-118.39,1913,12,4.51900005340576
BM,36.06,-118.39,1914,1,5.37400007247925
BM,36.06,-118.39,1914,2,5.65899991989136
BM,36.06,-118.39,1914,3,7.96500015258789
BM,36.06,-118.39,1914,4,7.58199977874756
BM,36.06,-118.39,1914,5,9.73400020599365
BM,36.06,-118.39,1914,6,14.7329998016357
BM,36.06,-118.39,1914,7,17.5979995727539
BM,36.06,-118.39,1914,8,20.0179996490479
BM,36.06,-118.39,1914,9,13.7889995574951
BM,36.06,-118.39,1914,10,9.94999980926514
BM,36.06,-118.39,1914,11,9.38500022888184
BM,36.06,-118.39,1914,12,3.77500009536743
BM,36.06,-118.39,1915,1,5.29300022125244
BM,36.06,-118.39,1915,2,3.80900001525879
BM,36.06,-118.39,1915,3,6.65100002288818
BM,36.06,-118.39,1915,4,6.62599992752075
BM,36.06,-118.39,1915,5,5.91300010681152
BM,36.06,-118.39,1915,6,14.2049999237061
BM,36.06,-118.39,1915,7,16.2469997406006
BM,36.06,-118.39,1915,8,20.4689998626709
BM,36.06,-118.39,1915,9,13.3420000076294
BM,36.06,-118.39,1915,10,15.2559995651245
BM,36.06,-118.39,1915,11,7.00299978256226
BM,36.06,-118.39,1915,12,5.91099977493286
BM,36.06,-118.39,1917,1,3.72900009155273
BM,36.06,-118.39,1917,2,4.2979998588562
BM,36.06,-118.39,1917,3,5.38399982452393
BM,36.06,-118.39,1917,4,6.47100019454956
BM,36.06,-118.39,1917,5,6.83300018310547
BM,36.06,-118.39,1917,6,17.3799991607666
BM,36.06,-118.39,1917,7,19.6070003509521
BM,36.06,-118.39,1917,8,18.9409999847412
BM,36.06,-118.39,1917,9,14.9969997406006
BM,36.06,-118.39,1917,10,13.2760000228882
BM,36.06,-118.39,1917,11,9.72200012207031
BM,36.06,-118.39,1917,12,9.3129997253418
BM,36.06,-118.39,1918,1,6.42399978637695
BM,36.06,-118.39,1918,2,4.59499979019165
BM,36.06,-118.39,1918,3,6.40399980545044
BM,36.06,-118.39,1918,4,7.17600011825562
BM,36.06,-118.39,1918,5,7.66900014877319
BM,36.06,-118.39,1918,6,19.9699993133545
BM,36.06,-118.39,1918,7,16.05299949646
BM,36.06,-118.39,1918,8,16.0690002441406
BM,36.06,-118.39,1918,9,12.2889995574951
BM,36.06,-118.39,1918,10,9.26599979400635
BM,36.06,-118.39,1918,11,5.55900001525879
BM,36.06,-118.39,1918,12,5.23699998855591
BM,36.06,-118.39,1919,1,6.71199989318848
BM,36.06,-118.39,1919,2,2.34500002861023
BM,36.06,-118.39,1919,3,4.39300012588501
BM,36.06,-118.39,1919,4,8.66699981689453
BM,36.06,-118.39,1919,5,11.3850002288818
BM,36.06,-118.39,1919,6,15.3879995346069
BM,36.06,-118.39,1919,7,18.5240001678467
BM,36.06,-118.39,1919,8,19.0769996643066
BM,36.06,-118.39,1919,9,13.0109996795654
BM,36.06,-118.39,1919,10,6.78499984741211
BM,36.06,-118.39,1919,11,8.40100002288818
BM,36.06,-118.39,1919,12,7.14699983596802
BM,36.06,-118.39,1920,1,8.92599964141846
BM,36.06,-118.39,1920,2,5.72599983215332
BM,36.06,-118.39,1920,3,5.59200000762939
BM,36.06,-118.39,1920,4,6.8289999961853
BM,36.06,-118.39,1920,5,11.3760004043579
BM,36.06,-118.39,1920,6,13.8030004501343
BM,36.06,-118.39,1920,7,16.7609996795654
BM,36.06,-118.39,1920,8,18.05299949646
BM,36.06,-118.39,1920,9,11.706000328064
BM,36.06,-118.39,1920,10,6.70900011062622
BM,36.06,-118.39,1920,11,5.26000022888184
BM,36.06,-118.39,1920,12,4.53499984741211
BM,36.06,-118.39,1921,1,4.69700002670288
BM,36.06,-118.39,1921,2,6.56699991226196
BM,36.06,-118.39,1921,3,6.56099987030029
BM,36.06,-118.39,1921,4,7.34999990463257
BM,36.06,-118.39,1921,5,6.99599981307983
BM,36.06,-118.39,1921,6,13.9949998855591
BM,36.06,-118.39,1921,7,20.6550006866455
BM,36.06,-118.39,1921,8,17.5419998168945
BM,36.06,-118.39,1921,9,13.5520000457764
BM,36.06,-118.39,1921,10,10.3219995498657
BM,36.06,-118.39,1921,11,8.25599956512451
BM,36.06,-118.39,1921,12,4.91800022125244
BM,36.06,-118.39,1923,1,4.29699993133545
BM,36.06,-118.39,1923,2,4.88199996948242
BM,36.06,-118.39,1923,3,6.23199987411499
BM,36.06,-118.39,1923,4,4.92399978637695
BM,36.06,-118.39,1923,5,9.3149995803833
BM,36.06,-118.39,1923,6,9.30300045013428
BM,36.06,-118.39,1923,7,16.1189994812012
BM,36.06,-118.39,1923,8,15.6110000610352
BM,36.06,-118.39,1923,9,11.7250003814697
BM,36.06,-118.39,1923,10,8.55900001525879
BM,36.06,-118.39,1923,11,7.77699995040894
BM,36.06,-118.39,1923,12,4.83400011062622
BM,36.06,-118.39,1924,1,5.47499990463257
BM,36.06,-118.39,1924,2,6.37799978256226
BM,36.06,-118.39,1924,3,5.50099992752075
BM,36.06,-118.39,1924,4,7.70599985122681
BM,36.06,-118.39,1924,5,12.3830003738403
BM,36.06,-118.39,1924,6,17.1140003204346
BM,36.06,-118.39,1924,7,16.9619998931885
BM,36.06,-118.39,1924,8,16.8999996185303
BM,36.06,-118.39,1924,9,15.1099996566772
BM,36.06,-118.39,1924,10,7.77699995040894
BM,36.06,-118.39,1924,11,7.19199991226196
BM,36.06,-118.39,1924,12,3.80800008773804
BM,36.06,-118.39,1925,1,4.85099983215332
BM,36.06,-118.39,1925,2,4.50400018692017
BM,36.06,-118.39,1925,3,6.39099979400635
BM,36.06,-118.39,1925,4,6.99200010299683
BM,36.06,-118.39,1925,5,9.49100017547607
BM,36.06,-118.39,1925,6,13.0430002212524
BM,36.06,-118.39,1925,7,17.2740001678467
BM,36.06,-118.39,1925,8,15.5530004501343
BM,36.06,-118.39,1925,9,10.2869997024536
BM,36.06,-118.39,1925,10,8.47299957275391
BM,36.06,-118.39,1925,11,7.43599987030029
BM,36.06,-118.39,1925,12,7.86299991607666
BM,36.06,-118.39,1926,1,6.8899998664856
BM,36.06,-118.39,1926,2,5.80600023269653
BM,36.06,-118.39,1926,3,7.92199993133545
BM,36.06,-118.39,1926,4,7.49900007247925
BM,36.06,-118.39,1926,5,10.4309997558594
BM,36.06,-118.39,1926,6,18.943000793457
BM,36.06,-118.39,1926,7,19.0349998474121
BM,36.06,-118.39,1926,8,18.3199996948242
BM,36.06,-118.39,1926,9,13.0880002975464
BM,36.06,-118.39,1926,10,11.1000003814697
BM,36.06,-118.39,1926,11,8.88799953460693
BM,36.06,-118.39,1926,12,3.82500004768372
BM,36.06,-118.39,1927,1,4.59999990463257
BM,36.06,-118.39,1927,2,3.12400007247925
BM,36.06,-118.39,1927,3,5.02099990844727
BM,36.06,-118.39,1927,4,6.79500007629395
BM,36.06,-118.39,1927,5,9.37600040435791
BM,36.06,-118.39,1927,6,14.5200004577637
BM,36.06,-118.39,1927,7,18.0359992980957
BM,36.06,-118.39,1927,8,17.113000869751
BM,36.06,-118.39,1927,9,10.6420001983643
BM,36.06,-118.39,1927,10,12.3920001983643
BM,36.06,-118.39,1927,11,8.69099998474121
BM,36.06,-118.39,1927,12,6.06500005722046
BM,36.06,-118.39,1928,1,8.62899971008301
BM,36.06,-118.39,1928,2,6.77299976348877
BM,36.06,-118.39,1928,3,7.03299999237061
BM,36.06,-118.39,1928,4,7.92199993133545
BM,36.06,-118.39,1928,5,11.7829999923706
BM,36.06,-118.39,1928,6,15.3030004501343
BM,36.06,-118.39,1928,7,17.8950004577637
BM,36.06,-118.39,1928,8,18.8430004119873
BM,36.06,-118.39,1928,9,17.0440006256104
BM,36.06,-118.39,1928,10,10.7810001373291
BM,36.06,-118.39,1928,11,8.92199993133545
BM,36.06,-118.39,1928,12,6.95100021362305
BM,36.06,-118.39,1929,1,6.07100009918213
BM,36.06,-118.39,1929,2,5.26800012588501
BM,36.06,-118.39,1929,3,6.7960000038147
BM,36.06,-118.39,1929,4,6.11100006103516
BM,36.06,-118.39,1929,5,11.6829996109009
BM,36.06,-118.39,1929,6,13.5710000991821
BM,36.06,-118.39,1929,7,16.4139995574951
BM,36.06,-118.39,1929,8,19.9640007019043
BM,36.06,-118.39,1929,9,14.0050001144409
BM,36.06,-118.39,1929,10,12.4060001373291
BM,36.06,-118.39,1929,11,12.3540000915527
BM,36.06,-118.39,1929,12,11.0080003738403
BM,36.06,-118.39,1930,1,4.84200000762939
BM,36.06,-118.39,1930,2,7.51000022888184
BM,36.06,-118.39,1930,3,6.82999992370605
BM,36.06,-118.39,1930,4,7.86600017547607
BM,36.06,-118.39,1930,5,6.27699995040894
BM,36.06,-118.39,1930,6,16.1310005187988
BM,36.06,-118.39,1930,7,18.2759990692139
BM,36.06,-118.39,1930,8,17.0590000152588
BM,36.06,-118.39,1930,9,9.21300029754639
BM,36.06,-118.39,1930,10,10.5590000152588
BM,36.06,-118.39,1930,11,8.37600040435791
BM,36.06,-118.39,1930,12,8.9689998626709
BM,36.06,-118.39,1931,1,6.26000022888184
BM,36.06,-118.39,1931,2,4.38299989700317
BM,36.06,-118.39,1931,3,8.24899959564209
BM,36.06,-118.39,1931,4,11.5249996185303
BM,36.06,-118.39,1931,5,13.1890001296997
BM,36.06,-118.39,1931,6,11.3929996490479
BM,36.06,-118.39,1931,7,22.8169994354248
BM,36.06,-118.39,1931,8,20.19700050354
BM,36.06,-118.39,1931,9,12.5620002746582
BM,36.06,-118.39,1931,10,9.79199981689453
BM,36.06,-118.39,1931,11,7.10400009155273
BM,36.06,-118.39,1931,12,5.32499980926514
BM,36.06,-118.39,1932,1,4.81400012969971
BM,36.06,-118.39,1932,2,5.10699987411499
BM,36.06,-118.39,1932,3,7.55900001525879
BM,36.06,-118.39,1932,4,7.18400001525879
BM,36.06,-118.39,1932,5,8.61100006103516
BM,36.06,-118.39,1932,6,15.4910001754761
BM,36.06,-118.39,1932,7,16.5020008087158
BM,36.06,-118.39,1932,8,17.7409992218018
BM,36.06,-118.39,1932,9,16.7210006713867
BM,36.06,-118.39,1932,10,11.3140001296997
BM,36.06,-118.39,1932,11,10.9029998779297
BM,36.06,-118.39,1932,12,4.92600011825562
BM,36.06,-118.39,1933,1,5.44700002670288
BM,36.06,-118.39,1933,2,5.48799991607666
BM,36.06,-118.39,1933,3,7.14400005340576
BM,36.06,-118.39,1933,4,7.76800012588501
BM,36.06,-118.39,1933,5,6.10500001907349
BM,36.06,-118.39,1933,6,12.9259996414185
BM,36.06,-118.39,1933,7,19.871000289917
BM,36.06,-118.39,1933,8,18.6189994812012
BM,36.06,-118.39,1933,9,13.6079998016357
BM,36.06,-118.39,1933,10,14.1409997940063
BM,36.06,-118.39,1933,11,11.1560001373291
BM,36.06,-118.39,1933,12,8.21500015258789
BM,36.06,-118.39,1934,1,8.01000022888184
BM,36.06,-118.39,1934,2,6.07399988174438
BM,36.06,-118.39,1934,3,10.9870004653931
BM,36.06,-118.39,1934,4,12.1929998397827
BM,36.06,-118.39,1934,5,12.1180000305176
BM,36.06,-118.39,1934,6,11.1339998245239
BM,36.06,-118.39,1934,7,17.3950004577637
BM,36.06,-118.39,1934,8,18.6620006561279
BM,36.06,-118.39,1934,9,15.0609998703003
BM,36.06,-118.39,1934,10,11.2239999771118
BM,36.06,-118.39,1934,11,7.97200012207031
BM,36.06,-118.39,1934,12,6.41300010681152
BM,36.06,-118.39,1935,1,5.95800018310547
BM,36.06,-118.39,1935,2,6.19399976730347
BM,36.06,-118.39,1935,3,6.0019998550415
BM,36.06,-118.39,1935,4,6.24100017547607
BM,36.06,-118.39,1935,5,8.94400024414062
BM,36.06,-118.39,1935,6,17.6879997253418
BM,36.06,-118.39,1935,7,16.4290008544922
BM,36.06,-118.39,1935,8,19.2140007019043
BM,36.06,-118.39,1935,9,17.3929996490479
BM,36.06,-118.39,1935,10,9.15999984741211
BM,36.06,-118.39,1935,11,8.4060001373291
BM,36.06,-118.39,1935,12,7.01599979400635
BM,36.06,-118.39,1936,1,6.49100017547607
BM,36.06,-118.39,1936,2,4.88700008392334
BM,36.06,-118.39,1936,3,9.24400043487549
BM,36.06,-118.39,1936,4,9.4060001373291
BM,36.06,-118.39,1936,5,12.246000289917
BM,36.06,-118.39,1936,6,15.5290002822876
BM,36.06,-118.39,1936,7,17.5380001068115
BM,36.06,-118.39,1936,8,20.3619995117188
BM,36.06,-118.39,1936,9,16.4610004425049
BM,36.06,-118.39,1936,10,11.3430004119873
BM,36.06,-118.39,1936,11,12.3649997711182
BM,36.06,-118.39,1936,12,6.36299991607666
BM,36.06,-118.39,1937,1,3.33699989318848
BM,36.06,-118.39,1937,2,5.76399993896484
BM,36.06,-118.39,1937,3,7.2350001335144
BM,36.06,-118.39,1937,4,7.21299982070923
BM,36.06,-118.39,1937,5,12.8680000305176
BM,36.06,-118.39,1937,6,14.0719995498657
BM,36.06,-118.39,1937,7,19.2250003814697
BM,36.06,-118.39,1937,8,20.431999206543
BM,36.06,-118.39,1937,9,15.6969995498657
BM,36.06,-118.39,1937,10,11.6979999542236
BM,36.06,-118.39,1937,11,9.59200000762939
BM,36.06,-118.39,1937,12,7.98799991607666
BM,36.06,-118.39,1938,1,7.36600017547607
BM,36.06,-118.39,1938,2,4.05100011825562
BM,36.06,-118.39,1938,3,4.71700000762939
BM,36.06,-118.39,1938,4,6.63700008392334
BM,36.06,-118.39,1938,5,9.21000003814697
BM,36.06,-118.39,1938,6,16.3560009002686
BM,36.06,-118.39,1938,7,17.9230003356934
BM,36.06,-118.39,1938,8,18.8470001220703
BM,36.06,-118.39,1938,9,16.5049991607666
BM,36.06,-118.39,1938,10,9.26200008392334
BM,36.06,-118.39,1938,11,8.75699996948242
BM,36.06,-118.39,1938,12,7.76300001144409
BM,36.06,-118.39,1939,1,6.4060001373291
BM,36.06,-118.39,1939,2,4.42700004577637
BM,36.06,-118.39,1939,3,7.30999994277954
BM,36.06,-118.39,1939,4,10.03600025177
BM,36.06,-118.39,1939,5,10.923999786377
BM,36.06,-118.39,1939,6,16.5310001373291
BM,36.06,-118.39,1939,7,18.30299949646
BM,36.06,-118.39,1939,8,21.6550006866455
BM,36.06,-118.39,1939,9,13.3090000152588
BM,36.06,-118.39,1939,10,10.91100025177
BM,36.06,-118.39,1939,11,11.6239995956421
BM,36.06,-118.39,1939,12,9.625
BM,36.06,-118.39,1940,1,5.82200002670288
BM,36.06,-118.39,1940,2,4.79199981689453
BM,36.06,-118.39,1940,3,7.32999992370605
BM,36.06,-118.39,1940,4,7.26700019836426
BM,36.06,-118.39,1940,5,13.3970003128052
BM,36.06,-118.39,1940,6,19.6100006103516
BM,36.06,-118.39,1940,7,17.8090000152588
BM,36.06,-118.39,1940,8,21.1380004882812
BM,36.06,-118.39,1940,9,11.673999786377
BM,36.06,-118.39,1940,10,10.5600004196167
BM,36.06,-118.39,1940,11,8.34500026702881
BM,36.06,-118.39,1940,12,6.83400011062622
BM,36.06,-118.39,1942,1,5.39699983596802
BM,36.06,-118.39,1942,2,3.09200000762939
BM,36.06,-118.39,1942,3,6.14099979400635
BM,36.06,-118.39,1942,4,5.5019998550415
BM,36.06,-118.39,1942,5,8.96700000762939
BM,36.06,-118.39,1942,6,13.6850004196167
BM,36.06,-118.39,1942,7,19.2320003509521
BM,36.06,-118.39,1942,8,18.431999206543
BM,36.06,-118.39,1942,9,13.9870004653931
BM,36.06,-118.39,1942,10,10.6680002212524
BM,36.06,-118.39,1942,11,8.82100009918213
BM,36.06,-118.39,1942,12,7.00400018692017
BM,36.06,-118.39,1944,1,5.88000011444092
BM,36.06,-118.39,1944,2,4.39599990844727
BM,36.06,-118.39,1944,3,7.67399978637695
BM,36.06,-118.39,1944,4,6.55299997329712
BM,36.06,-118.39,1944,5,10.6479997634888
BM,36.06,-118.39,1944,6,11.2049999237061
BM,36.06,-118.39,1944,7,17.6009998321533
BM,36.06,-118.39,1944,8,21.3500003814697
BM,36.06,-118.39,1944,9,17.4699993133545
BM,36.06,-118.39,1944,10,9.16600036621094
BM,36.06,-118.39,1944,11,4.48299980163574
BM,36.06,-118.39,1944,12,4.32000017166138
BM,36.06,-118.39,1945,1,5.96000003814697
BM,36.06,-118.39,1945,2,2.67000007629395
BM,36.06,-118.39,1945,3,3.51500010490417
BM,36.06,-118.39,1945,4,8.35799980163574
BM,36.06,-118.39,1945,5,8.82299995422363
BM,36.06,-118.39,1945,6,14.4289999008179
BM,36.06,-118.39,1945,7,19.181999206543
BM,36.06,-118.39,1945,8,16.7759990692139
BM,36.06,-118.39,1945,9,12.5380001068115
BM,36.06,-118.39,1945,10,8.39000034332275
BM,36.06,-118.39,1945,11,5.55900001525879
BM,36.06,-118.39,1945,12,3.65599989891052
BM,36.06,-118.39,1946,1,5.38199996948242
BM,36.06,-118.39,1946,2,4.77400016784668
BM,36.06,-118.39,1946,3,5.9210000038147
BM,36.06,-118.39,1946,4,9.61499977111816
BM,36.06,-118.39,1946,5,9.44200038909912
BM,36.06,-118.39,1946,6,14.5839996337891
BM,36.06,-118.39,1946,7,16.3619995117188
BM,36.06,-118.39,1946,8,19.5709991455078
BM,36.06,-118.39,1946,9,14.8249998092651
BM,36.06,-118.39,1946,10,8.19600009918213
BM,36.06,-118.39,1946,11,5.30000019073486
BM,36.06,-118.39,1946,12,4.74900007247925
BM,36.06,-118.39,1949,1,3.23300004005432
BM,36.06,-118.39,1949,2,3.75
BM,36.06,-118.39,1949,3,4.25
BM,36.06,-118.39,1949,4,9.12199974060059
BM,36.06,-118.39,1949,5,8.04500007629395
BM,36.06,-118.39,1949,6,14.6709995269775
BM,36.06,-118.39,1949,7,16.5219993591309
BM,36.06,-118.39,1949,8,17.0370006561279
BM,36.06,-118.39,1949,9,15.4029998779297
BM,36.06,-118.39,1949,10,10.3109998703003
BM,36.06,-118.39,1949,11,9.96500015258789
BM,36.06,-118.39,1949,12,5.23600006103516
BM,36.06,-118.39,1952,1,3.96499991416931
BM,36.06,-118.39,1952,2,4.69999980926514
BM,36.06,-118.39,1952,3,4.17600011825562
BM,36.06,-118.39,1952,4,6.83599996566772
BM,36.06,-118.39,1952,5,11.8159999847412
BM,36.06,-118.39,1952,6,12.2950000762939
BM,36.06,-118.39,1952,7,15.71399974823
BM,36.06,-118.39,1952,8,18.7679996490479
BM,36.06,-118.39,1952,9,14.914999961853
BM,36.06,-118.39,1952,10,14.9479999542236
BM,36.06,-118.39,1952,11,5.6710000038147
BM,36.06,-118.39,1952,12,4.52799987792969
BM,36.06,-118.39,1954,1,5.35699987411499
BM,36.06,-118.39,1954,2,9.38399982452393
BM,36.06,-118.39,1954,3,5.29500007629395
BM,36.06,-118.39,1954,4,9.27700042724609
BM,36.06,-118.39,1954,5,13.6560001373291
BM,36.06,-118.39,1954,6,13.3590002059937
BM,36.06,-118.39,1954,7,17.7950000762939
BM,36.06,-118.39,1954,8,17.2880001068115
BM,36.06,-118.39,1954,9,16.5779991149902
BM,36.06,-118.39,1954,10,12.3149995803833
BM,36.06,-118.39,1954,11,8.0620002746582
BM,36.06,-118.39,1954,12,6.68699979782104
BM,36.06,-118.39,1955,1,4.19399976730347
BM,36.06,-118.39,1955,2,5.39499998092651
BM,36.06,-118.39,1955,3,6.65199995040894
BM,36.06,-118.39,1955,4,6.57100009918213
BM,36.06,-118.39,1955,5,8.0930004119873
BM,36.06,-118.39,1955,6,11.4930000305176
BM,36.06,-118.39,1955,7,15.7980003356934
BM,36.06,-118.39,1955,8,18.5440006256104
BM,36.06,-118.39,1955,9,16.0170001983643
BM,36.06,-118.39,1955,10,12.2910003662109
BM,36.06,-118.39,1955,11,6.84700012207031
BM,36.06,-118.39,1955,12,4.17999982833862
BM,36.06,-118.39,1956,1,4.8769998550415
BM,36.06,-118.39,1956,2,5.03000020980835
BM,36.06,-118.39,1956,3,7.79699993133545
BM,36.06,-118.39,1956,4,5.61199998855591
BM,36.06,-118.39,1956,5,8.78600025177002
BM,36.06,-118.39,1956,6,14.3149995803833
BM,36.06,-118.39,1956,7,14.3319997787476
BM,36.06,-118.39,1956,8,16.9540004730225
BM,36.06,-118.39,1956,9,15.6129999160767
BM,36.06,-118.39,1956,10,7.9060001373291
BM,36.06,-118.39,1956,11,9.4350004196167
BM,36.06,-118.39,1956,12,8.02299976348877
BM,36.06,-118.39,1958,1,5.65399980545044
BM,36.06,-118.39,1958,2,3.99000000953674
BM,36.06,-118.39,1958,3,3.01399993896484
BM,36.06,-118.39,1958,4,7.09100008010864
BM,36.06,-118.39,1958,5,10.3059997558594
BM,36.06,-118.39,1958,6,11.1160001754761
BM,36.06,-118.39,1958,7,15.6909999847412
BM,36.06,-118.39,1958,8,17.0109996795654
BM,36.06,-118.39,1958,9,15.5290002822876
BM,36.06,-118.39,1958,10,13.3420000076294
BM,36.06,-118.39,1958,11,7.38899993896484
BM,36.06,-118.39,1958,12,8.8730001449585
BM,36.06,-118.39,1959,1,5.5460000038147
BM,36.06,-118.39,1959,2,3.46399998664856
BM,36.06,-118.39,1959,3,7.98000001907349
BM,36.06,-118.39,1959,4,10.7349996566772
BM,36.06,-118.39,1959,5,8.02999973297119
BM,36.06,-118.39,1959,6,14.8889999389648
BM,36.06,-118.39,1959,7,18.5359992980957
BM,36.06,-118.39,1959,8,17.5729999542236
BM,36.06,-118.39,1959,9,13.7559995651245
BM,36.06,-118.39,1959,10,12.5590000152588
BM,36.06,-118.39,1959,11,10.706000328064
BM,36.06,-118.39,1959,12,7.04199981689453
BM,36.06,-118.39,1960,1,3.43700003623962
BM,36.06,-118.39,1960,2,4.18699979782104
BM,36.06,-118.39,1960,3,7.18200016021729
BM,36.06,-118.39,1960,4,8.14900016784668
BM,36.06,-118.39,1960,5,9.95300006866455
BM,36.06,-118.39,1960,6,16.8939990997314
BM,36.06,-118.39,1960,7,17.9309997558594
BM,36.06,-118.39,1960,8,19.5709991455078
BM,36.06,-118.39,1960,9,16.6399993896484
BM,36.06,-118.39,1960,10,9.83600044250488
BM,36.06,-118.39,1960,11,5.41400003433228
BM,36.06,-118.39,1960,12,6.68699979782104
BM,36.06,-118.39,1961,1,7.66599988937378
BM,36.06,-118.39,1961,2,4.93800020217896
BM,36.06,-118.39,1961,3,4.65500020980835
BM,36.06,-118.39,1961,4,8.87100028991699
BM,36.06,-118.39,1961,5,8.39599990844727
BM,36.06,-118.39,1961,6,15.5030002593994
BM,36.06,-118.39,1961,7,17.9799995422363
BM,36.06,-118.39,1961,8,15.3950004577637
BM,36.06,-118.39,1961,9,14.4359998703003
BM,36.06,-118.39,1961,10,10.4209995269775
BM,36.06,-118.39,1961,11,6.53800010681152
BM,36.06,-118.39,1961,12,4.625
BM,36.06,-118.39,1962,1,5.99499988555908
BM,36.06,-118.39,1962,2,3.14599990844727
BM,36.06,-118.39,1962,3,4.42600011825562
BM,36.06,-118.39,1962,4,11.1379995346069
BM,36.06,-118.39,1962,5,7.34100008010864
BM,36.06,-118.39,1962,6,13.0229997634888
BM,36.06,-118.39,1962,7,16.3190002441406
BM,36.06,-118.39,1962,8,19.2840003967285
BM,36.06,-118.39,1962,9,16.9069995880127
BM,36.06,-118.39,1962,10,11.2559995651245
BM,36.06,-118.39,1962,11,7.73999977111816
BM,36.06,-118.39,1962,12,7.05100011825562
BM,36.06,-118.39,1963,1,6.37599992752075
BM,36.06,-118.39,1963,2,6.15299987792969
BM,36.06,-118.39,1963,3,5.33500003814697
BM,36.06,-118.39,1963,4,5.55700016021729
BM,36.06,-118.39,1963,5,8.80300045013428
BM,36.06,-118.39,1963,6,9.54199981689453
BM,36.06,-118.39,1963,7,17.3889999389648
BM,36.06,-118.39,1963,8,17.1459999084473
BM,36.06,-118.39,1963,9,14.6149997711182
BM,36.06,-118.39,1963,10,9.90100002288818
BM,36.06,-118.39,1963,11,6.06899976730347
BM,36.06,-118.39,1963,12,7.25699996948242
BM,36.06,-118.39,1965,1,4.41900014877319
BM,36.06,-118.39,1965,2,6.06599998474121
BM,36.06,-118.39,1965,3,4.89900016784668
BM,36.06,-118.39,1965,4,5.39499998092651
BM,36.06,-118.39,1965,5,7.66400003433228
BM,36.06,-118.39,1965,6,9.33399963378906
BM,36.06,-118.39,1965,7,15.3959999084473
BM,36.06,-118.39,1965,8,17.423999786377
BM,36.06,-118.39,1965,9,12.6969995498657
BM,36.06,-118.39,1965,10,14.9280004501343
BM,36.06,-118.39,1965,11,5.59100008010864
BM,36.06,-118.39,1965,12,4.58400011062622
BM,36.06,-118.39,1966,1,5.23299980163574
BM,36.06,-118.39,1966,2,4.84800004959106
BM,36.06,-118.39,1966,3,7.10300016403198
BM,36.06,-118.39,1966,4,10.9479999542236
BM,36.06,-118.39,1966,5,11.3929996490479
BM,36.06,-118.39,1966,6,13.2589998245239
BM,36.06,-118.39,1966,7,16.4309997558594
BM,36.06,-118.39,1966,8,19.8460006713867
BM,36.06,-118.39,1966,9,14.5939998626709
BM,36.06,-118.39,1966,10,11.7880001068115
BM,36.06,-118.39,1966,11,5.61800003051758
BM,36.06,-118.39,1966,12,5.45800018310547
BM,36.06,-118.39,1967,1,6.01599979400635
BM,36.06,-118.39,1967,2,7.22499990463257
BM,36.06,-118.39,1967,3,5.6560001373291
BM,36.06,-118.39,1967,4,3.98499989509583
BM,36.06,-118.39,1967,5,8.79300022125244
BM,36.06,-118.39,1967,6,10.081000328064
BM,36.06,-118.39,1967,7,18.0249996185303
BM,36.06,-118.39,1967,8,20.1669998168945
BM,36.06,-118.39,1967,9,12.9490003585815
BM,36.06,-118.39,1967,10,14.4230003356934
BM,36.06,-118.39,1967,11,7.3730001449585
BM,36.06,-118.39,1967,12,4.1230001449585
BM,36.06,-118.39,1968,1,5.63100004196167
BM,36.06,-118.39,1968,2,4.28599977493286
BM,36.06,-118.39,1968,3,5.56599998474121
BM,36.06,-118.39,1968,4,8.22399997711182
BM,36.06,-118.39,1968,5,9.39999961853027
BM,36.06,-118.39,1968,6,15.2559995651245
BM,36.06,-118.39,1968,7,16.9090003967285
BM,36.06,-118.39,1968,8,15.6470003128052
BM,36.06,-118.39,1968,9,17.2770004272461
BM,36.06,-118.39,1968,10,11.2489995956421
BM,36.06,-118.39,1968,11,6.30399990081787
BM,36.06,-118.39,1968,12,4.42600011825562
BM,36.06,-118.39,1969,1,5.16300010681152
BM,36.06,-118.39,1969,2,3.03900003433228
BM,36.06,-118.39,1969,3,5.33300018310547
BM,36.06,-118.39,1969,4,7.8899998664856
BM,36.06,-118.39,1969,5,10.451000213623
BM,36.06,-118.39,1969,6,8.81599998474121
BM,36.06,-118.39,1969,7,15.4980001449585
BM,36.06,-118.39,1969,8,21.4109992980957
BM,36.06,-118.39,1969,9,15.2440004348755
BM,36.06,-118.39,1969,10,9.42599964141846
BM,36.06,-118.39,1969,11,7.91599988937378
BM,36.06,-118.39,1969,12,5.74399995803833
BM,36.06,-118.39,1970,1,5.24100017547607
BM,36.06,-118.39,1970,2,5.53399991989136
BM,36.06,-118.39,1970,3,5.91099977493286
BM,36.06,-118.39,1970,4,6.63600015640259
BM,36.06,-118.39,1970,5,11.3400001525879
BM,36.06,-118.39,1970,6,12.0120000839233
BM,36.06,-118.39,1970,7,17.4769992828369
BM,36.06,-118.39,1970,8,19.048999786377
BM,36.06,-118.39,1970,9,17.136999130249
BM,36.06,-118.39,1970,10,11.2629995346069
BM,36.06,-118.39,1970,11,7.22399997711182
BM,36.06,-118.39,1970,12,3.66400003433228
BM,36.06,-118.39,1971,1,6.44199991226196
BM,36.06,-118.39,1971,2,6.06400012969971
BM,36.06,-118.39,1971,3,6.78000020980835
BM,36.06,-118.39,1971,4,6.73999977111816
BM,36.06,-118.39,1971,5,4.60500001907349
BM,36.06,-118.39,1971,6,12.4610004425049
BM,36.06,-118.39,1971,7,18.1840000152588
BM,36.06,-118.39,1971,8,18.8279991149902
BM,36.06,-118.39,1971,9,16.7770004272461
BM,36.06,-118.39,1971,10,8.79800033569336
BM,36.06,-118.39,1971,11,6.41099977493286
BM,36.06,-118.39,1971,12,3.18799996376038
BM,36.06,-118.39,1972,1,6.28700017929077
BM,36.06,-118.39,1972,2,6.15799999237061
BM,36.06,-118.39,1972,3,8.38599967956543
BM,36.06,-118.39,1972,4,8.0629997253418
BM,36.06,-118.39,1972,5,10.1070003509521
BM,36.06,-118.39,1972,6,12.9090003967285
BM,36.06,-118.39,1972,7,19.5480003356934
BM,36.06,-118.39,1972,8,16.8400001525879
BM,36.06,-118.39,1972,9,11.7889995574951
BM,36.06,-118.39,1972,10,6.25899982452393
BM,36.06,-118.39,1972,11,5.11899995803833
BM,36.06,-118.39,1972,12,4.84999990463257
BM,36.06,-118.39,1974,1,4.52500009536743
BM,36.06,-118.39,1974,2,6.4539999961853
BM,36.06,-118.39,1974,3,5.20499992370605
BM,36.06,-118.39,1974,4,8.69200038909912
BM,36.06,-118.39,1974,5,11.1789999008179
BM,36.06,-118.39,1974,6,17.4580001831055
BM,36.06,-118.39,1974,7,15.753999710083
BM,36.06,-118.39,1974,8,19.4220008850098
BM,36.06,-118.39,1974,9,17.8330001831055
BM,36.06,-118.39,1974,10,9.21500015258789
BM,36.06,-118.39,1974,11,7.53399991989136
BM,36.06,-118.39,1974,12,5.40199995040894
BM,36.06,-118.39,1975,1,7.14300012588501
BM,36.06,-118.39,1975,2,4.69099998474121
BM,36.06,-118.39,1975,3,4.40000009536743
BM,36.06,-118.39,1975,4,4.56400012969971
BM,36.06,-118.39,1975,5,10.3909997940063
BM,36.06,-118.39,1975,6,13.9499998092651
BM,36.06,-118.39,1975,7,17.0410003662109
BM,36.06,-118.39,1975,8,17.9099998474121
BM,36.06,-118.39,1975,9,15.5950002670288
BM,36.06,-118.39,1975,10,9.69099998474121
BM,36.06,-118.39,1975,11,8.0319995880127
BM,36.06,-118.39,1975,12,7.28900003433228
BM,36.06,-118.39,1977,1,5.74499988555908
BM,36.06,-118.39,1977,2,7.88399982452393
BM,36.06,-118.39,1977,3,5.17500019073486
BM,36.06,-118.39,1977,4,10.5979995727539
BM,36.06,-118.39,1977,5,5.84100008010864
BM,36.06,-118.39,1977,6,14.9160003662109
BM,36.06,-118.39,1977,7,18.2159996032715
BM,36.06,-118.39,1977,8,19.1800003051758
BM,36.06,-118.39,1977,9,14.5329999923706
BM,36.06,-118.39,1977,10,12.0860004425049
BM,36.06,-118.39,1977,11,8.8149995803833
BM,36.06,-118.39,1977,12,6.4850001335144
BM,36.06,-118.39,1978,1,3.98399996757507
BM,36.06,-118.39,1978,2,4.75600004196167
BM,36.06,-118.39,1978,3,5.55399990081787
BM,36.06,-118.39,1978,4,5.70800018310547
BM,36.06,-118.39,1978,5,10.793999671936
BM,36.06,-118.39,1978,6,14.3640003204346
BM,36.06,-118.39,1978,7,16.1709995269775
BM,36.06,-118.39,1978,8,17.9629993438721
BM,36.06,-118.39,1978,9,13.1899995803833
BM,36.06,-118.39,1978,10,12.7519998550415
BM,36.06,-118.39,1978,11,5.2480001449585
BM,36.06,-118.39,1978,12,5.19999980926514
BM,36.06,-118.39,1980,1,5.12799978256226
BM,36.06,-118.39,1980,2,6.15100002288818
BM,36.06,-118.39,1980,3,4.96500015258789
BM,36.06,-118.39,1980,4,8.56700038909912
BM,36.06,-118.39,1980,5,5.01300001144409
BM,36.06,-118.39,1980,6,12.4370002746582
BM,36.06,-118.39,1980,7,16.6840000152588
BM,36.06,-118.39,1980,8,17.2000007629395
BM,36.06,-118.39,1980,9,15.7559995651245
BM,36.06,-118.39,1980,10,11.4230003356934
BM,36.06,-118.39,1980,11,10.2629995346069
BM,36.06,-118.39,1980,12,8.47999954223633
BM,36.06,-118.39,1981,1,5.86800003051758
BM,36.06,-118.39,1981,2,7.14400005340576
BM,36.06,-118.39,1981,3,4.58199977874756
BM,36.06,-118.39,1981,4,9.21300029754639
BM,36.06,-118.39,1981,5,9.59899997711182
BM,36.06,-118.39,1981,6,17.7360000610352
BM,36.06,-118.39,1981,7,18.9610004425049
BM,36.06,-118.39,1981,8,20.5289993286133
BM,36.06,-118.39,1981,9,15.960000038147
BM,36.06,-118.39,1981,10,7.42899990081787
BM,36.06,-118.39,1981,11,6.9539999961853
BM,36.06,-118.39,1981,12,6.42799997329712
BM,36.06,-118.39,1982,1,4.99399995803833
BM,36.06,-118.39,1982,2,5.86499977111816
BM,36.06,-118.39,1982,3,4.14599990844727
BM,36.06,-118.39,1982,4,6.76100015640259
BM,36.06,-118.39,1982,5,9.72599983215332
BM,36.06,-118.39,1982,6,9.85200023651123
BM,36.06,-118.39,1982,7,14.8020000457764
BM,36.06,-118.39,1982,8,18.5550003051758
BM,36.06,-118.39,1982,9,12.9610004425049
BM,36.06,-118.39,1982,10,10.3870000839233
BM,36.06,-118.39,1982,11,6.1710000038147
BM,36.06,-118.39,1982,12,5.20800018310547
BM,36.06,-118.39,1983,1,6.13800001144409
BM,36.06,-118.39,1983,2,4.30800008773804
BM,36.06,-118.39,1983,3,3.72000002861023
BM,36.06,-118.39,1983,4,4.68499994277954
BM,36.06,-118.39,1983,5,9.55300045013428
BM,36.06,-118.39,1983,6,13.289999961853
BM,36.06,-118.39,1983,7,16.1000003814697
BM,36.06,-118.39,1983,8,14.8940000534058
BM,36.06,-118.39,1983,9,14.2410001754761
BM,36.06,-118.39,1983,10,8.72799968719482
BM,36.06,-118.39,1983,11,5.14499998092651
BM,36.06,-118.39,1983,12,4.23299980163574
BM,36.06,-118.39,1984,1,7.26100015640259
BM,36.06,-118.39,1984,2,6.75400018692017
BM,36.06,-118.39,1984,3,7.26000022888184
BM,36.06,-118.39,1984,4,6.86899995803833
BM,36.06,-118.39,1984,5,12.6070003509521
BM,36.06,-118.39,1984,6,12.5920000076294
BM,36.06,-118.39,1984,7,14.3339996337891
BM,36.06,-118.39,1984,8,15.2569999694824
BM,36.06,-118.39,1984,9,14.2410001754761
BM,36.06,-118.39,1984,10,7.56699991226196
BM,36.06,-118.39,1984,11,5.32200002670288
BM,36.06,-118.39,1984,12,4.35599994659424
BM,36.06,-118.39,1985,1,5.52099990844727
BM,36.06,-118.39,1985,2,6.10599994659424
BM,36.06,-118.39,1985,3,4.64099979400635
BM,36.06,-118.39,1985,4,9.72999954223633
BM,36.06,-118.39,1985,5,11.3660001754761
BM,36.06,-118.39,1985,6,15.6160001754761
BM,36.06,-118.39,1985,7,17.0690002441406
BM,36.06,-118.39,1985,8,18.3409996032715
BM,36.06,-118.39,1985,9,9.5649995803833
BM,36.06,-118.39,1985,10,9.6560001373291
BM,36.06,-118.39,1985,11,4.98699998855591
BM,36.06,-118.39,1985,12,6.66699981689453
BM,36.06,-118.39,1986,1,7.40199995040894
BM,36.06,-118.39,1986,2,4.03200006484985
BM,36.06,-118.39,1986,3,6.16699981689453
BM,36.06,-118.39,1986,4,7.86700010299683
BM,36.06,-118.39,1986,5,10.6190004348755
BM,36.06,-118.39,1986,6,15.1999998092651
BM,36.06,-118.39,1986,7,14.2530002593994
BM,36.06,-118.39,1986,8,18.9190006256104
BM,36.06,-118.39,1986,9,10.6569995880127
BM,36.06,-118.39,1986,10,8.89099979400635
BM,36.06,-118.39,1986,11,7.92799997329712
BM,36.06,-118.39,1986,12,6.1230001449585
BM,36.06,-118.39,1987,1,5.68900012969971
BM,36.06,-118.39,1987,2,4.85599994659424
BM,36.06,-118.39,1987,3,5.0019998550415
BM,36.06,-118.39,1987,4,11.2959995269775
BM,36.06,-118.39,1987,5,8.02700042724609
BM,36.06,-118.39,1987,6,15.9870004653931
BM,36.06,-118.39,1987,7,15.2019996643066
BM,36.06,-118.39,1987,8,19.1569995880127
BM,36.06,-118.39,1987,9,15.1660003662109
BM,36.06,-118.39,1987,10,10.3540000915527
BM,36.06,-118.39,1987,11,5.63100004196167
BM,36.06,-118.39,1987,12,3.85400009155273
BM,36.06,-118.39,1988,1,5.91200017929077
BM,36.06,-118.39,1988,2,7.76300001144409
BM,36.06,-118.39,1988,3,7.36100006103516
BM,36.06,-118.39,1988,4,8.15299987792969
BM,36.06,-118.39,1988,5,9.75500011444092
BM,36.06,-118.39,1988,6,12.7130002975464
BM,36.06,-118.39,1988,7,18.2479991912842
BM,36.06,-118.39,1988,8,16.2350006103516
BM,36.06,-118.39,1988,9,15.7440004348755
BM,36.06,-118.39,1988,10,14.4270000457764
BM,36.06,-118.39,1988,11,6.33300018310547
BM,36.06,-118.39,1988,12,6.47599983215332
BM,36.06,-118.39,1989,1,5.46700000762939
BM,36.06,-118.39,1989,2,4.5149998664856
BM,36.06,-118.39,1989,3,6.84600019454956
BM,36.06,-118.39,1989,4,12.1859998703003
BM,36.06,-118.39,1989,5,10.0690002441406
BM,36.06,-118.39,1989,6,13.8629999160767
BM,36.06,-118.39,1989,7,19.5160007476807
BM,36.06,-118.39,1989,8,16.0890007019043
BM,36.06,-118.39,1989,9,13.5089998245239
BM,36.06,-118.39,1989,10,9.82699966430664
BM,36.06,-118.39,1989,11,10.1630001068115
BM,36.06,-118.39,1989,12,8.93400001525879
BM,36.06,-118.39,1990,1,5.74499988555908
BM,36.06,-118.39,1990,2,4.69700002670288
BM,36.06,-118.39,1990,3,6.73400020599365
BM,36.06,-118.39,1990,4,7.82200002670288
BM,36.06,-118.39,1990,5,8.875
BM,36.06,-118.39,1990,6,14.3549995422363
BM,36.06,-118.39,1990,7,15.9980001449585
BM,36.06,-118.39,1990,8,16.6949996948242
BM,36.06,-118.39,1990,9,12.1269998550415
BM,36.06,-118.39,1990,10,12.9250001907349
BM,36.06,-118.39,1990,11,8.6879997253418
BM,36.06,-118.39,1990,12,6.02500009536743
BM,36.06,-118.39,1991,1,6.17199993133545
BM,36.06,-118.39,1991,2,8.16899967193604
BM,36.06,-118.39,1991,3,3.17799997329712
BM,36.06,-118.39,1991,4,6.74200010299683
BM,36.06,-118.39,1991,5,7.4229998588562
BM,36.06,-118.39,1991,6,11.8940000534058
BM,36.06,-118.39,1991,7,16.1590003967285
BM,36.06,-118.39,1991,8,15.2170000076294
BM,36.06,-118.39,1991,9,13.5
BM,36.06,-118.39,1991,10,12.4320001602173
BM,36.06,-118.39,1991,11,7.77699995040894
BM,36.06,-118.39,1991,12,6.33699989318848
BM,36.06,-118.39,1992,1,7.20699977874756
BM,36.06,-118.39,1992,2,4.37200021743774
BM,36.06,-118.39,1992,3,3.62100005149841
BM,36.06,-118.39,1992,4,9.7790002822876
BM,36.06,-118.39,1992,5,10.9770002365112
BM,36.06,-118.39,1992,6,11.5190000534058
BM,36.06,-118.39,1992,7,11.8870000839233
BM,36.06,-118.39,1992,8,19.507999420166
BM,36.06,-118.39,1992,9,16.1469993591309
BM,36.06,-118.39,1992,10,12.3909997940063
BM,36.06,-118.39,1992,11,7.92999982833862
BM,36.06,-118.39,1992,12,5.48000001907349
BM,36.06,-118.39,1993,1,5.01800012588501
BM,36.06,-118.39,1993,2,2.36299991607666
BM,36.06,-118.39,1993,3,5.38899993896484
BM,36.06,-118.39,1993,4,6.98899984359741
BM,36.06,-118.39,1993,5,8.81700038909912
BM,36.06,-118.39,1993,6,13.1529998779297
BM,36.06,-118.39,1993,7,16.8950004577637
BM,36.06,-118.39,1993,8,19.3889999389648
BM,36.06,-118.39,1993,9,18.2390003204346
BM,36.06,-118.39,1993,10,10.08899974823
BM,36.06,-118.39,1993,11,8.44999980926514
BM,36.06,-118.39,1993,12,6.44000005722046
BM,36.06,-118.39,1994,1,6.73199987411499
BM,36.06,-118.39,1994,2,4.35799980163574
BM,36.06,-118.39,1994,3,7.43800020217896
BM,36.06,-118.39,1994,4,7.94899988174438
BM,36.06,-118.39,1994,5,8.72000026702881
BM,36.06,-118.39,1994,6,17.2590007781982
BM,36.06,-118.39,1994,7,19.5400009155273
BM,36.06,-118.39,1994,8,20.94700050354
BM,36.06,-118.39,1994,9,15.0920000076294
BM,36.06,-118.39,1994,10,9.41699981689453
BM,36.06,-118.39,1994,11,5.44799995422363
BM,36.06,-118.39,1994,12,5.10099983215332
BM,36.06,-118.39,1995,1,3.25999999046326
BM,36.06,-118.39,1995,2,8.0319995880127
BM,36.06,-118.39,1995,3,4.19500017166138
BM,36.06,-118.39,1995,4,6.73899984359741
BM,36.06,-118.39,1995,5,5.24300003051758
BM,36.06,-118.39,1995,6,11.0710000991821
BM,36.06,-118.39,1995,7,16.3939990997314
BM,36.06,-118.39,1995,8,20.3290004730225
BM,36.06,-118.39,1995,9,17.6319999694824
BM,36.06,-118.39,1995,10,13.9720001220703
BM,36.06,-118.39,1995,11,10.8009996414185
BM,36.06,-118.39,1995,12,6.59000015258789
BM,36.06,-118.39,1996,1,7.31199979782104
BM,36.06,-118.39,1996,2,3.84299993515015
BM,36.06,-118.39,1996,3,6.96400022506714
BM,36.06,-118.39,1996,4,11.9709997177124
BM,36.06,-118.39,1996,5,10.0839996337891
BM,36.06,-118.39,1996,6,14.4519996643066
BM,36.06,-118.39,1996,7,17.556999206543
BM,36.06,-118.39,1996,8,21.2280006408691
BM,36.06,-118.39,1996,9,16.3719997406006
BM,36.06,-118.39,1996,10,12.1909999847412
BM,36.06,-118.39,1996,11,6.94999980926514
BM,36.06,-118.39,1996,12,5.82000017166138
BM,36.06,-118.39,1997,1,4.48799991607666
BM,36.06,-118.39,1997,2,5.80900001525879
BM,36.06,-118.39,1997,3,10.1510000228882
BM,36.06,-118.39,1997,4,7.95900011062622
BM,36.06,-118.39,1997,5,12.5299997329712
BM,36.06,-118.39,1997,6,12.5920000076294
BM,36.06,-118.39,1997,7,16.7469997406006
BM,36.06,-118.39,1997,8,20.3889999389648
BM,36.06,-118.39,1997,9,14.2609996795654
BM,36.06,-118.39,1997,10,11.0520000457764
BM,36.06,-118.39,1997,11,7.84899997711182
BM,36.06,-118.39,1997,12,6.13399982452393
BM,36.06,-118.39,1998,1,5.57999992370605
BM,36.06,-118.39,1998,2,3.11999988555908
BM,36.06,-118.39,1998,3,5.81899976730347
BM,36.06,-118.39,1998,4,5.71299982070923
BM,36.06,-118.39,1998,5,4.98799991607666
BM,36.06,-118.39,1998,6,9.14099979400635
BM,36.06,-118.39,1998,7,16.9160003662109
BM,36.06,-118.39,1998,8,19.386999130249
BM,36.06,-118.39,1998,9,9.7819995880127
BM,36.06,-118.39,1998,10,9.55099964141846
BM,36.06,-118.39,1998,11,7.12799978256226
BM,36.06,-118.39,1998,12,6.96500015258789
BM,36.06,-118.39,1999,1,7.28499984741211
BM,36.06,-118.39,1999,2,5.87099981307983
BM,36.06,-118.39,1999,3,5.54699993133545
BM,36.06,-118.39,1999,4,6.34800004959106
BM,36.06,-118.39,1999,5,8.51399993896484
BM,36.06,-118.39,1999,6,14.1070003509521
BM,36.06,-118.39,1999,7,18.2700004577637
BM,36.06,-118.39,1999,8,18.8540000915527
BM,36.06,-118.39,1999,9,17.6870002746582
BM,36.06,-118.39,1999,10,19.3799991607666
BM,36.06,-118.39,1999,11,11.7150001525879
BM,36.06,-118.39,1999,12,8.80700016021729
BM,36.06,-118.39,2000,1,6.19099998474121
BM,36.06,-118.39,2000,2,5.30200004577637
BM,36.06,-118.39,2000,3,6.79099988937378
BM,36.06,-118.39,2000,4,11.7790002822876
BM,36.06,-118.39,2000,5,14.9969997406006
BM,36.06,-118.39,2000,6,20.8549995422363
BM,36.06,-118.39,2000,7,22.7049999237061
BM,36.06,-118.39,2000,8,21.753999710083
BM,36.06,-118.39,2000,9,20.4489994049072
BM,36.06,-118.39,2000,10,11.0279998779297
BM,36.06,-118.39,2000,11,7.55499982833862
BM,36.06,-118.39,2000,12,9.21399974822998
BM,36.06,-118.39,2001,1,5.83699989318848
BM,36.06,-118.39,2001,2,5.2810001373291
BM,36.06,-118.39,2001,3,6.84700012207031
BM,36.06,-118.39,2001,4,8.96199989318848
BM,36.06,-118.39,2001,5,16.1849994659424
BM,36.06,-118.39,2001,6,19.673999786377
BM,36.06,-118.39,2001,7,18.8229999542236
BM,36.06,-118.39,2001,8,26.3959999084473
BM,36.06,-118.39,2001,9,22.5860004425049
BM,36.06,-118.39,2001,10,17.9580001831055
BM,36.06,-118.39,2001,11,6.82499980926514
BM,36.06,-118.39,2001,12,5.26599979400635
BM,36.06,-118.39,2002,1,7.48299980163574
BM,36.06,-118.39,2002,2,9.21399974822998
BM,36.06,-118.39,2002,3,7.05399990081787
BM,36.06,-118.39,2002,4,11.4219999313354
BM,36.06,-118.39,2002,5,12.6529998779297
BM,36.06,-118.39,2002,6,18.0849990844727
BM,36.06,-118.39,2002,7,24.4589996337891
BM,36.06,-118.39,2002,8,26.0860004425049
BM,36.06,-118.39,2002,9,20.132999420166
BM,36.06,-118.39,2002,10,13.710000038147
BM,36.06,-118.39,2002,11,9.59000015258789
BM,36.06,-118.39,2002,12,5.10699987411499
BM,36.06,-118.39,2003,1,9.37899971008301
BM,36.06,-118.39,2003,2,5.55299997329712
BM,36.06,-118.39,2003,3,6.47499990463257
BM,36.06,-118.39,2003,4,6.47300004959106
BM,36.06,-118.39,2003,5,12.9040002822876
BM,36.06,-118.39,2003,6,18.5030002593994
BM,36.06,-118.39,2003,7,23.556999206543
BM,36.06,-118.39,2003,8,18.5849990844727
BM,36.06,-118.39,2003,9,22.0069999694824
BM,36.06,-118.39,2003,10,19.9850006103516
BM,36.06,-118.39,2003,11,6.34499979019165
BM,36.06,-118.39,2003,12,6.34100008010864
BM,36.06,-118.39,2004,1,6.60400009155273
BM,36.06,-118.39,2004,2,4.54500007629395
BM,36.06,-118.39,2004,3,10.9580001831055
BM,36.06,-118.39,2004,4,11.4250001907349
BM,36.06,-118.39,2004,5,13.5450000762939
BM,36.06,-118.39,2004,6,18.7929992675781
BM,36.06,-118.39,2004,7,26.6849994659424
BM,36.06,-118.39,2004,8,26.9260005950928
BM,36.06,-118.39,2004,9,22.9209995269775
BM,36.06,-118.39,2004,10,12.9519996643066
BM,36.06,-118.39,2004,11,7.35200023651123
BM,36.06,-118.39,2004,12,6.76399993896484
BM,36.06,-118.39,2005,1,4.69000005722046
BM,36.06,-118.39,2005,2,5.89200019836426
BM,36.06,-118.39,2005,3,8.40900039672852
BM,36.06,-118.39,2005,4,8.85900020599365
BM,36.06,-118.39,2005,5,10.9770002365112
BM,36.06,-118.39,2005,6,14.7130002975464
BM,36.06,-118.39,2005,7,22.7129993438721
BM,36.06,-118.39,2005,8,19.4449996948242
BM,36.06,-118.39,2005,9,17.1539993286133
BM,36.06,-118.39,2005,10,10.6020002365112
BM,36.06,-118.39,2005,11,9.4689998626709
BM,36.06,-118.39,2005,12,6.82499980926514
BM,36.06,-118.39,2006,1,6.6560001373291
BM,36.06,-118.39,2006,2,7.91300010681152
BM,36.06,-118.39,2006,3,4.56199979782104
BM,36.06,-118.39,2006,4,7.46400022506714
BM,36.06,-118.39,2006,5,11.9759998321533
BM,36.06,-118.39,2006,6,20.1660003662109
BM,36.06,-118.39,2006,7,21.0830001831055
BM,36.06,-118.39,2006,8,22.2329998016357
BM,36.06,-118.39,2006,9,18.9209995269775
BM,36.06,-118.39,2006,10,12.0659999847412
BM,36.06,-118.39,2006,11,10.875
BM,36.06,-118.39,2006,12,8.67199993133545
BM,36.06,-118.39,2007,1,8.19299983978271
BM,36.06,-118.39,2007,2,6.25299978256226
BM,36.06,-118.39,2007,3,10.206000328064
BM,36.06,-118.39,2007,4,10.5880002975464
BM,36.06,-118.39,2007,5,15.9409999847412
BM,36.06,-118.39,2007,6,21.6229991912842
BM,36.06,-118.39,2007,7,26.4990005493164
BM,36.06,-118.39,2007,8,25.2600002288818
BM,36.06,-118.39,2007,9,17.492000579834
BM,36.06,-118.39,2007,10,13.2690000534058
BM,36.06,-118.39,2007,11,12.2239999771118
BM,36.06,-118.39,2007,12,6.0479998588562
BM,36.06,-118.39,2008,1,6.10599994659424
BM,36.06,-118.39,2008,2,7.05999994277954
BM,36.06,-118.39,2008,3,8.29800033569336
BM,36.06,-118.39,2008,4,11.8190002441406
BM,36.06,-118.39,2008,5,11.3940000534058
BM,36.06,-118.39,2008,6,19.6509990692139
BM,36.06,-118.39,2008,7,21.3509998321533
BM,36.06,-118.39,2008,8,24.1340007781982
BM,36.06,-118.39,2008,9,20.4589996337891
BM,36.06,-118.39,2008,10,14.7580003738403
BM,36.06,-118.39,2008,11,9.81400012969971
BM,36.06,-118.39,2008,12,7.10300016403198
BM,36.06,-118.39,2009,1,9.43200016021729
BM,36.06,-118.39,2009,2,5.73799991607666
BM,36.06,-118.39,2009,3,7.39499998092651
BM,36.06,-118.39,2009,4,9.47200012207031
BM,36.06,-118.39,2009,5,15.0590000152588
BM,36.06,-118.39,2009,6,11.7609996795654
BM,36.06,-118.39,2009,7,25.0690002441406
BM,36.06,-118.39,2009,8,22.7520008087158
BM,36.06,-118.39,2009,9,22.8680000305176
BM,36.06,-118.39,2009,10,12.4849996566772
BM,36.06,-118.39,2009,11,10.9860000610352
BM,36.06,-118.39,2009,12,6.28000020980835
BM,36.06,-118.39,2010,1,6.99100017547607
BM,36.06,-118.39,2010,2,5.56799983978271
BM,36.06,-118.39,2010,3,7.82399988174438
BM,36.06,-118.39,2010,4,8.41499996185303
BM,36.06,-118.39,2010,5,8.56900024414062
BM,36.06,-118.39,2010,6,15.335000038147
BM,36.06,-118.39,2010,7,21.253999710083
BM,36.06,-118.39,2010,8,23.4330005645752
BM,36.06,-118.39,2010,9,21.7970008850098
BM,36.06,-118.39,2010,10,9.63099956512451
BM,36.06,-118.39,2010,11,8.77299976348877
BM,36.06,-118.39,2010,12,6.08500003814697
BM,36.06,-118.39,2011,1,8.35499954223633
BM,36.06,-118.39,2011,2,6.3730001449585
BM,36.06,-118.39,2011,3,5.92700004577637
BM,36.06,-118.39,2011,4,8.9689998626709
BM,36.06,-118.39,2011,5,8.60299968719482
BM,36.06,-118.39,2011,6,15.5880002975464
BM,36.06,-118.39,2011,7,18.3379993438721
BM,36.06,-118.39,2011,8,22.6159992218018
BM,36.06,-118.39,2011,9,17.8570003509521
BM,36.06,-118.39,2011,10,13.6190004348755
BM,36.06,-118.39,2011,11,9.20400047302246
BM,36.06,-118.39,2011,12,8.02099990844727
BM,36.06,-118.39,2012,1,10.4090003967285
BM,36.06,-118.39,2012,2,6.93699979782104
BM,36.06,-118.39,2012,3,7.83300018310547
BM,36.06,-118.39,2012,4,10.5979995727539
BM,36.06,-118.39,2012,5,14.6820001602173
BM,36.06,-118.39,2012,6,16.0100002288818
BM,36.06,-118.39,2012,7,20.2560005187988
BM,36.06,-118.39,2012,8,21.4769992828369
BM,36.06,-118.39,2012,9,19.7679996490479
BM,36.06,-118.39,2012,10,14.8280000686646
BM,36.06,-118.39,2012,11,10.0550003051758
BM,36.06,-118.39,2012,12,4.94500017166138
BM,36.06,-118.39,1908,1,6.50500011444092
BM,36.06,-118.39,1908,2,4.4229998588562
BM,36.06,-118.39,1908,3,6.84299993515015
BM,36.06,-118.39,1908,4,9.81599998474121
BM,36.06,-118.39,1908,5,8.81599998474121
BM,36.06,-118.39,1908,6,16.3439998626709
BM,36.06,-118.39,1908,7,26.7089996337891
BM,36.06,-118.39,1908,8,24.3969993591309
BM,36.06,-118.39,1908,9,13.3210000991821
BM,36.06,-118.39,1908,10,9.36900043487549
BM,36.06,-118.39,1908,11,9.02799987792969
BM,36.06,-118.39,1908,12,5.64599990844727
BM,36.06,-118.39,1909,1,4.75899982452393
BM,36.06,-118.39,1909,2,3.57100009918213
BM,36.06,-118.39,1909,3,4.38100004196167
BM,36.06,-118.39,1909,4,9.52999973297119
BM,36.06,-118.39,1909,5,11.3859996795654
BM,36.06,-118.39,1909,6,16.3920001983643
BM,36.06,-118.39,1909,7,18.3780002593994
BM,36.06,-118.39,1909,8,18.8649997711182
BM,36.06,-118.39,1909,9,10.2390003204346
BM,36.06,-118.39,1909,10,8.77600002288818
BM,36.06,-118.39,1909,11,5.26399993896484
BM,36.06,-118.39,1909,12,2.81299996376038
BM,36.06,-118.39,1910,1,3.67499995231628
BM,36.06,-118.39,1910,2,4.90500020980835
BM,36.06,-118.39,1910,3,6.41599988937378
BM,36.06,-118.39,1910,4,11.4010000228882
BM,36.06,-118.39,1910,5,13.2119998931885
BM,36.06,-118.39,1910,6,15.6639995574951
BM,36.06,-118.39,1910,7,16.8349990844727
BM,36.06,-118.39,1910,8,19.875
BM,36.06,-118.39,1910,9,11.7849998474121
BM,36.06,-118.39,1910,10,7.96400022506714
BM,36.06,-118.39,1910,11,6.00899982452393
BM,36.06,-118.39,1910,12,5.5939998626709
BM,36.06,-118.39,1911,1,5.75400018692017
BM,36.06,-118.39,1911,2,3.48499989509583
BM,36.06,-118.39,1911,3,6.32299995422363
BM,36.06,-118.39,1911,4,7.61700010299683
BM,36.06,-118.39,1911,5,8.73299980163574
BM,36.06,-118.39,1911,6,15.8149995803833
BM,36.06,-118.39,1911,7,17.7700004577637
BM,36.06,-118.39,1911,8,15.956000328064
BM,36.06,-118.39,1911,9,10.201000213623
BM,36.06,-118.39,1911,10,8.04599952697754
BM,36.06,-118.39,1911,11,6.83300018310547
BM,36.06,-118.39,1911,12,4
BM,36.06,-118.39,1916,1,2.12199997901917
BM,36.06,-118.39,1916,2,5.42799997329712
BM,36.06,-118.39,1916,3,6.25299978256226
BM,36.06,-118.39,1916,4,8.51200008392334
BM,36.06,-118.39,1916,5,8.51000022888184
BM,36.06,-118.39,1916,6,14.4230003356934
BM,36.06,-118.39,1916,7,16.2530002593994
BM,36.06,-118.39,1916,8,14.8819999694824
BM,36.06,-118.39,1916,9,13.5939998626709
BM,36.06,-118.39,1916,10,5.95699977874756
BM,36.06,-118.39,1916,11,7.20800018310547
BM,36.06,-118.39,1916,12,5.0479998588562
BM,36.06,-118.39,1922,1,3.51500010490417
BM,36.06,-118.39,1922,2,2.70600008964539
BM,36.06,-118.39,1922,3,4.63899993896484
BM,36.06,-118.39,1922,4,5.65399980545044
BM,36.06,-118.39,1922,5,10.1890001296997
BM,36.06,-118.39,1922,6,14.3020000457764
BM,36.06,-118.39,1922,7,18.1499996185303
BM,36.06,-118.39,1922,8,16.6909999847412
BM,36.06,-118.39,1922,9,17.2059993743896
BM,36.06,-118.39,1922,10,9.05700016021729
BM,36.06,-118.39,1922,11,5.90899991989136
BM,36.06,-118.39,1922,12,4.08199977874756
BM,36.06,-118.39,1941,1,5.27899980545044
BM,36.06,-118.39,1941,2,4.2810001373291
BM,36.06,-118.39,1941,3,5.80999994277954
BM,36.06,-118.39,1941,4,5.07399988174438
BM,36.06,-118.39,1941,5,9.62899971008301
BM,36.06,-118.39,1941,6,11.9200000762939
BM,36.06,-118.39,1941,7,17.8439998626709
BM,36.06,-118.39,1941,8,14.0559997558594
BM,36.06,-118.39,1941,9,11.8940000534058
BM,36.06,-118.39,1941,10,9.02600002288818
BM,36.06,-118.39,1941,11,9.67000007629395
BM,36.06,-118.39,1941,12,5.06599998474121
BM,36.06,-118.39,1943,1,6.38000011444092
BM,36.06,-118.39,1943,2,5.65100002288818
BM,36.06,-118.39,1943,3,5.11199998855591
BM,36.06,-118.39,1943,4,5.92199993133545
BM,36.06,-118.39,1943,5,10.5640001296997
BM,36.06,-118.39,1943,6,13.2430000305176
BM,36.06,-118.39,1943,7,17.7070007324219
BM,36.06,-118.39,1943,8,16.3139991760254
BM,36.06,-118.39,1943,9,17.753999710083
BM,36.06,-118.39,1943,10,11.2569999694824
BM,36.06,-118.39,1943,11,9.89900016784668
BM,36.06,-118.39,1943,12,5.85799980163574
BM,36.06,-118.39,1947,1,5.57200002670288
BM,36.06,-118.39,1947,2,5.6710000038147
BM,36.06,-118.39,1947,3,7.59200000762939
BM,36.06,-118.39,1947,4,8.26900005340576
BM,36.06,-118.39,1947,5,13.2170000076294
BM,36.06,-118.39,1947,6,13.6269998550415
BM,36.06,-118.39,1947,7,16.0820007324219
BM,36.06,-118.39,1947,8,15.173999786377
BM,36.06,-118.39,1947,9,17.5590000152588
BM,36.06,-118.39,1947,10,8.27700042724609
BM,36.06,-118.39,1947,11,5.30900001525879
BM,36.06,-118.39,1947,12,5.18800020217896
BM,36.06,-118.39,1948,1,8.29300022125244
BM,36.06,-118.39,1948,2,4.6269998550415
BM,36.06,-118.39,1948,3,4.47499990463257
BM,36.06,-118.39,1948,4,6.66699981689453
BM,36.06,-118.39,1948,5,8.45400047302246
BM,36.06,-118.39,1948,6,11.7690000534058
BM,36.06,-118.39,1948,7,17.3139991760254
BM,36.06,-118.39,1948,8,18.3400001525879
BM,36.06,-118.39,1948,9,16.2439994812012
BM,36.06,-118.39,1948,10,9.64500045776367
BM,36.06,-118.39,1948,11,8.33699989318848
BM,36.06,-118.39,1948,12,4.47700023651123
BM,36.06,-118.39,1950,1,3.96799993515015
BM,36.06,-118.39,1950,2,5.60099983215332
BM,36.06,-118.39,1950,3,7.01900005340576
BM,36.06,-118.39,1950,4,9.47299957275391
BM,36.06,-118.39,1950,5,10.4320001602173
BM,36.06,-118.39,1950,6,15.6949996948242
BM,36.06,-118.39,1950,7,16.7919998168945
BM,36.06,-118.39,1950,8,20.4969997406006
BM,36.06,-118.39,1950,9,13.1730003356934
BM,36.06,-118.39,1950,10,11.6140003204346
BM,36.06,-118.39,1950,11,9.02400016784668
BM,36.06,-118.39,1950,12,7.10699987411499
BM,36.06,-118.39,1951,1,4.83400011062622
BM,36.06,-118.39,1951,2,4.96400022506714
BM,36.06,-118.39,1951,3,7.68200016021729
BM,36.06,-118.39,1951,4,6.66599988937378
BM,36.06,-118.39,1951,5,9.73499965667725
BM,36.06,-118.39,1951,6,13.9680004119873
BM,36.06,-118.39,1951,7,19.1140003204346
BM,36.06,-118.39,1951,8,19.3059997558594
BM,36.06,-118.39,1951,9,19.9209995269775
BM,36.06,-118.39,1951,10,10.128999710083
BM,36.06,-118.39,1951,11,6.70699977874756
BM,36.06,-118.39,1951,12,3.875
BM,36.06,-118.39,1953,1,7.14699983596802
BM,36.06,-118.39,1953,2,6.58300018310547
BM,36.06,-118.39,1953,3,7.21099996566772
BM,36.06,-118.39,1953,4,7.13899993896484
BM,36.06,-118.39,1953,5,6.46199989318848
BM,36.06,-118.39,1953,6,12.8870000839233
BM,36.06,-118.39,1953,7,17.0979995727539
BM,36.06,-118.39,1953,8,16.8020000457764
BM,36.06,-118.39,1953,9,17.2630004882812
BM,36.06,-118.39,1953,10,9.60000038146973
BM,36.06,-118.39,1953,11,6.36199998855591
BM,36.06,-118.39,1953,12,7.51999998092651
BM,36.06,-118.39,1957,1,3.92799997329712
BM,36.06,-118.39,1957,2,4.64599990844727
BM,36.06,-118.39,1957,3,5.36600017547607
BM,36.06,-118.39,1957,4,6.98899984359741
BM,36.06,-118.39,1957,5,5.24499988555908
BM,36.06,-118.39,1957,6,13.7799997329712
BM,36.06,-118.39,1957,7,15.9370002746582
BM,36.06,-118.39,1957,8,16.6040000915527
BM,36.06,-118.39,1957,9,13.8739995956421
BM,36.06,-118.39,1957,10,5.94299983978271
BM,36.06,-118.39,1957,11,5.35900020599365
BM,36.06,-118.39,1957,12,6.88600015640259
BM,36.06,-118.39,1964,1,5.40000009536743
BM,36.06,-118.39,1964,2,6.66699981689453
BM,36.06,-118.39,1964,3,5.09800004959106
BM,36.06,-118.39,1964,4,6.57299995422363
BM,36.06,-118.39,1964,5,8.35799980163574
BM,36.06,-118.39,1964,6,11.5670003890991
BM,36.06,-118.39,1964,7,17.0970001220703
BM,36.06,-118.39,1964,8,18.5219993591309
BM,36.06,-118.39,1964,9,14.668999671936
BM,36.06,-118.39,1964,10,13.2700004577637
BM,36.06,-118.39,1964,11,4.80100011825562
BM,36.06,-118.39,1964,12,4.02600002288818
BM,36.06,-118.39,1973,1,4.68800020217896
BM,36.06,-118.39,1973,2,3.48000001907349
BM,36.06,-118.39,1973,3,3.43199992179871
BM,36.06,-118.39,1973,4,7.20300006866455
BM,36.06,-118.39,1973,5,10.9359998703003
BM,36.06,-118.39,1973,6,16.3120002746582
BM,36.06,-118.39,1973,7,18.8920001983643
BM,36.06,-118.39,1973,8,18.1580009460449
BM,36.06,-118.39,1973,9,16.503999710083
BM,36.06,-118.39,1973,10,11.6269998550415
BM,36.06,-118.39,1973,11,4.85900020599365
BM,36.06,-118.39,1973,12,6.60400009155273
BM,36.06,-118.39,1976,1,7.79699993133545
BM,36.06,-118.39,1976,2,5.63700008392334
BM,36.06,-118.39,1976,3,6.33199977874756
BM,36.06,-118.39,1976,4,6.81400012969971
BM,36.06,-118.39,1976,5,11.4390001296997
BM,36.06,-118.39,1976,6,14.2309999465942
BM,36.06,-118.39,1976,7,15.9580001831055
BM,36.06,-118.39,1976,8,13.2110004425049
BM,36.06,-118.39,1976,9,12.125
BM,36.06,-118.39,1976,10,10.6490001678467
BM,36.06,-118.39,1976,11,9.73900032043457
BM,36.06,-118.39,1976,12,8.45199966430664
BM,36.06,-118.39,1979,1,4.06099987030029
BM,36.06,-118.39,1979,2,5.2350001335144
BM,36.06,-118.39,1979,3,4.60400009155273
BM,36.06,-118.39,1979,4,8.31900024414062
BM,36.06,-118.39,1979,5,10.4270000457764
BM,36.06,-118.39,1979,6,15.9549999237061
BM,36.06,-118.39,1979,7,18.7070007324219
BM,36.06,-118.39,1979,8,16.82200050354
BM,36.06,-118.39,1979,9,18.0909996032715
BM,36.06,-118.39,1979,10,10.5329999923706
BM,36.06,-118.39,1979,11,7.24100017547607
BM,36.06,-118.39,1979,12,7.59999990463257
