site,lat,long,year,month,tmax
BM,36.06,-118.39,1985,1,4.01300001144409
BM,36.06,-118.39,1985,2,5.10099983215332
BM,36.06,-118.39,1985,3,2.99799990653992
BM,36.06,-118.39,1985,4,11.3360004425049
BM,36.06,-118.39,1985,5,12.9270000457764
BM,36.06,-118.39,1985,6,18.8080005645752
BM,36.06,-118.39,1985,7,21.246000289917
BM,36.06,-118.39,1985,8,20.3400001525879
BM,36.06,-118.39,1985,9,12.3739995956421
BM,36.06,-118.39,1985,10,11.8929996490479
BM,36.06,-118.39,1985,11,5.23899984359741
BM,36.06,-118.39,1985,12,6.16499996185303
BM,36.06,-118.39,1986,1,8.56700038909912
BM,36.06,-118.39,1986,2,4.19099998474121
BM,36.06,-118.39,1986,3,7.77600002288818
BM,36.06,-118.39,1986,4,8.88899993896484
BM,36.06,-118.39,1986,5,12.4429998397827
BM,36.06,-118.39,1986,6,18.0659999847412
BM,36.06,-118.39,1986,7,18.6860008239746
BM,36.06,-118.39,1986,8,21.7910003662109
BM,36.06,-118.39,1986,9,12.8140001296997
BM,36.06,-118.39,1986,10,11.048999786377
BM,36.06,-118.39,1986,11,9.08100032806396
BM,36.06,-118.39,1986,12,5.18599987030029
BM,36.06,-118.39,1987,1,3.62599992752075
BM,36.06,-118.39,1987,2,3.07200002670288
BM,36.06,-118.39,1987,3,3.99200010299683
BM,36.06,-118.39,1987,4,12.5620002746582
BM,36.06,-118.39,1987,5,11.7270002365112
BM,36.06,-118.39,1987,6,18.5200004577637
BM,36.06,-118.39,1987,7,18.17799949646
BM,36.06,-118.39,1987,8,21.1180000305176
BM,36.06,-118.39,1987,9,17.548999786377
BM,36.06,-118.39,1987,10,14.0220003128052
BM,36.06,-118.39,1987,11,6.74200010299683
BM,36.06,-118.39,1987,12,1.26199996471405
BM,36.06,-118.39,1988,1,4.8730001449585
BM,36.06,-118.39,1988,2,7.58699989318848
BM,36.06,-118.39,1988,3,7.14499998092651
BM,36.06,-118.39,1988,4,9.16399955749512
BM,36.06,-118.39,1988,5,10.9359998703003
BM,36.06,-118.39,1988,6,16.5310001373291
BM,36.06,-118.39,1988,7,22.1830005645752
BM,36.06,-118.39,1988,8,20.8269996643066
BM,36.06,-118.39,1988,9,18.128999710083
BM,36.06,-118.39,1988,10,16.4699993133545
BM,36.06,-118.39,1988,11,7.4980001449585
BM,36.06,-118.39,1988,12,3.16499996185303
BM,36.06,-118.39,1989,1,3.39800000190735
BM,36.06,-118.39,1989,2,2.64499998092651
BM,36.06,-118.39,1989,3,7.02899980545044
BM,36.06,-118.39,1989,4,12.6929998397827
BM,36.06,-118.39,1989,5,11.8229999542236
BM,36.06,-118.39,1989,6,17.3150005340576
BM,36.06,-118.39,1989,7,21.6720008850098
BM,36.06,-118.39,1989,8,19.6240005493164
BM,36.06,-118.39,1989,9,16.7390003204346
BM,36.06,-118.39,1989,10,11.8819999694824
BM,36.06,-118.39,1989,11,10.8420000076294
BM,36.06,-118.39,1989,12,8.5310001373291
BM,36.06,-118.39,1990,1,4.17199993133545
BM,36.06,-118.39,1990,2,1.92299997806549
BM,36.06,-118.39,1990,3,6.39900016784668
BM,36.06,-118.39,1990,4,10.3319997787476
BM,36.06,-118.39,1990,5,11.3050003051758
BM,36.06,-118.39,1990,6,17.5590000152588
BM,36.06,-118.39,1990,7,21.423999786377
BM,36.06,-118.39,1990,8,20.0860004425049
BM,36.06,-118.39,1990,9,16.8229999542236
BM,36.06,-118.39,1990,10,15.1599998474121
BM,36.06,-118.39,1990,11,8.84500026702881
BM,36.06,-118.39,1990,12,2.79999995231628
BM,36.06,-118.39,1991,1,5.26399993896484
BM,36.06,-118.39,1991,2,8.48099994659424
BM,36.06,-118.39,1991,3,0.555999994277954
BM,36.06,-118.39,1991,4,7.23799991607666
BM,36.06,-118.39,1991,5,9.21199989318848
BM,36.06,-118.39,1991,6,15.418999671936
BM,36.06,-118.39,1991,7,21.0480003356934
BM,36.06,-118.39,1991,8,20.2730007171631
BM,36.06,-118.39,1991,9,18.8339996337891
BM,36.06,-118.39,1991,10,14.9930000305176
BM,36.06,-118.39,1991,11,8.99400043487549
BM,36.06,-118.39,1991,12,5.11800003051758
BM,36.06,-118.39,1992,1,5.79699993133545
BM,36.06,-118.39,1992,2,5.14900016784668
BM,36.06,-118.39,1992,3,4.69500017166138
BM,36.06,-118.39,1992,4,12.3009996414185
BM,36.06,-118.39,1992,5,14.8769998550415
BM,36.06,-118.39,1992,6,16.1030006408691
BM,36.06,-118.39,1992,7,18.2080001831055
BM,36.06,-118.39,1992,8,22.7059993743896
BM,36.06,-118.39,1992,9,18.5370006561279
BM,36.06,-118.39,1992,10,15.2690000534058
BM,36.06,-118.39,1992,11,7.53499984741211
BM,36.06,-118.39,1992,12,1.61600005626678
BM,36.06,-118.39,1993,1,3.46300005912781
BM,36.06,-118.39,1993,2,1.22300004959106
BM,36.06,-118.39,1993,3,6.98999977111816
BM,36.06,-118.39,1993,4,8.74100017547607
BM,36.06,-118.39,1993,5,12.7299995422363
BM,36.06,-118.39,1993,6,16.3059997558594
BM,36.06,-118.39,1993,7,19.757999420166
BM,36.06,-118.39,1993,8,21.568000793457
BM,36.06,-118.39,1993,9,19.0699996948242
BM,36.06,-118.39,1993,10,12.6940002441406
BM,36.06,-118.39,1993,11,7.5149998664856
BM,36.06,-118.39,1993,12,4.61600017547607
BM,36.06,-118.39,1994,1,6.38800001144409
BM,36.06,-118.39,1994,2,2.38000011444092
BM,36.06,-118.39,1994,3,7.83799982070923
BM,36.06,-118.39,1994,4,8.70300006866455
BM,36.06,-118.39,1994,5,11.1479997634888
BM,36.06,-118.39,1994,6,18.9599990844727
BM,36.06,-118.39,1994,7,21.4449996948242
BM,36.06,-118.39,1994,8,22.5100002288818
BM,36.06,-118.39,1994,9,17.7600002288818
BM,36.06,-118.39,1994,10,11.4469995498657
BM,36.06,-118.39,1994,11,3.01399993896484
BM,36.06,-118.39,1994,12,3.78399991989136
BM,36.06,-118.39,1995,1,1.34800004959106
BM,36.06,-118.39,1995,2,8.94200038909912
BM,36.06,-118.39,1995,3,4.02099990844727
BM,36.06,-118.39,1995,4,7.22100019454956
BM,36.06,-118.39,1995,5,8.44400024414062
BM,36.06,-118.39,1995,6,14.9250001907349
BM,36.06,-118.39,1995,7,19.5440006256104
BM,36.06,-118.39,1995,8,22.3649997711182
BM,36.06,-118.39,1995,9,20.0189990997314
BM,36.06,-118.39,1995,10,15.8739995956421
BM,36.06,-118.39,1995,11,12.6400003433228
BM,36.06,-118.39,1995,12,5.56599998474121
BM,36.06,-118.39,1996,1,6.6560001373291
BM,36.06,-118.39,1996,2,4.58300018310547
BM,36.06,-118.39,1996,3,6.45699977874756
BM,36.06,-118.39,1996,4,10.4090003967285
BM,36.06,-118.39,1996,5,13.0629997253418
BM,36.06,-118.39,1996,6,18.0769996643066
BM,36.06,-118.39,1996,7,22.0610008239746
BM,36.06,-118.39,1996,8,22.5510005950928
BM,36.06,-118.39,1996,9,17.8439998626709
BM,36.06,-118.39,1996,10,11.8290004730225
BM,36.06,-118.39,1996,11,7.97499990463257
BM,36.06,-118.39,1996,12,5.2979998588562
BM,36.06,-118.39,1997,1,3.70900011062622
BM,36.06,-118.39,1997,2,4.57800006866455
BM,36.06,-118.39,1997,3,9.69499969482422
BM,36.06,-118.39,1997,4,9.20899963378906
BM,36.06,-118.39,1997,5,15.2919998168945
BM,36.06,-118.39,1997,6,16.5349998474121
BM,36.06,-118.39,1997,7,20.0179996490479
BM,36.06,-118.39,1997,8,21.6299991607666
BM,36.06,-118.39,1997,9,17.9930000305176
BM,36.06,-118.39,1997,10,13.1339998245239
BM,36.06,-118.39,1997,11,7.84000015258789
BM,36.06,-118.39,1997,12,3.09299993515015
BM,36.06,-118.39,1998,1,4.34800004959106
BM,36.06,-118.39,1998,2,1.25199997425079
BM,36.06,-118.39,1998,3,5.38000011444092
BM,36.06,-118.39,1998,4,5.63800001144409
BM,36.06,-118.39,1998,5,6.82000017166138
BM,36.06,-118.39,1998,6,14.25
BM,36.06,-118.39,1998,7,21.4979991912842
BM,36.06,-118.39,1998,8,23.9080009460449
BM,36.06,-118.39,1998,9,16.617000579834
BM,36.06,-118.39,1998,10,11.9069995880127
BM,36.06,-118.39,1998,11,7.19799995422363
BM,36.06,-118.39,1998,12,4.76999998092651
BM,36.06,-118.39,1999,1,6.38000011444092
BM,36.06,-118.39,1999,2,5.03499984741211
BM,36.06,-118.39,1999,3,5.27600002288818
BM,36.06,-118.39,1999,4,5.71600008010864
BM,36.06,-118.39,1999,5,12.2749996185303
BM,36.06,-118.39,1999,6,17.0590000152588
BM,36.06,-118.39,1999,7,21.503999710083
BM,36.06,-118.39,1999,8,21.4209995269775
BM,36.06,-118.39,1999,9,20.3169994354248
BM,36.06,-118.39,1999,10,19.1569995880127
BM,36.06,-118.39,1999,11,11.7799997329712
BM,36.06,-118.39,1999,12,7.45599985122681
BM,36.06,-118.39,2000,1,5.51700019836426
BM,36.06,-118.39,2000,2,4.84000015258789
BM,36.06,-118.39,2000,3,6.87799978256226
BM,36.06,-118.39,2000,4,13.1309995651245
BM,36.06,-118.39,2000,5,16.9599990844727
BM,36.06,-118.39,2000,6,22.0639991760254
BM,36.06,-118.39,2000,7,22.988000869751
BM,36.06,-118.39,2000,8,23.7220001220703
BM,36.06,-118.39,2000,9,20.7980003356934
BM,36.06,-118.39,2000,10,12.8800001144409
BM,36.06,-118.39,2000,11,5.84899997711182
BM,36.06,-118.39,2000,12,8.42800045013428
BM,36.06,-118.39,2001,1,3.06900000572205
BM,36.06,-118.39,2001,2,2.24399995803833
BM,36.06,-118.39,2001,3,7.83699989318848
BM,36.06,-118.39,2001,4,8.87899971008301
BM,36.06,-118.39,2001,5,19.1389999389648
BM,36.06,-118.39,2001,6,21.9270000457764
BM,36.06,-118.39,2001,7,22.1959991455078
BM,36.06,-118.39,2001,8,26.0499992370605
BM,36.06,-118.39,2001,9,22.3040008544922
BM,36.06,-118.39,2001,10,18.5610008239746
BM,36.06,-118.39,2001,11,8.50100040435791
BM,36.06,-118.39,2001,12,3.63800001144409
BM,36.06,-118.39,2002,1,5.625
BM,36.06,-118.39,2002,2,8.17700004577637
BM,36.06,-118.39,2002,3,5.80700016021729
BM,36.06,-118.39,2002,4,12.0620002746582
BM,36.06,-118.39,2002,5,14.8039999008179
BM,36.06,-118.39,2002,6,19.8360004425049
BM,36.06,-118.39,2002,7,25.2709999084473
BM,36.06,-118.39,2002,8,24.8199996948242
BM,36.06,-118.39,2002,9,21.3419990539551
BM,36.06,-118.39,2002,10,14.6389999389648
BM,36.06,-118.39,2002,11,9.85900020599365
BM,36.06,-118.39,2002,12,3.29900002479553
BM,36.06,-118.39,2003,1,10.0909996032715
BM,36.06,-118.39,2003,2,4.625
BM,36.06,-118.39,2003,3,6.95800018310547
BM,36.06,-118.39,2003,4,6.39400005340576
BM,36.06,-118.39,2003,5,15.0209999084473
BM,36.06,-118.39,2003,6,21.992000579834
BM,36.06,-118.39,2003,7,24.9349994659424
BM,36.06,-118.39,2003,8,23.4039993286133
BM,36.06,-118.39,2003,9,22.5400009155273
BM,36.06,-118.39,2003,10,19.94700050354
BM,36.06,-118.39,2003,11,5.76800012588501
BM,36.06,-118.39,2003,12,4.57200002670288
BM,36.06,-118.39,2004,1,5.05700016021729
BM,36.06,-118.39,2004,2,2.51999998092651
BM,36.06,-118.39,2004,3,11.4689998626709
BM,36.06,-118.39,2004,4,12.0839996337891
BM,36.06,-118.39,2004,5,16.0669994354248
BM,36.06,-118.39,2004,6,21.4699993133545
BM,36.06,-118.39,2004,7,23.0249996185303
BM,36.06,-118.39,2004,8,23.1760005950928
BM,36.06,-118.39,2004,9,20.5370006561279
BM,36.06,-118.39,2004,10,11.5909996032715
BM,36.06,-118.39,2004,11,5.8899998664856
BM,36.06,-118.39,2004,12,6.92500019073486
BM,36.06,-118.39,2005,1,4.88899993896484
BM,36.06,-118.39,2005,2,4.23400020599365
BM,36.06,-118.39,2005,3,6.48999977111816
BM,36.06,-118.39,2005,4,9.5649995803833
BM,36.06,-118.39,2005,5,14.4399995803833
BM,36.06,-118.39,2005,6,18.2439994812012
BM,36.06,-118.39,2005,7,25.5300006866455
BM,36.06,-118.39,2005,8,23.2679996490479
BM,36.06,-118.39,2005,9,18.1490001678467
BM,36.06,-118.39,2005,10,13.1470003128052
BM,36.06,-118.39,2005,11,10.6820001602173
BM,36.06,-118.39,2005,12,6.44199991226196
BM,36.06,-118.39,2006,1,5.41900014877319
BM,36.06,-118.39,2006,2,6.78700017929077
BM,36.06,-118.39,2006,3,1.84700000286102
BM,36.06,-118.39,2006,4,8.70400047302246
BM,36.06,-118.39,2006,5,16.7450008392334
BM,36.06,-118.39,2006,6,22.5090007781982
BM,36.06,-118.39,2006,7,24.5599994659424
BM,36.06,-118.39,2006,8,23.4720001220703
BM,36.06,-118.39,2006,9,20.2749996185303
BM,36.06,-118.39,2006,10,14.0970001220703
BM,36.06,-118.39,2006,11,11.1440000534058
BM,36.06,-118.39,2006,12,6.93900012969971
BM,36.06,-118.39,2007,1,6.14799976348877
BM,36.06,-118.39,2007,2,5.95599985122681
BM,36.06,-118.39,2007,3,10.5
BM,36.06,-118.39,2007,4,11.6330003738403
BM,36.06,-118.39,2007,5,17.0590000152588
BM,36.06,-118.39,2007,6,21.8549995422363
BM,36.06,-118.39,2007,7,25.5130004882812
BM,36.06,-118.39,2007,8,24.9650001525879
BM,36.06,-118.39,2007,9,18.7859992980957
BM,36.06,-118.39,2007,10,14.4820003509521
BM,36.06,-118.39,2007,11,13.0329999923706
BM,36.06,-118.39,2007,12,4.14300012588501
BM,36.06,-118.39,2008,1,4.29500007629395
BM,36.06,-118.39,2008,2,6.55299997329712
BM,36.06,-118.39,2008,3,7.8439998626709
BM,36.06,-118.39,2008,4,11.8299999237061
BM,36.06,-118.39,2008,5,13.4940004348755
BM,36.06,-118.39,2008,6,21.2560005187988
BM,36.06,-118.39,2008,7,23.9069995880127
BM,36.06,-118.39,2008,8,24.9139995574951
BM,36.06,-118.39,2008,9,21.1110000610352
BM,36.06,-118.39,2008,10,16.1860008239746
BM,36.06,-118.39,2008,11,11.3269996643066
BM,36.06,-118.39,2008,12,5.35799980163574
BM,36.06,-118.39,2009,1,9.72299957275391
BM,36.06,-118.39,2009,2,3.93499994277954
BM,36.06,-118.39,2009,3,6.9539999961853
BM,36.06,-118.39,2009,4,9.95199966430664
BM,36.06,-118.39,2009,5,17.6399993896484
BM,36.06,-118.39,2009,6,16.1200008392334
BM,36.06,-118.39,2009,7,24.761999130249
BM,36.06,-118.39,2009,8,23.1079998016357
BM,36.06,-118.39,2009,9,22.9640007019043
BM,36.06,-118.39,2009,10,13.2180004119873
BM,36.06,-118.39,2009,11,9.88700008392334
BM,36.06,-118.39,2009,12,4.57100009918213
BM,36.06,-118.39,2010,1,5.80299997329712
BM,36.06,-118.39,2010,2,4.37200021743774
BM,36.06,-118.39,2010,3,6.80200004577637
BM,36.06,-118.39,2010,4,9.18900012969971
BM,36.06,-118.39,2010,5,11.1339998245239
BM,36.06,-118.39,2010,6,20.5279998779297
BM,36.06,-118.39,2010,7,23.7700004577637
BM,36.06,-118.39,2010,8,23.4459991455078
BM,36.06,-118.39,2010,9,22.1509990692139
BM,36.06,-118.39,2010,10,12.9350004196167
BM,36.06,-118.39,2010,11,7.94000005722046
BM,36.06,-118.39,2010,12,5.74399995803833
BM,36.06,-118.39,2011,1,7.40500020980835
BM,36.06,-118.39,2011,2,4.32800006866455
BM,36.06,-118.39,2011,3,5.51800012588501
BM,36.06,-118.39,2011,4,10.5459995269775
BM,36.06,-118.39,2011,5,11.0920000076294
BM,36.06,-118.39,2011,6,18.6459999084473
BM,36.06,-118.39,2011,7,22.4720001220703
BM,36.06,-118.39,2011,8,24.1420001983643
BM,36.06,-118.39,2011,9,20.80299949646
BM,36.06,-118.39,2011,10,15.9449996948242
BM,36.06,-118.39,2011,11,8.55099964141846
BM,36.06,-118.39,2011,12,6.18200016021729
BM,36.06,-118.39,2012,1,8.47000026702881
BM,36.06,-118.39,2012,2,5.68800020217896
BM,36.06,-118.39,2012,3,6.99599981307983
BM,36.06,-118.39,2012,4,11.3409996032715
BM,36.06,-118.39,2012,5,16.6439990997314
BM,36.06,-118.39,2012,6,19.0869998931885
BM,36.06,-118.39,2012,7,23.181999206543
BM,36.06,-118.39,2012,8,24.9570007324219
BM,36.06,-118.39,2012,9,21.4400005340576
BM,36.06,-118.39,2012,10,15.9969997406006
BM,36.06,-118.39,2012,11,10.3219995498657
BM,36.06,-118.39,2012,12,3.31699991226196
BM,36.06,-118.39,1895,1,2.44300007820129
BM,36.06,-118.39,1895,2,4.56599998474121
BM,36.06,-118.39,1895,3,6.85699987411499
BM,36.06,-118.39,1895,4,9.54199981689453
BM,36.06,-118.39,1895,5,12.2869997024536
BM,36.06,-118.39,1895,6,17.4330005645752
BM,36.06,-118.39,1895,7,18.5510005950928
BM,36.06,-118.39,1895,8,20.3759994506836
BM,36.06,-118.39,1895,9,15.9610004425049
BM,36.06,-118.39,1895,10,12.3339996337891
BM,36.06,-118.39,1895,11,6.86100006103516
BM,36.06,-118.39,1895,12,4.38899993896484
BM,36.06,-118.39,1896,1,6.10099983215332
BM,36.06,-118.39,1896,2,7.21299982070923
BM,36.06,-118.39,1896,3,5.98899984359741
BM,36.06,-118.39,1896,4,4.25500011444092
BM,36.06,-118.39,1896,5,9.46500015258789
BM,36.06,-118.39,1896,6,18.7210006713867
BM,36.06,-118.39,1896,7,19.9559993743896
BM,36.06,-118.39,1896,8,18.5030002593994
BM,36.06,-118.39,1896,9,15.0450000762939
BM,36.06,-118.39,1896,10,13.5279998779297
BM,36.06,-118.39,1896,11,5.62400007247925
BM,36.06,-118.39,1896,12,6.66599988937378
BM,36.06,-118.39,1897,1,4.2979998588562
BM,36.06,-118.39,1897,2,1.2940000295639
BM,36.06,-118.39,1897,3,1.17499995231628
BM,36.06,-118.39,1897,4,9.9370002746582
BM,36.06,-118.39,1897,5,15.0229997634888
BM,36.06,-118.39,1897,6,14.9399995803833
BM,36.06,-118.39,1897,7,19.4710006713867
BM,36.06,-118.39,1897,8,21.6949996948242
BM,36.06,-118.39,1897,9,15.0769996643066
BM,36.06,-118.39,1897,10,9.81599998474121
BM,36.06,-118.39,1897,11,7.69099998474121
BM,36.06,-118.39,1897,12,2.43300008773804
BM,36.06,-118.39,1898,1,0.559000015258789
BM,36.06,-118.39,1898,2,5.58300018310547
BM,36.06,-118.39,1898,3,4.16699981689453
BM,36.06,-118.39,1898,4,12.2589998245239
BM,36.06,-118.39,1898,5,9.91399955749512
BM,36.06,-118.39,1898,6,17.0410003662109
BM,36.06,-118.39,1898,7,20.9479999542236
BM,36.06,-118.39,1898,8,22.4869995117188
BM,36.06,-118.39,1898,9,18.6690006256104
BM,36.06,-118.39,1898,10,12.0030002593994
BM,36.06,-118.39,1898,11,7.62099981307983
BM,36.06,-118.39,1898,12,2.96099996566772
BM,36.06,-118.39,1899,1,4.68200016021729
BM,36.06,-118.39,1899,2,3.76300001144409
BM,36.06,-118.39,1899,3,6.42600011825562
BM,36.06,-118.39,1899,4,10.6420001983643
BM,36.06,-118.39,1899,5,9.28299999237061
BM,36.06,-118.39,1899,6,18.7029991149902
BM,36.06,-118.39,1899,7,22.4829998016357
BM,36.06,-118.39,1899,8,18.3299999237061
BM,36.06,-118.39,1899,9,21.4899997711182
BM,36.06,-118.39,1899,10,9.47200012207031
BM,36.06,-118.39,1899,11,8.03999996185303
BM,36.06,-118.39,1899,12,3.14599990844727
BM,36.06,-118.39,1900,1,4.94500017166138
BM,36.06,-118.39,1900,2,6.49200010299683
BM,36.06,-118.39,1900,3,10.6840000152588
BM,36.06,-118.39,1900,4,6.26000022888184
BM,36.06,-118.39,1900,5,13.085000038147
BM,36.06,-118.39,1900,6,19.1569995880127
BM,36.06,-118.39,1900,7,22.1770000457764
BM,36.06,-118.39,1900,8,18.943000793457
BM,36.06,-118.39,1900,9,13.835000038147
BM,36.06,-118.39,1900,10,10.5389995574951
BM,36.06,-118.39,1900,11,8.74699974060059
BM,36.06,-118.39,1900,12,5.06300020217896
BM,36.06,-118.39,1901,1,2.21300005912781
BM,36.06,-118.39,1901,2,2.87100005149841
BM,36.06,-118.39,1901,3,6.31199979782104
BM,36.06,-118.39,1901,4,8.8769998550415
BM,36.06,-118.39,1901,5,11.4309997558594
BM,36.06,-118.39,1901,6,17.5440006256104
BM,36.06,-118.39,1901,7,22.0669994354248
BM,36.06,-118.39,1901,8,21.2950000762939
BM,36.06,-118.39,1901,9,16.9139995574951
BM,36.06,-118.39,1901,10,13.5869998931885
BM,36.06,-118.39,1901,11,10.4689998626709
BM,36.06,-118.39,1901,12,7.28299999237061
BM,36.06,-118.39,1902,1,4.21799993515015
BM,36.06,-118.39,1902,2,5.49300003051758
BM,36.06,-118.39,1902,3,2.83699989318848
BM,36.06,-118.39,1902,4,8.71199989318848
BM,36.06,-118.39,1902,5,11.1459999084473
BM,36.06,-118.39,1902,6,20.0410003662109
BM,36.06,-118.39,1902,7,20.9200000762939
BM,36.06,-118.39,1902,8,20.7630004882812
BM,36.06,-118.39,1902,9,20.1119995117188
BM,36.06,-118.39,1902,10,13.2770004272461
BM,36.06,-118.39,1902,11,6.26000022888184
BM,36.06,-118.39,1902,12,4.05000019073486
BM,36.06,-118.39,1903,1,5.35799980163574
BM,36.06,-118.39,1903,2,-0.312000006437302
BM,36.06,-118.39,1903,3,3.9760000705719
BM,36.06,-118.39,1903,4,7.32600021362305
BM,36.06,-118.39,1903,5,12.173999786377
BM,36.06,-118.39,1903,6,18.6439990997314
BM,36.06,-118.39,1903,7,20.2600002288818
BM,36.06,-118.39,1903,8,22.7870006561279
BM,36.06,-118.39,1903,9,17.8500003814697
BM,36.06,-118.39,1903,10,15.4549999237061
BM,36.06,-118.39,1903,11,10.585000038147
BM,36.06,-118.39,1903,12,5.98299980163574
BM,36.06,-118.39,1904,1,5.85300016403198
BM,36.06,-118.39,1904,2,7.08400011062622
BM,36.06,-118.39,1904,3,5.01599979400635
BM,36.06,-118.39,1904,4,8.58199977874756
BM,36.06,-118.39,1904,5,13.9169998168945
BM,36.06,-118.39,1904,6,19.4799995422363
BM,36.06,-118.39,1904,7,20.7639999389648
BM,36.06,-118.39,1904,8,21.4680004119873
BM,36.06,-118.39,1904,9,17.0130004882812
BM,36.06,-118.39,1904,10,11.53600025177
BM,36.06,-118.39,1904,11,10.4440002441406
BM,36.06,-118.39,1904,12,6.1560001373291
BM,36.06,-118.39,1905,1,5.92799997329712
BM,36.06,-118.39,1905,2,5.28499984741211
BM,36.06,-118.39,1905,3,6.80100011825562
BM,36.06,-118.39,1905,4,10.1960000991821
BM,36.06,-118.39,1905,5,10.0620002746582
BM,36.06,-118.39,1905,6,17.7140007019043
BM,36.06,-118.39,1905,7,22.8700008392334
BM,36.06,-118.39,1905,8,23.19700050354
BM,36.06,-118.39,1905,9,18.9020004272461
BM,36.06,-118.39,1905,10,13.3430004119873
BM,36.06,-118.39,1905,11,9.31599998474121
BM,36.06,-118.39,1905,12,4.7519998550415
BM,36.06,-118.39,1906,1,7.07800006866455
BM,36.06,-118.39,1906,2,6.32000017166138
BM,36.06,-118.39,1906,3,5.56400012969971
BM,36.06,-118.39,1906,4,7.52199983596802
BM,36.06,-118.39,1906,5,9.63799953460693
BM,36.06,-118.39,1906,6,15.8649997711182
BM,36.06,-118.39,1906,7,24.7129993438721
BM,36.06,-118.39,1906,8,22.7229995727539
BM,36.06,-118.39,1906,9,18.6679992675781
BM,36.06,-118.39,1906,10,14.9350004196167
BM,36.06,-118.39,1906,11,7.80200004577637
BM,36.06,-118.39,1906,12,4.57299995422363
BM,36.06,-118.39,1907,1,1.15299999713898
BM,36.06,-118.39,1907,2,7.86800003051758
BM,36.06,-118.39,1907,3,3.43600010871887
BM,36.06,-118.39,1907,4,8.69699954986572
BM,36.06,-118.39,1907,5,11.7729997634888
BM,36.06,-118.39,1907,6,16.1280002593994
BM,36.06,-118.39,1907,7,21.011999130249
BM,36.06,-118.39,1907,8,20.2649993896484
BM,36.06,-118.39,1907,9,15.7379999160767
BM,36.06,-118.39,1907,10,10.3570003509521
BM,36.06,-118.39,1907,11,9.78899955749512
BM,36.06,-118.39,1907,12,5.32499980926514
BM,36.06,-118.39,1908,1,6.3769998550415
BM,36.06,-118.39,1908,2,3.31200003623962
BM,36.06,-118.39,1908,3,7.10400009155273
BM,36.06,-118.39,1908,4,11.2030000686646
BM,36.06,-118.39,1908,5,10.3070001602173
BM,36.06,-118.39,1908,6,17.3729991912842
BM,36.06,-118.39,1908,7,25.8840007781982
BM,36.06,-118.39,1908,8,24.4759998321533
BM,36.06,-118.39,1908,9,17.1720008850098
BM,36.06,-118.39,1908,10,10.6190004348755
BM,36.06,-118.39,1908,11,10.0979995727539
BM,36.06,-118.39,1908,12,4.58199977874756
BM,36.06,-118.39,1909,1,4.70499992370605
BM,36.06,-118.39,1909,2,2.03200006484985
BM,36.06,-118.39,1909,3,3.02300000190735
BM,36.06,-118.39,1909,4,10.2580003738403
BM,36.06,-118.39,1909,5,13.0909996032715
BM,36.06,-118.39,1909,6,18.826000213623
BM,36.06,-118.39,1909,7,20.8549995422363
BM,36.06,-118.39,1909,8,21.5149993896484
BM,36.06,-118.39,1909,9,12.8599996566772
BM,36.06,-118.39,1909,10,9.89500045776367
BM,36.06,-118.39,1909,11,5.29199981689453
BM,36.06,-118.39,1909,12,-0.365000009536743
BM,36.06,-118.39,1910,1,0.50900000333786
BM,36.06,-118.39,1910,2,3.83400011062622
BM,36.06,-118.39,1910,3,6.62900018692017
BM,36.06,-118.39,1910,4,12.5410003662109
BM,36.06,-118.39,1910,5,14.9809999465942
BM,36.06,-118.39,1910,6,17.1900005340576
BM,36.06,-118.39,1910,7,20.6730003356934
BM,36.06,-118.39,1910,8,21.6940002441406
BM,36.06,-118.39,1910,9,14.7930002212524
BM,36.06,-118.39,1910,10,9.33300018310547
BM,36.06,-118.39,1910,11,6.36100006103516
BM,36.06,-118.39,1910,12,5.17600011825562
BM,36.06,-118.39,1911,1,5.23000001907349
BM,36.06,-118.39,1911,2,0.920000016689301
BM,36.06,-118.39,1911,3,6.75
BM,36.06,-118.39,1911,4,7.84100008010864
BM,36.06,-118.39,1911,5,10.0670003890991
BM,36.06,-118.39,1911,6,18.1110000610352
BM,36.06,-118.39,1911,7,20.9570007324219
BM,36.06,-118.39,1911,8,18.6639995574951
BM,36.06,-118.39,1911,9,12.7910003662109
BM,36.06,-118.39,1911,10,10.0570001602173
BM,36.06,-118.39,1911,11,6.78499984741211
BM,36.06,-118.39,1911,12,1.2389999628067
BM,36.06,-118.39,1912,1,4.91599988937378
BM,36.06,-118.39,1912,2,6.27299976348877
BM,36.06,-118.39,1912,3,2.5789999961853
BM,36.06,-118.39,1912,4,4.17600011825562
BM,36.06,-118.39,1912,5,11.3369998931885
BM,36.06,-118.39,1912,6,17.2369995117188
BM,36.06,-118.39,1912,7,18.8540000915527
BM,36.06,-118.39,1912,8,18.375
BM,36.06,-118.39,1912,9,15.246000289917
BM,36.06,-118.39,1912,10,9.04199981689453
BM,36.06,-118.39,1912,11,7.65199995040894
BM,36.06,-118.39,1912,12,1.52699995040894
BM,36.06,-118.39,1913,1,3.16599988937378
BM,36.06,-118.39,1913,2,2.93899989128113
BM,36.06,-118.39,1913,3,3.38800001144409
BM,36.06,-118.39,1913,4,8.68299961090088
BM,36.06,-118.39,1913,5,12.9790000915527
BM,36.06,-118.39,1913,6,14.6120004653931
BM,36.06,-118.39,1913,7,18.2140007019043
BM,36.06,-118.39,1913,8,19.8239994049072
BM,36.06,-118.39,1913,9,17.6319999694824
BM,36.06,-118.39,1913,10,13.3100004196167
BM,36.06,-118.39,1913,11,7.09999990463257
BM,36.06,-118.39,1913,12,3.0550000667572
BM,36.06,-118.39,1914,1,4.9210000038147
BM,36.06,-118.39,1914,2,5.35599994659424
BM,36.06,-118.39,1914,3,8.87100028991699
BM,36.06,-118.39,1914,4,8.70100021362305
BM,36.06,-118.39,1914,5,11.8450002670288
BM,36.06,-118.39,1914,6,17.4950008392334
BM,36.06,-118.39,1914,7,21.0259990692139
BM,36.06,-118.39,1914,8,22.1840000152588
BM,36.06,-118.39,1914,9,16.2569999694824
BM,36.06,-118.39,1914,10,12.0310001373291
BM,36.06,-118.39,1914,11,8.9980001449585
BM,36.06,-118.39,1914,12,1.18400001525879
BM,36.06,-118.39,1915,1,3.99799990653992
BM,36.06,-118.39,1915,2,2.78200006484985
BM,36.06,-118.39,1915,3,7.0479998588562
BM,36.06,-118.39,1915,4,7.03200006484985
BM,36.06,-118.39,1915,5,7.5789999961853
BM,36.06,-118.39,1915,6,16.4050006866455
BM,36.06,-118.39,1915,7,19.5860004425049
BM,36.06,-118.39,1915,8,22.3689994812012
BM,36.06,-118.39,1915,9,15.6499996185303
BM,36.06,-118.39,1915,10,16.1030006408691
BM,36.06,-118.39,1915,11,7.15100002288818
BM,36.06,-118.39,1915,12,5.30999994277954
BM,36.06,-118.39,1916,1,-2.34299993515015
BM,36.06,-118.39,1916,2,5.77099990844727
BM,36.06,-118.39,1916,3,6.47399997711182
BM,36.06,-118.39,1916,4,9.19200038909912
BM,36.06,-118.39,1916,5,10.5410003662109
BM,36.06,-118.39,1916,6,16.1900005340576
BM,36.06,-118.39,1916,7,19.4820003509521
BM,36.06,-118.39,1916,8,18.6940002441406
BM,36.06,-118.39,1916,9,15.960000038147
BM,36.06,-118.39,1916,10,7.23999977111816
BM,36.06,-118.39,1916,11,6.96299982070923
BM,36.06,-118.39,1916,12,3.03999996185303
BM,36.06,-118.39,1917,1,0.232999995350838
BM,36.06,-118.39,1917,2,2.4760000705719
BM,36.06,-118.39,1917,3,3.8659999370575
BM,36.06,-118.39,1917,4,6.22599983215332
BM,36.06,-118.39,1917,5,7.93699979782104
BM,36.06,-118.39,1917,6,18.7940006256104
BM,36.06,-118.39,1917,7,22.3889999389648
BM,36.06,-118.39,1917,8,21.1590003967285
BM,36.06,-118.39,1917,9,17.3090000152588
BM,36.06,-118.39,1917,10,15.2329998016357
BM,36.06,-118.39,1917,11,11.289999961853
BM,36.06,-118.39,1917,12,9.90200042724609
BM,36.06,-118.39,1918,1,5.64300012588501
BM,36.06,-118.39,1918,2,3.35899996757507
BM,36.06,-118.39,1918,3,6.02299976348877
BM,36.06,-118.39,1918,4,7.39200019836426
BM,36.06,-118.39,1918,5,8.97700023651123
BM,36.06,-118.39,1918,6,21.2320003509521
BM,36.06,-118.39,1918,7,19.7670001983643
BM,36.06,-118.39,1918,8,19.3430004119873
BM,36.06,-118.39,1918,9,16.0669994354248
BM,36.06,-118.39,1918,10,11.6379995346069
BM,36.06,-118.39,1918,11,5.25699996948242
BM,36.06,-118.39,1918,12,3.56200003623962
BM,36.06,-118.39,1919,1,5.41099977493286
BM,36.06,-118.39,1919,2,-1.18900001049042
BM,36.06,-118.39,1919,3,2.39599990844727
BM,36.06,-118.39,1919,4,9.35000038146973
BM,36.06,-118.39,1919,5,13.0150003433228
BM,36.06,-118.39,1919,6,17.4890003204346
BM,36.06,-118.39,1919,7,21.3770008087158
BM,36.06,-118.39,1919,8,21.3360004425049
BM,36.06,-118.39,1919,9,15.7589998245239
BM,36.06,-118.39,1919,10,8.40999984741211
BM,36.06,-118.39,1919,11,8.71399974822998
BM,36.06,-118.39,1919,12,6.92399978637695
BM,36.06,-118.39,1920,1,9.125
BM,36.06,-118.39,1920,2,4.76999998092651
BM,36.06,-118.39,1920,3,4.40100002288818
BM,36.06,-118.39,1920,4,6.96799993515015
BM,36.06,-118.39,1920,5,12.7810001373291
BM,36.06,-118.39,1920,6,16.1979999542236
BM,36.06,-118.39,1920,7,19.7070007324219
BM,36.06,-118.39,1920,8,20.7280006408691
BM,36.06,-118.39,1920,9,14.6280002593994
BM,36.06,-118.39,1920,10,7.89599990844727
BM,36.06,-118.39,1920,11,5.21400022506714
BM,36.06,-118.39,1920,12,2.87199997901917
BM,36.06,-118.39,1921,1,2.82399988174438
BM,36.06,-118.39,1921,2,6.44999980926514
BM,36.06,-118.39,1921,3,6.73799991607666
BM,36.06,-118.39,1921,4,7.42799997329712
BM,36.06,-118.39,1921,5,8.17099952697754
BM,36.06,-118.39,1921,6,16.8560009002686
BM,36.06,-118.39,1921,7,21.8269996643066
BM,36.06,-118.39,1921,8,20.1879997253418
BM,36.06,-118.39,1921,9,15.625
BM,36.06,-118.39,1921,10,12.9930000305176
BM,36.06,-118.39,1921,11,9.08699989318848
BM,36.06,-118.39,1921,12,3.97000002861023
BM,36.06,-118.39,1922,1,-0.354999989271164
BM,36.06,-118.39,1922,2,0.101999998092651
BM,36.06,-118.39,1922,3,3.15400004386902
BM,36.06,-118.39,1922,4,4.75099992752075
BM,36.06,-118.39,1922,5,12.1700000762939
BM,36.06,-118.39,1922,6,17.246000289917
BM,36.06,-118.39,1922,7,21.2339992523193
BM,36.06,-118.39,1922,8,19.6459999084473
BM,36.06,-118.39,1922,9,18.9249992370605
BM,36.06,-118.39,1922,10,10.9610004425049
BM,36.06,-118.39,1922,11,5.26900005340576
BM,36.06,-118.39,1922,12,2.84899997711182
BM,36.06,-118.39,1923,1,1.85599994659424
BM,36.06,-118.39,1923,2,3.55900001525879
BM,36.06,-118.39,1923,3,5.7649998664856
BM,36.06,-118.39,1923,4,4.98400020599365
BM,36.06,-118.39,1923,5,11.28600025177
BM,36.06,-118.39,1923,6,12.8059997558594
BM,36.06,-118.39,1923,7,19.5879993438721
BM,36.06,-118.39,1923,8,19.242000579834
BM,36.06,-118.39,1923,9,15.371000289917
BM,36.06,-118.39,1923,10,10.2659997940063
BM,36.06,-118.39,1923,11,8.43900012969971
BM,36.06,-118.39,1923,12,2.97399997711182
BM,36.06,-118.39,1924,1,3.8510000705719
BM,36.06,-118.39,1924,2,6.92999982833862
BM,36.06,-118.39,1924,3,4.57399988174438
BM,36.06,-118.39,1924,4,8.62100028991699
BM,36.06,-118.39,1924,5,14.7170000076294
BM,36.06,-118.39,1924,6,18.7169990539551
BM,36.06,-118.39,1924,7,20.1110000610352
BM,36.06,-118.39,1924,8,19.6110000610352
BM,36.06,-118.39,1924,9,16.693000793457
BM,36.06,-118.39,1924,10,9.40499973297119
BM,36.06,-118.39,1924,11,7.57600021362305
BM,36.06,-118.39,1924,12,1.73099994659424
BM,36.06,-118.39,1925,1,3.16400003433228
BM,36.06,-118.39,1925,2,4.22200012207031
BM,36.06,-118.39,1925,3,5.91800022125244
BM,36.06,-118.39,1925,4,8.05700016021729
BM,36.06,-118.39,1925,5,12.1359996795654
BM,36.06,-118.39,1925,6,16.25
BM,36.06,-118.39,1925,7,20.7999992370605
BM,36.06,-118.39,1925,8,18.7819995880127
BM,36.06,-118.39,1925,9,12.8420000076294
BM,36.06,-118.39,1925,10,9.83600044250488
BM,36.06,-118.39,1925,11,7.96600008010864
BM,36.06,-118.39,1925,12,8.03800010681152
BM,36.06,-118.39,1926,1,5.82200002670288
BM,36.06,-118.39,1926,2,6.27299976348877
BM,36.06,-118.39,1926,3,8.73299980163574
BM,36.06,-118.39,1926,4,9.34799957275391
BM,36.06,-118.39,1926,5,12.4119997024536
BM,36.06,-118.39,1926,6,20.1889991760254
BM,36.06,-118.39,1926,7,21.492000579834
BM,36.06,-118.39,1926,8,20.0879993438721
BM,36.06,-118.39,1926,9,15.0769996643066
BM,36.06,-118.39,1926,10,13.2530002593994
BM,36.06,-118.39,1926,11,10.4090003967285
BM,36.06,-118.39,1926,12,1.47200000286102
BM,36.06,-118.39,1927,1,3.05900001525879
BM,36.06,-118.39,1927,2,1.90799999237061
BM,36.06,-118.39,1927,3,4.25899982452393
BM,36.06,-118.39,1927,4,6.94999980926514
BM,36.06,-118.39,1927,5,11.0179996490479
BM,36.06,-118.39,1927,6,17.2240009307861
BM,36.06,-118.39,1927,7,21.1149997711182
BM,36.06,-118.39,1927,8,19.0020008087158
BM,36.06,-118.39,1927,9,12.9580001831055
BM,36.06,-118.39,1927,10,13.3540000915527
BM,36.06,-118.39,1927,11,10.6140003204346
BM,36.06,-118.39,1927,12,5.43900012969971
BM,36.06,-118.39,1928,1,9.07600021362305
BM,36.06,-118.39,1928,2,6.80999994277954
BM,36.06,-118.39,1928,3,8.01000022888184
BM,36.06,-118.39,1928,4,8.47299957275391
BM,36.06,-118.39,1928,5,13.8900003433228
BM,36.06,-118.39,1928,6,17.4599990844727
BM,36.06,-118.39,1928,7,20.617000579834
BM,36.06,-118.39,1928,8,20.6159992218018
BM,36.06,-118.39,1928,9,17.746000289917
BM,36.06,-118.39,1928,10,12.3990001678467
BM,36.06,-118.39,1928,11,9.81799983978271
BM,36.06,-118.39,1928,12,6.49700021743774
BM,36.06,-118.39,1929,1,5.06400012969971
BM,36.06,-118.39,1929,2,3.64499998092651
BM,36.06,-118.39,1929,3,6.48699998855591
BM,36.06,-118.39,1929,4,5.19899988174438
BM,36.06,-118.39,1929,5,13.3360004425049
BM,36.06,-118.39,1929,6,16.0459995269775
BM,36.06,-118.39,1929,7,20.1030006408691
BM,36.06,-118.39,1929,8,21.6690006256104
BM,36.06,-118.39,1929,9,16.3320007324219
BM,36.06,-118.39,1929,10,14.0670003890991
BM,36.06,-118.39,1929,11,13.0459995269775
BM,36.06,-118.39,1929,12,12.0979995727539
BM,36.06,-118.39,1930,1,3.38000011444092
BM,36.06,-118.39,1930,2,8.1540002822876
BM,36.06,-118.39,1930,3,7.2350001335144
BM,36.06,-118.39,1930,4,8.91100025177002
BM,36.06,-118.39,1930,5,7.34299993515015
BM,36.06,-118.39,1930,6,18.4990005493164
BM,36.06,-118.39,1930,7,20.8040008544922
BM,36.06,-118.39,1930,8,19.5020008087158
BM,36.06,-118.39,1930,9,12.8240003585815
BM,36.06,-118.39,1930,10,12.3680000305176
BM,36.06,-118.39,1930,11,8.94999980926514
BM,36.06,-118.39,1930,12,8.84799957275391
BM,36.06,-118.39,1931,1,5.56699991226196
BM,36.06,-118.39,1931,2,3.98200011253357
BM,36.06,-118.39,1931,3,8.8149995803833
BM,36.06,-118.39,1931,4,11.7220001220703
BM,36.06,-118.39,1931,5,15.3100004196167
BM,36.06,-118.39,1931,6,14.7349996566772
BM,36.06,-118.39,1931,7,23.7040004730225
BM,36.06,-118.39,1931,8,21.4950008392334
BM,36.06,-118.39,1931,9,15.0699996948242
BM,36.06,-118.39,1931,10,11.5690002441406
BM,36.06,-118.39,1931,11,7.44899988174438
BM,36.06,-118.39,1931,12,4.41699981689453
BM,36.06,-118.39,1932,1,2.94099998474121
BM,36.06,-118.39,1932,2,4.42399978637695
BM,36.06,-118.39,1932,3,7.95300006866455
BM,36.06,-118.39,1932,4,7.31300020217896
BM,36.06,-118.39,1932,5,10.5179996490479
BM,36.06,-118.39,1932,6,18.0739994049072
BM,36.06,-118.39,1932,7,19.9349994659424
BM,36.06,-118.39,1932,8,20.3889999389648
BM,36.06,-118.39,1932,9,18.9740009307861
BM,36.06,-118.39,1932,10,12.5590000152588
BM,36.06,-118.39,1932,11,12.0050001144409
BM,36.06,-118.39,1932,12,2.78200006484985
BM,36.06,-118.39,1933,1,3.76999998092651
BM,36.06,-118.39,1933,2,4.2960000038147
BM,36.06,-118.39,1933,3,7.28499984741211
BM,36.06,-118.39,1933,4,7.86800003051758
BM,36.06,-118.39,1933,5,6.83300018310547
BM,36.06,-118.39,1933,6,15.8129997253418
BM,36.06,-118.39,1933,7,22.4559993743896
BM,36.06,-118.39,1933,8,21.0009994506836
BM,36.06,-118.39,1933,9,16.0179996490479
BM,36.06,-118.39,1933,10,15.6960000991821
BM,36.06,-118.39,1933,11,12.0880002975464
BM,36.06,-118.39,1933,12,8.60099983215332
BM,36.06,-118.39,1934,1,8.38799953460693
BM,36.06,-118.39,1934,2,6.72800016403198
BM,36.06,-118.39,1934,3,12.3509998321533
BM,36.06,-118.39,1934,4,13.5240001678467
BM,36.06,-118.39,1934,5,14.2309999465942
BM,36.06,-118.39,1934,6,14.41100025177
BM,36.06,-118.39,1934,7,20.4810009002686
BM,36.06,-118.39,1934,8,20.8700008392334
BM,36.06,-118.39,1934,9,17.0869998931885
BM,36.06,-118.39,1934,10,13.0559997558594
BM,36.06,-118.39,1934,11,9.68000030517578
BM,36.06,-118.39,1934,12,6.36499977111816
BM,36.06,-118.39,1935,1,5.29699993133545
BM,36.06,-118.39,1935,2,6.19000005722046
BM,36.06,-118.39,1935,3,5.24399995803833
BM,36.06,-118.39,1935,4,6.67999982833862
BM,36.06,-118.39,1935,5,10.6999998092651
BM,36.06,-118.39,1935,6,19.4360008239746
BM,36.06,-118.39,1935,7,19.8120002746582
BM,36.06,-118.39,1935,8,21.6319999694824
BM,36.06,-118.39,1935,9,19.1989994049072
BM,36.06,-118.39,1935,10,11.0019998550415
BM,36.06,-118.39,1935,11,8.74300003051758
BM,36.06,-118.39,1935,12,6.75500011444092
BM,36.06,-118.39,1936,1,6.32200002670288
BM,36.06,-118.39,1936,2,4.4210000038147
BM,36.06,-118.39,1936,3,9.97399997711182
BM,36.06,-118.39,1936,4,10.335000038147
BM,36.06,-118.39,1936,5,14.3400001525879
BM,36.06,-118.39,1936,6,17.9060001373291
BM,36.06,-118.39,1936,7,21.867000579834
BM,36.06,-118.39,1936,8,22.1569995880127
BM,36.06,-118.39,1936,9,18.3959999084473
BM,36.06,-118.39,1936,10,13.1149997711182
BM,36.06,-118.39,1936,11,13.1330003738403
BM,36.06,-118.39,1936,12,5.83500003814697
BM,36.06,-118.39,1937,1,-0.884999990463257
BM,36.06,-118.39,1937,2,5.40799999237061
BM,36.06,-118.39,1937,3,8.02299976348877
BM,36.06,-118.39,1937,4,7.53599977493286
BM,36.06,-118.39,1937,5,13.8920001983643
BM,36.06,-118.39,1937,6,16.7919998168945
BM,36.06,-118.39,1937,7,21.3279991149902
BM,36.06,-118.39,1937,8,21.7800006866455
BM,36.06,-118.39,1937,9,17.6590003967285
BM,36.06,-118.39,1937,10,13.5050001144409
BM,36.06,-118.39,1937,11,11.0900001525879
BM,36.06,-118.39,1937,12,8.47200012207031
BM,36.06,-118.39,1938,1,7.22499990463257
BM,36.06,-118.39,1938,2,3.41799998283386
BM,36.06,-118.39,1938,3,4.27400016784668
BM,36.06,-118.39,1938,4,7.15799999237061
BM,36.06,-118.39,1938,5,11.4790000915527
BM,36.06,-118.39,1938,6,18.3649997711182
BM,36.06,-118.39,1938,7,20.9130001068115
BM,36.06,-118.39,1938,8,20.9309997558594
BM,36.06,-118.39,1938,9,18.4599990844727
BM,36.06,-118.39,1938,10,11.1020002365112
BM,36.06,-118.39,1938,11,9.27400016784668
BM,36.06,-118.39,1938,12,8.32699966430664
BM,36.06,-118.39,1939,1,5.70699977874756
BM,36.06,-118.39,1939,2,2.49699997901917
BM,36.06,-118.39,1939,3,8.29800033569336
BM,36.06,-118.39,1939,4,11.4390001296997
BM,36.06,-118.39,1939,5,12.7919998168945
BM,36.06,-118.39,1939,6,18.503999710083
BM,36.06,-118.39,1939,7,21.3689994812012
BM,36.06,-118.39,1939,8,22.8439998626709
BM,36.06,-118.39,1939,9,16.8509998321533
BM,36.06,-118.39,1939,10,12.6619997024536
BM,36.06,-118.39,1939,11,12.7749996185303
BM,36.06,-118.39,1939,12,10.3640003204346
BM,36.06,-118.39,1940,1,5.78999996185303
BM,36.06,-118.39,1940,2,5.15199995040894
BM,36.06,-118.39,1940,3,8.53499984741211
BM,36.06,-118.39,1940,4,8.71500015258789
BM,36.06,-118.39,1940,5,15.2930002212524
BM,36.06,-118.39,1940,6,20.7220001220703
BM,36.06,-118.39,1940,7,20.3649997711182
BM,36.06,-118.39,1940,8,22.2110004425049
BM,36.06,-118.39,1940,9,14.8070001602173
BM,36.06,-118.39,1940,10,12.8290004730225
BM,36.06,-118.39,1940,11,9.36100006103516
BM,36.06,-118.39,1940,12,7.20599985122681
BM,36.06,-118.39,1941,1,5.18300008773804
BM,36.06,-118.39,1941,2,4.66800022125244
BM,36.06,-118.39,1941,3,6.69999980926514
BM,36.06,-118.39,1941,4,5.71600008010864
BM,36.06,-118.39,1941,5,12.2270002365112
BM,36.06,-118.39,1941,6,15.173999786377
BM,36.06,-118.39,1941,7,20.8110008239746
BM,36.06,-118.39,1941,8,17.9769992828369
BM,36.06,-118.39,1941,9,14.6230001449585
BM,36.06,-118.39,1941,10,9.3100004196167
BM,36.06,-118.39,1941,11,11.4680004119873
BM,36.06,-118.39,1941,12,4.74900007247925
BM,36.06,-118.39,1942,1,4.66099977493286
BM,36.06,-118.39,1942,2,1.30999994277954
BM,36.06,-118.39,1942,3,5.51200008392334
BM,36.06,-118.39,1942,4,6.37599992752075
BM,36.06,-118.39,1942,5,9.5629997253418
BM,36.06,-118.39,1942,6,16.6609992980957
BM,36.06,-118.39,1942,7,22.3129997253418
BM,36.06,-118.39,1942,8,21.6509990692139
BM,36.06,-118.39,1942,9,16.8810005187988
BM,36.06,-118.39,1942,10,13.1499996185303
BM,36.06,-118.39,1942,11,10.3409996032715
BM,36.06,-118.39,1942,12,7.69299983978271
BM,36.06,-118.39,1943,1,6.53700017929077
BM,36.06,-118.39,1943,2,6.88800001144409
BM,36.06,-118.39,1943,3,6.61199998855591
BM,36.06,-118.39,1943,4,8.21300029754639
BM,36.06,-118.39,1943,5,13.0450000762939
BM,36.06,-118.39,1943,6,14.1350002288818
BM,36.06,-118.39,1943,7,20.5629997253418
BM,36.06,-118.39,1943,8,20.19700050354
BM,36.06,-118.39,1943,9,19.7469997406006
BM,36.06,-118.39,1943,10,12.9390001296997
BM,36.06,-118.39,1943,11,11.5030002593994
BM,36.06,-118.39,1943,12,5.63199996948242
BM,36.06,-118.39,1944,1,4.75099992752075
BM,36.06,-118.39,1944,2,2.37100005149841
BM,36.06,-118.39,1944,3,6.10400009155273
BM,36.06,-118.39,1944,4,5.18599987030029
BM,36.06,-118.39,1944,5,11.9350004196167
BM,36.06,-118.39,1944,6,12.8059997558594
BM,36.06,-118.39,1944,7,19.5709991455078
BM,36.06,-118.39,1944,8,21.0580005645752
BM,36.06,-118.39,1944,9,18.386999130249
BM,36.06,-118.39,1944,10,13.423999786377
BM,36.06,-118.39,1944,11,5.30100011825562
BM,36.06,-118.39,1944,12,4.13600015640259
BM,36.06,-118.39,1945,1,5.04199981689453
BM,36.06,-118.39,1945,2,3.19199991226196
BM,36.06,-118.39,1945,3,2.58699989318848
BM,36.06,-118.39,1945,4,7.99200010299683
BM,36.06,-118.39,1945,5,9.89000034332275
BM,36.06,-118.39,1945,6,16.7369995117188
BM,36.06,-118.39,1945,7,22.4570007324219
BM,36.06,-118.39,1945,8,21.2080001831055
BM,36.06,-118.39,1945,9,18.3379993438721
BM,36.06,-118.39,1945,10,12.1999998092651
BM,36.06,-118.39,1945,11,6.88800001144409
BM,36.06,-118.39,1945,12,2.43799996376038
BM,36.06,-118.39,1946,1,3.97199988365173
BM,36.06,-118.39,1946,2,3.60500001907349
BM,36.06,-118.39,1946,3,5.69700002670288
BM,36.06,-118.39,1946,4,10.8030004501343
BM,36.06,-118.39,1946,5,12.1379995346069
BM,36.06,-118.39,1946,6,17.1660003662109
BM,36.06,-118.39,1946,7,20.9020004272461
BM,36.06,-118.39,1946,8,21.9400005340576
BM,36.06,-118.39,1946,9,17.8269996643066
BM,36.06,-118.39,1946,10,9.35799980163574
BM,36.06,-118.39,1946,11,4.68499994277954
BM,36.06,-118.39,1946,12,4.21000003814697
BM,36.06,-118.39,1947,1,3.65799999237061
BM,36.06,-118.39,1947,2,6.28000020980835
BM,36.06,-118.39,1947,3,7.98199987411499
BM,36.06,-118.39,1947,4,9.29399967193604
BM,36.06,-118.39,1947,5,15.6789999008179
BM,36.06,-118.39,1947,6,16.863000869751
BM,36.06,-118.39,1947,7,20.0389995574951
BM,36.06,-118.39,1947,8,19.4379997253418
BM,36.06,-118.39,1947,9,19.6399993896484
BM,36.06,-118.39,1947,10,11.6780004501343
BM,36.06,-118.39,1947,11,5.09700012207031
BM,36.06,-118.39,1947,12,4.60300016403198
BM,36.06,-118.39,1948,1,8.03600025177002
BM,36.06,-118.39,1948,2,2.46900010108948
BM,36.06,-118.39,1948,3,2.33400011062622
BM,36.06,-118.39,1948,4,7.15500020980835
BM,36.06,-118.39,1948,5,10.2790002822876
BM,36.06,-118.39,1948,6,16.4050006866455
BM,36.06,-118.39,1948,7,20.6009998321533
BM,36.06,-118.39,1948,8,20.6609992980957
BM,36.06,-118.39,1948,9,18.3999996185303
BM,36.06,-118.39,1948,10,12.9119997024536
BM,36.06,-118.39,1948,11,8.51099967956543
BM,36.06,-118.39,1948,12,2.1470000743866
BM,36.06,-118.39,1949,1,-2.27600002288818
BM,36.06,-118.39,1949,2,1.33599996566772
BM,36.06,-118.39,1949,3,3.04900002479553
BM,36.06,-118.39,1949,4,10.5830001831055
BM,36.06,-118.39,1949,5,11.1440000534058
BM,36.06,-118.39,1949,6,18.4979991912842
BM,36.06,-118.39,1949,7,20.8680000305176
BM,36.06,-118.39,1949,8,19.4969997406006
BM,36.06,-118.39,1949,9,18.6499996185303
BM,36.06,-118.39,1949,10,12.4379997253418
BM,36.06,-118.39,1949,11,11.7220001220703
BM,36.06,-118.39,1949,12,3.05200004577637
BM,36.06,-118.39,1950,1,0.375
BM,36.06,-118.39,1950,2,5.97399997711182
BM,36.06,-118.39,1950,3,6.52799987792969
BM,36.06,-118.39,1950,4,10.8570003509521
BM,36.06,-118.39,1950,5,12.5570001602173
BM,36.06,-118.39,1950,6,17.4930000305176
BM,36.06,-118.39,1950,7,22.0410003662109
BM,36.06,-118.39,1950,8,21.9080009460449
BM,36.06,-118.39,1950,9,16.0869998931885
BM,36.06,-118.39,1950,10,14.3489999771118
BM,36.06,-118.39,1950,11,11.1070003509521
BM,36.06,-118.39,1950,12,7.44099998474121
BM,36.06,-118.39,1951,1,3.28699994087219
BM,36.06,-118.39,1951,2,3.80299997329712
BM,36.06,-118.39,1951,3,6.80499982833862
BM,36.06,-118.39,1951,4,8.74100017547607
BM,36.06,-118.39,1951,5,12.7040004730225
BM,36.06,-118.39,1951,6,17.6520004272461
BM,36.06,-118.39,1951,7,22.0170001983643
BM,36.06,-118.39,1951,8,21.5900001525879
BM,36.06,-118.39,1951,9,20.6229991912842
BM,36.06,-118.39,1951,10,11.8610000610352
BM,36.06,-118.39,1951,11,7.47200012207031
BM,36.06,-118.39,1951,12,1.20799994468689
BM,36.06,-118.39,1952,1,0.00499999988824129
BM,36.06,-118.39,1952,2,3.08400011062622
BM,36.06,-118.39,1952,3,2.37199997901917
BM,36.06,-118.39,1952,4,8.94600009918213
BM,36.06,-118.39,1952,5,14.3299999237061
BM,36.06,-118.39,1952,6,15.4919996261597
BM,36.06,-118.39,1952,7,21.30299949646
BM,36.06,-118.39,1952,8,22.0930004119873
BM,36.06,-118.39,1952,9,18.7210006713867
BM,36.06,-118.39,1952,10,16.9500007629395
BM,36.06,-118.39,1952,11,5.38299989700317
BM,36.06,-118.39,1952,12,3.37299990653992
BM,36.06,-118.39,1953,1,7.66699981689453
BM,36.06,-118.39,1953,2,5.33900022506714
BM,36.06,-118.39,1953,3,6.72599983215332
BM,36.06,-118.39,1953,4,7.91200017929077
BM,36.06,-118.39,1953,5,7.43900012969971
BM,36.06,-118.39,1953,6,14.9399995803833
BM,36.06,-118.39,1953,7,21.8409996032715
BM,36.06,-118.39,1953,8,20.0599994659424
BM,36.06,-118.39,1953,9,19.4080009460449
BM,36.06,-118.39,1953,10,11.9879999160767
BM,36.06,-118.39,1953,11,8.47900009155273
BM,36.06,-118.39,1953,12,6.60099983215332
BM,36.06,-118.39,1954,1,3.94600009918213
BM,36.06,-118.39,1954,2,10.0229997634888
BM,36.06,-118.39,1954,3,4.13600015640259
BM,36.06,-118.39,1954,4,11.5170001983643
BM,36.06,-118.39,1954,5,15.7259998321533
BM,36.06,-118.39,1954,6,16.2749996185303
BM,36.06,-118.39,1954,7,22.4160003662109
BM,36.06,-118.39,1954,8,19.4270000457764
BM,36.06,-118.39,1954,9,17.9680004119873
BM,36.06,-118.39,1954,10,14.3199996948242
BM,36.06,-118.39,1954,11,10.03600025177
BM,36.06,-118.39,1954,12,5.45499992370605
BM,36.06,-118.39,1955,1,1.08299994468689
BM,36.06,-118.39,1955,2,3.53399991989136
BM,36.06,-118.39,1955,3,6.34200000762939
BM,36.06,-118.39,1955,4,6.59200000762939
BM,36.06,-118.39,1955,5,11.0790004730225
BM,36.06,-118.39,1955,6,15.7589998245239
BM,36.06,-118.39,1955,7,19.6350002288818
BM,36.06,-118.39,1955,8,22.6599998474121
BM,36.06,-118.39,1955,9,18.4909992218018
BM,36.06,-118.39,1955,10,14.7299995422363
BM,36.06,-118.39,1955,11,7.64599990844727
BM,36.06,-118.39,1955,12,4.05999994277954
BM,36.06,-118.39,1956,1,3.7590000629425
BM,36.06,-118.39,1956,2,2.65799999237061
BM,36.06,-118.39,1956,3,7.49200010299683
BM,36.06,-118.39,1956,4,7.30499982833862
BM,36.06,-118.39,1956,5,11.5109996795654
BM,36.06,-118.39,1956,6,17.5200004577637
BM,36.06,-118.39,1956,7,19.6319999694824
BM,36.06,-118.39,1956,8,19.19700050354
BM,36.06,-118.39,1956,9,19.1849994659424
BM,36.06,-118.39,1956,10,10.4479999542236
BM,36.06,-118.39,1956,11,9.94600009918213
BM,36.06,-118.39,1956,12,7.46299982070923
BM,36.06,-118.39,1957,1,0.513000011444092
BM,36.06,-118.39,1957,2,5.71400022506714
BM,36.06,-118.39,1957,3,5.53200006484985
BM,36.06,-118.39,1957,4,7.94899988174438
BM,36.06,-118.39,1957,5,8.80000019073486
BM,36.06,-118.39,1957,6,18.2189998626709
BM,36.06,-118.39,1957,7,20.3190002441406
BM,36.06,-118.39,1957,8,20.2140007019043
BM,36.06,-118.39,1957,9,17.3400001525879
BM,36.06,-118.39,1957,10,8.89700031280518
BM,36.06,-118.39,1957,11,5.17000007629395
BM,36.06,-118.39,1957,12,6.7039999961853
BM,36.06,-118.39,1958,1,4.29199981689453
BM,36.06,-118.39,1958,2,4.43499994277954
BM,36.06,-118.39,1958,3,0.962000012397766
BM,36.06,-118.39,1958,4,7.89799976348877
BM,36.06,-118.39,1958,5,13.6829996109009
BM,36.06,-118.39,1958,6,15.3030004501343
BM,36.06,-118.39,1958,7,19.4669990539551
BM,36.06,-118.39,1958,8,22.3509998321533
BM,36.06,-118.39,1958,9,18.7299995422363
BM,36.06,-118.39,1958,10,16.0960006713867
BM,36.06,-118.39,1958,11,8.32100009918213
BM,36.06,-118.39,1958,12,9.47500038146973
BM,36.06,-118.39,1959,1,4.67600011825562
BM,36.06,-118.39,1959,2,1.50999999046326
BM,36.06,-118.39,1959,3,8.12199974060059
BM,36.06,-118.39,1959,4,12.4759998321533
BM,36.06,-118.39,1959,5,10.3129997253418
BM,36.06,-118.39,1959,6,18.7549991607666
BM,36.06,-118.39,1959,7,22.5979995727539
BM,36.06,-118.39,1959,8,20.8460006713867
BM,36.06,-118.39,1959,9,16.4559993743896
BM,36.06,-118.39,1959,10,14.9670000076294
BM,36.06,-118.39,1959,11,11.6520004272461
BM,36.06,-118.39,1959,12,6.63000011444092
BM,36.06,-118.39,1960,1,0.216000005602837
BM,36.06,-118.39,1960,2,2.31599998474121
BM,36.06,-118.39,1960,3,8.17000007629395
BM,36.06,-118.39,1960,4,9.2209997177124
BM,36.06,-118.39,1960,5,11.7069997787476
BM,36.06,-118.39,1960,6,20.2110004425049
BM,36.06,-118.39,1960,7,21.5610008239746
BM,36.06,-118.39,1960,8,21.4160003662109
BM,36.06,-118.39,1960,9,19.7040004730225
BM,36.06,-118.39,1960,10,12.4219999313354
BM,36.06,-118.39,1960,11,6.1399998664856
BM,36.06,-118.39,1960,12,5.77899980545044
BM,36.06,-118.39,1961,1,6.64499998092651
BM,36.06,-118.39,1961,2,4.53299999237061
BM,36.06,-118.39,1961,3,4.00500011444092
BM,36.06,-118.39,1961,4,9.92099952697754
BM,36.06,-118.39,1961,5,10.2170000076294
BM,36.06,-118.39,1961,6,19.4599990844727
BM,36.06,-118.39,1961,7,22.0820007324219
BM,36.06,-118.39,1961,8,20.992000579834
BM,36.06,-118.39,1961,9,16.6040000915527
BM,36.06,-118.39,1961,10,12.5150003433228
BM,36.06,-118.39,1961,11,6.60500001907349
BM,36.06,-118.39,1961,12,2.94000005722046
BM,36.06,-118.39,1962,1,4.65199995040894
BM,36.06,-118.39,1962,2,1.86500000953674
BM,36.06,-118.39,1962,3,1.3639999628067
BM,36.06,-118.39,1962,4,12.1400003433228
BM,36.06,-118.39,1962,5,8.82600021362305
BM,36.06,-118.39,1962,6,16.6159992218018
BM,36.06,-118.39,1962,7,20.0200004577637
BM,36.06,-118.39,1962,8,21.2630004882812
BM,36.06,-118.39,1962,9,19.0130004882812
BM,36.06,-118.39,1962,10,13.7700004577637
BM,36.06,-118.39,1962,11,8.96199989318848
BM,36.06,-118.39,1962,12,6.86999988555908
BM,36.06,-118.39,1963,1,4.57399988174438
BM,36.06,-118.39,1963,2,7.29500007629395
BM,36.06,-118.39,1963,3,3.34400010108948
BM,36.06,-118.39,1963,4,4.47200012207031
BM,36.06,-118.39,1963,5,11.2419996261597
BM,36.06,-118.39,1963,6,14.0839996337891
BM,36.06,-118.39,1963,7,20.1200008392334
BM,36.06,-118.39,1963,8,20.4669990539551
BM,36.06,-118.39,1963,9,18.4179992675781
BM,36.06,-118.39,1963,10,13.3280000686646
BM,36.06,-118.39,1963,11,6.92399978637695
BM,36.06,-118.39,1963,12,6.44999980926514
BM,36.06,-118.39,1964,1,3.3510000705719
BM,36.06,-118.39,1964,2,4.89099979400635
BM,36.06,-118.39,1964,3,3.1340000629425
BM,36.06,-118.39,1964,4,7.21199989318848
BM,36.06,-118.39,1964,5,10.3210000991821
BM,36.06,-118.39,1964,6,15.5520000457764
BM,36.06,-118.39,1964,7,21.0659999847412
BM,36.06,-118.39,1964,8,21.742000579834
BM,36.06,-118.39,1964,9,16.9669990539551
BM,36.06,-118.39,1964,10,16.3840007781982
BM,36.06,-118.39,1964,11,4.32600021362305
BM,36.06,-118.39,1964,12,2.82500004768372
BM,36.06,-118.39,1965,1,3.53500008583069
BM,36.06,-118.39,1965,2,5.46299982070923
BM,36.06,-118.39,1965,3,3.72099995613098
BM,36.06,-118.39,1965,4,6.65899991989136
BM,36.06,-118.39,1965,5,9.97299957275391
BM,36.06,-118.39,1965,6,13.8940000534058
BM,36.06,-118.39,1965,7,19.7530002593994
BM,36.06,-118.39,1965,8,20.7080001831055
BM,36.06,-118.39,1965,9,14.8800001144409
BM,36.06,-118.39,1965,10,16.503999710083
BM,36.06,-118.39,1965,11,6.71400022506714
BM,36.06,-118.39,1965,12,2.70000004768372
BM,36.06,-118.39,1966,1,2.47199988365173
BM,36.06,-118.39,1966,2,2.24900007247925
BM,36.06,-118.39,1966,3,7.11399984359741
BM,36.06,-118.39,1966,4,11.9180002212524
BM,36.06,-118.39,1966,5,14.6529998779297
BM,36.06,-118.39,1966,6,16.8150005340576
BM,36.06,-118.39,1966,7,20.0839996337891
BM,36.06,-118.39,1966,8,22.5510005950928
BM,36.06,-118.39,1966,9,17.6989994049072
BM,36.06,-118.39,1966,10,14.0640001296997
BM,36.06,-118.39,1966,11,7.30000019073486
BM,36.06,-118.39,1966,12,4.6100001335144
BM,36.06,-118.39,1967,1,5.32299995422363
BM,36.06,-118.39,1967,2,7.00600004196167
BM,36.06,-118.39,1967,3,4.90999984741211
BM,36.06,-118.39,1967,4,1.84200000762939
BM,36.06,-118.39,1967,5,11.4580001831055
BM,36.06,-118.39,1967,6,14.8780002593994
BM,36.06,-118.39,1967,7,22.2800006866455
BM,36.06,-118.39,1967,8,23.2129993438721
BM,36.06,-118.39,1967,9,17.6079998016357
BM,36.06,-118.39,1967,10,15.7390003204346
BM,36.06,-118.39,1967,11,9.91399955749512
BM,36.06,-118.39,1967,12,1.567999958992
BM,36.06,-118.39,1968,1,4.26900005340576
BM,36.06,-118.39,1968,2,5.95900011062622
BM,36.06,-118.39,1968,3,5.47800016403198
BM,36.06,-118.39,1968,4,9.05399990081787
BM,36.06,-118.39,1968,5,11.6280002593994
BM,36.06,-118.39,1968,6,18.32200050354
BM,36.06,-118.39,1968,7,21.2019996643066
BM,36.06,-118.39,1968,8,18.9850006103516
BM,36.06,-118.39,1968,9,18.9260005950928
BM,36.06,-118.39,1968,10,13.2390003204346
BM,36.06,-118.39,1968,11,7.27199983596802
BM,36.06,-118.39,1968,12,2.12199997901917
BM,36.06,-118.39,1969,1,4.56400012969971
BM,36.06,-118.39,1969,2,0.723999977111816
BM,36.06,-118.39,1969,3,3.96000003814697
BM,36.06,-118.39,1969,4,9.05900001525879
BM,36.06,-118.39,1969,5,13.5419998168945
BM,36.06,-118.39,1969,6,14.1190004348755
BM,36.06,-118.39,1969,7,20.5739994049072
BM,36.06,-118.39,1969,8,23.3659992218018
BM,36.06,-118.39,1969,9,18.8379993438721
BM,36.06,-118.39,1969,10,10.8920001983643
BM,36.06,-118.39,1969,11,9.51299953460693
BM,36.06,-118.39,1969,12,5.28900003433228
BM,36.06,-118.39,1970,1,4.42600011825562
BM,36.06,-118.39,1970,2,5.86999988555908
BM,36.06,-118.39,1970,3,5.51000022888184
BM,36.06,-118.39,1970,4,5.95499992370605
BM,36.06,-118.39,1970,5,13.7639999389648
BM,36.06,-118.39,1970,6,16.5629997253418
BM,36.06,-118.39,1970,7,22.0340003967285
BM,36.06,-118.39,1970,8,22.4899997711182
BM,36.06,-118.39,1970,9,18.0879993438721
BM,36.06,-118.39,1970,10,12.7559995651245
BM,36.06,-118.39,1970,11,8.87600040435791
BM,36.06,-118.39,1970,12,1.46399998664856
BM,36.06,-118.39,1971,1,6.0479998588562
BM,36.06,-118.39,1971,2,5.18800020217896
BM,36.06,-118.39,1971,3,6.34899997711182
BM,36.06,-118.39,1971,4,7.03499984741211
BM,36.06,-118.39,1971,5,6.98999977111816
BM,36.06,-118.39,1971,6,15.6999998092651
BM,36.06,-118.39,1971,7,21.2220001220703
BM,36.06,-118.39,1971,8,22.4050006866455
BM,36.06,-118.39,1971,9,18.1350002288818
BM,36.06,-118.39,1971,10,10.3699998855591
BM,36.06,-118.39,1971,11,6.80299997329712
BM,36.06,-118.39,1971,12,-0.39300000667572
BM,36.06,-118.39,1972,1,4.97599983215332
BM,36.06,-118.39,1972,2,6.29699993133545
BM,36.06,-118.39,1972,3,9.48400020599365
BM,36.06,-118.39,1972,4,8.62199974060059
BM,36.06,-118.39,1972,5,12.6420001983643
BM,36.06,-118.39,1972,6,18.0109996795654
BM,36.06,-118.39,1972,7,22.1849994659424
BM,36.06,-118.39,1972,8,19.7889995574951
BM,36.06,-118.39,1972,9,15.4169998168945
BM,36.06,-118.39,1972,10,8.8439998626709
BM,36.06,-118.39,1972,11,5.17199993133545
BM,36.06,-118.39,1972,12,2.9449999332428
BM,36.06,-118.39,1973,1,2.62100005149841
BM,36.06,-118.39,1973,2,2.94000005722046
BM,36.06,-118.39,1973,3,1.45799994468689
BM,36.06,-118.39,1973,4,7.33699989318848
BM,36.06,-118.39,1973,5,14.3649997711182
BM,36.06,-118.39,1973,6,18.5909996032715
BM,36.06,-118.39,1973,7,21.3110008239746
BM,36.06,-118.39,1973,8,20.5470008850098
BM,36.06,-118.39,1973,9,17.6569995880127
BM,36.06,-118.39,1973,10,12.6309995651245
BM,36.06,-118.39,1973,11,5.08300018310547
BM,36.06,-118.39,1973,12,6.14699983596802
BM,36.06,-118.39,1974,1,2.76300001144409
BM,36.06,-118.39,1974,2,5.01700019836426
BM,36.06,-118.39,1974,3,5.46600008010864
BM,36.06,-118.39,1974,4,8.28499984741211
BM,36.06,-118.39,1974,5,12.6680002212524
BM,36.06,-118.39,1974,6,19.1669998168945
BM,36.06,-118.39,1974,7,19.9479999542236
BM,36.06,-118.39,1974,8,20.7970008850098
BM,36.06,-118.39,1974,9,19.8150005340576
BM,36.06,-118.39,1974,10,11.8369998931885
BM,36.06,-118.39,1974,11,8.2519998550415
BM,36.06,-118.39,1974,12,3.53099989891052
BM,36.06,-118.39,1975,1,6.20800018310547
BM,36.06,-118.39,1975,2,2.82500004768372
BM,36.06,-118.39,1975,3,3.19600009918213
BM,36.06,-118.39,1975,4,2.72499990463257
BM,36.06,-118.39,1975,5,11.9720001220703
BM,36.06,-118.39,1975,6,17.1790008544922
BM,36.06,-118.39,1975,7,20.238000869751
BM,36.06,-118.39,1975,8,19.7040004730225
BM,36.06,-118.39,1975,9,18.6380004882812
BM,36.06,-118.39,1975,10,11.076000213623
BM,36.06,-118.39,1975,11,7.96400022506714
BM,36.06,-118.39,1975,12,7.38600015640259
BM,36.06,-118.39,1976,1,7.1100001335144
BM,36.06,-118.39,1976,2,4.76700019836426
BM,36.06,-118.39,1976,3,4.44999980926514
BM,36.06,-118.39,1976,4,6.51700019836426
BM,36.06,-118.39,1976,5,13.7130002975464
BM,36.06,-118.39,1976,6,16.6189994812012
BM,36.06,-118.39,1976,7,20.4330005645752
BM,36.06,-118.39,1976,8,16.4360008239746
BM,36.06,-118.39,1976,9,15.9750003814697
BM,36.06,-118.39,1976,10,12.6230001449585
BM,36.06,-118.39,1976,11,11.1920003890991
BM,36.06,-118.39,1976,12,7.39599990844727
BM,36.06,-118.39,1977,1,3.77900004386902
BM,36.06,-118.39,1977,2,7.2649998664856
BM,36.06,-118.39,1977,3,2.06800007820129
BM,36.06,-118.39,1977,4,11.1219997406006
BM,36.06,-118.39,1977,5,6.51399993896484
BM,36.06,-118.39,1977,6,18.6000003814697
BM,36.06,-118.39,1977,7,20.7880001068115
BM,36.06,-118.39,1977,8,21.7819995880127
BM,36.06,-118.39,1977,9,17.0230007171631
BM,36.06,-118.39,1977,10,13.8780002593994
BM,36.06,-118.39,1977,11,9.94299983978271
BM,36.06,-118.39,1977,12,6.65700006484985
BM,36.06,-118.39,1978,1,3.23099994659424
BM,36.06,-118.39,1978,2,3.85800004005432
BM,36.06,-118.39,1978,3,6.78700017929077
BM,36.06,-118.39,1978,4,5.27299976348877
BM,36.06,-118.39,1978,5,12.3570003509521
BM,36.06,-118.39,1978,6,16.9360008239746
BM,36.06,-118.39,1978,7,19.7339992523193
BM,36.06,-118.39,1978,8,20.0459995269775
BM,36.06,-118.39,1978,9,15.9230003356934
BM,36.06,-118.39,1978,10,15.0749998092651
BM,36.06,-118.39,1978,11,5.94000005722046
BM,36.06,-118.39,1978,12,2.96799993515015
BM,36.06,-118.39,1979,1,0.796999990940094
BM,36.06,-118.39,1979,2,3.06800007820129
BM,36.06,-118.39,1979,3,4.56699991226196
BM,36.06,-118.39,1979,4,8.6899995803833
BM,36.06,-118.39,1979,5,13.3859996795654
BM,36.06,-118.39,1979,6,18.2259998321533
BM,36.06,-118.39,1979,7,20.9459991455078
BM,36.06,-118.39,1979,8,19.5949993133545
BM,36.06,-118.39,1979,9,20.1700000762939
BM,36.06,-118.39,1979,10,12.4530000686646
BM,36.06,-118.39,1979,11,6.8270001411438
BM,36.06,-118.39,1979,12,7.26200008392334
BM,36.06,-118.39,1980,1,4.27299976348877
BM,36.06,-118.39,1980,2,5.74900007247925
BM,36.06,-118.39,1980,3,3.09599995613098
BM,36.06,-118.39,1980,4,8.95600032806396
BM,36.06,-118.39,1980,5,7.76200008392334
BM,36.06,-118.39,1980,6,14.3489999771118
BM,36.06,-118.39,1980,7,20.1410007476807
BM,36.06,-118.39,1980,8,19.6259994506836
BM,36.06,-118.39,1980,9,17.8619995117188
BM,36.06,-118.39,1980,10,13.2440004348755
BM,36.06,-118.39,1980,11,10.2559995651245
BM,36.06,-118.39,1980,12,8.72399997711182
BM,36.06,-118.39,1981,1,5.63000011444092
BM,36.06,-118.39,1981,2,6.59999990463257
BM,36.06,-118.39,1981,3,3.78900003433228
BM,36.06,-118.39,1981,4,10.1660003662109
BM,36.06,-118.39,1981,5,12.3199996948242
BM,36.06,-118.39,1981,6,20.1319999694824
BM,36.06,-118.39,1981,7,20.9360008239746
BM,36.06,-118.39,1981,8,22.1879997253418
BM,36.06,-118.39,1981,9,18.6609992980957
BM,36.06,-118.39,1981,10,8.59000015258789
BM,36.06,-118.39,1981,11,8.40100002288818
BM,36.06,-118.39,1981,12,6.61600017547607
BM,36.06,-118.39,1982,1,2.85400009155273
BM,36.06,-118.39,1982,2,5.83400011062622
BM,36.06,-118.39,1982,3,2.54299998283386
BM,36.06,-118.39,1982,4,6.59700012207031
BM,36.06,-118.39,1982,5,11.7530002593994
BM,36.06,-118.39,1982,6,13.7370004653931
BM,36.06,-118.39,1982,7,19.1100006103516
BM,36.06,-118.39,1982,8,21.3689994812012
BM,36.06,-118.39,1982,9,16.2399997711182
BM,36.06,-118.39,1982,10,11.6230001449585
BM,36.06,-118.39,1982,11,5.50600004196167
BM,36.06,-118.39,1982,12,3.68099999427795
BM,36.06,-118.39,1983,1,5.27600002288818
BM,36.06,-118.39,1983,2,3.51399993896484
BM,36.06,-118.39,1983,3,3.26099991798401
BM,36.06,-118.39,1983,4,3.47699999809265
BM,36.06,-118.39,1983,5,11.2910003662109
BM,36.06,-118.39,1983,6,16.451000213623
BM,36.06,-118.39,1983,7,19.1709995269775
BM,36.06,-118.39,1983,8,19.6700000762939
BM,36.06,-118.39,1983,9,18.1700000762939
BM,36.06,-118.39,1983,10,11.4329996109009
BM,36.06,-118.39,1983,11,5.66400003433228
BM,36.06,-118.39,1983,12,4.05000019073486
BM,36.06,-118.39,1984,1,6.86600017547607
BM,36.06,-118.39,1984,2,5.21400022506714
BM,36.06,-118.39,1984,3,7.12099981307983
BM,36.06,-118.39,1984,4,6.73199987411499
BM,36.06,-118.39,1984,5,14.9230003356934
BM,36.06,-118.39,1984,6,15.9899997711182
BM,36.06,-118.39,1984,7,21.0209999084473
BM,36.06,-118.39,1984,8,20.8759994506836
BM,36.06,-118.39,1984,9,18.6459999084473
BM,36.06,-118.39,1984,10,8.79300022125244
BM,36.06,-118.39,1984,11,4.76300001144409
BM,36.06,-118.39,1984,12,2.02999997138977
