site,lat,long,year,month,ppt
BM,36.06,-118.39,1895,1,319.747009277344
BM,36.06,-118.39,1895,2,73.2880020141602
BM,36.06,-118.39,1895,3,83.2470016479492
BM,36.06,-118.39,1895,4,50.2869987487793
BM,36.06,-118.39,1895,5,44.5670013427734
BM,36.06,-118.39,1895,6,2.13100004196167
BM,36.06,-118.39,1895,7,28
BM,36.06,-118.39,1895,8,3.68199992179871
BM,36.06,-118.39,1895,9,23.863000869751
BM,36.06,-118.39,1895,10,10.5900001525879
BM,36.06,-118.39,1895,11,36.3839988708496
BM,36.06,-118.39,1895,12,73.1169967651367
BM,36.06,-118.39,1896,1,355.182006835938
BM,36.06,-118.39,1896,2,15.1090002059937
BM,36.06,-118.39,1896,3,137.595001220703
BM,36.06,-118.39,1896,4,150.037994384766
BM,36.06,-118.39,1896,5,62.7210006713867
BM,36.06,-118.39,1896,6,9.47000026702881
BM,36.06,-118.39,1896,7,63.1549987792969
BM,36.06,-118.39,1896,8,17.1599998474121
BM,36.06,-118.39,1896,9,13.0109996795654
BM,36.06,-118.39,1896,10,34.4309997558594
BM,36.06,-118.39,1896,11,128.615997314453
BM,36.06,-118.39,1896,12,79.6309967041016
BM,36.06,-118.39,1897,1,114.738998413086
BM,36.06,-118.39,1897,2,203.011001586914
BM,36.06,-118.39,1897,3,125.429000854492
BM,36.06,-118.39,1897,4,16.7679996490479
BM,36.06,-118.39,1897,5,19.0330009460449
BM,36.06,-118.39,1897,6,5.36399984359741
BM,36.06,-118.39,1897,7,0.00800000037997961
BM,36.06,-118.39,1897,8,4.83599996566772
BM,36.06,-118.39,1897,9,0.828000009059906
BM,36.06,-118.39,1897,10,46.1580009460449
BM,36.06,-118.39,1897,11,33.7200012207031
BM,36.06,-118.39,1897,12,69.9570007324219
BM,36.06,-118.39,1898,1,36.0260009765625
BM,36.06,-118.39,1898,2,116.138999938965
BM,36.06,-118.39,1898,3,25.2919998168945
BM,36.06,-118.39,1898,4,14.1429996490479
BM,36.06,-118.39,1898,5,37.3110008239746
BM,36.06,-118.39,1898,6,9.49199962615967
BM,36.06,-118.39,1898,7,1.35399997234344
BM,36.06,-118.39,1898,8,3.93099999427795
BM,36.06,-118.39,1898,9,4.80299997329712
BM,36.06,-118.39,1898,10,14.7810001373291
BM,36.06,-118.39,1898,11,42.523998260498
BM,36.06,-118.39,1898,12,40.4360008239746
BM,36.06,-118.39,1899,1,162.955001831055
BM,36.06,-118.39,1899,2,20.4150009155273
BM,36.06,-118.39,1899,3,256.334014892578
BM,36.06,-118.39,1899,4,21.6359996795654
BM,36.06,-118.39,1899,5,31.7019996643066
BM,36.06,-118.39,1899,6,10.0290002822876
BM,36.06,-118.39,1899,7,11.9340000152588
BM,36.06,-118.39,1899,8,27.4850006103516
BM,36.06,-118.39,1899,9,0
BM,36.06,-118.39,1899,10,81.5820007324219
BM,36.06,-118.39,1899,11,99.0210037231445
BM,36.06,-118.39,1899,12,129.485992431641
BM,36.06,-118.39,1901,1,209.634002685547
BM,36.06,-118.39,1901,2,206.048004150391
BM,36.06,-118.39,1901,3,46.3959999084473
BM,36.06,-118.39,1901,4,66.7170028686523
BM,36.06,-118.39,1901,5,43.1949996948242
BM,36.06,-118.39,1901,6,0
BM,36.06,-118.39,1901,7,0
BM,36.06,-118.39,1901,8,31.2049999237061
BM,36.06,-118.39,1901,9,15.8430004119873
BM,36.06,-118.39,1901,10,36.9949989318848
BM,36.06,-118.39,1901,11,59.8230018615723
BM,36.06,-118.39,1901,12,53.8779983520508
BM,36.06,-118.39,1902,1,36.576000213623
BM,36.06,-118.39,1902,2,267.882995605469
BM,36.06,-118.39,1902,3,115.613998413086
BM,36.06,-118.39,1902,4,59.9269981384277
BM,36.06,-118.39,1902,5,23.6940002441406
BM,36.06,-118.39,1902,6,0
BM,36.06,-118.39,1902,7,18.2779998779297
BM,36.06,-118.39,1902,8,1.70099997520447
BM,36.06,-118.39,1902,9,0
BM,36.06,-118.39,1902,10,31.2719993591309
BM,36.06,-118.39,1902,11,85.2699966430664
BM,36.06,-118.39,1902,12,101.613998413086
BM,36.06,-118.39,1903,1,203.52799987793
BM,36.06,-118.39,1903,2,66.5459976196289
BM,36.06,-118.39,1903,3,243.343002319336
BM,36.06,-118.39,1903,4,49.5449981689453
BM,36.06,-118.39,1903,5,8.29199981689453
BM,36.06,-118.39,1903,6,0.522000014781952
BM,36.06,-118.39,1903,7,0
BM,36.06,-118.39,1903,8,0.319999992847443
BM,36.06,-118.39,1903,9,0.261000007390976
BM,36.06,-118.39,1903,10,7.77799987792969
BM,36.06,-118.39,1903,11,138.850006103516
BM,36.06,-118.39,1903,12,27.4449996948242
BM,36.06,-118.39,1905,1,92.1110000610352
BM,36.06,-118.39,1905,2,148.539993286133
BM,36.06,-118.39,1905,3,183.925994873047
BM,36.06,-118.39,1905,4,53.3639984130859
BM,36.06,-118.39,1905,5,137.393997192383
BM,36.06,-118.39,1905,6,0
BM,36.06,-118.39,1905,7,0
BM,36.06,-118.39,1905,8,0
BM,36.06,-118.39,1905,9,3.16499996185303
BM,36.06,-118.39,1905,10,0
BM,36.06,-118.39,1905,11,66.1740036010742
BM,36.06,-118.39,1905,12,25.5410003662109
BM,36.06,-118.39,1906,1,349.899993896484
BM,36.06,-118.39,1906,2,123.40599822998
BM,36.06,-118.39,1906,3,386.497985839844
BM,36.06,-118.39,1906,4,90.4199981689453
BM,36.06,-118.39,1906,5,169.121002197266
BM,36.06,-118.39,1906,6,10.8549995422363
BM,36.06,-118.39,1906,7,60.0709991455078
BM,36.06,-118.39,1906,8,28.0419998168945
BM,36.06,-118.39,1906,9,0
BM,36.06,-118.39,1906,10,0
BM,36.06,-118.39,1906,11,33.826000213623
BM,36.06,-118.39,1906,12,264.963989257812
BM,36.06,-118.39,1908,1,120.813003540039
BM,36.06,-118.39,1908,2,112.077003479004
BM,36.06,-118.39,1908,3,34.7210006713867
BM,36.06,-118.39,1908,4,23.5009994506836
BM,36.06,-118.39,1908,5,77.7310028076172
BM,36.06,-118.39,1908,6,0
BM,36.06,-118.39,1908,7,11.8070001602173
BM,36.06,-118.39,1908,8,6.97399997711182
BM,36.06,-118.39,1908,9,22.3589992523193
BM,36.06,-118.39,1908,10,25.7089996337891
BM,36.06,-118.39,1908,11,48.5209999084473
BM,36.06,-118.39,1908,12,47.5929985046387
BM,36.06,-118.39,1909,1,563.861022949219
BM,36.06,-118.39,1909,2,276.970001220703
BM,36.06,-118.39,1909,3,139.02099609375
BM,36.06,-118.39,1909,4,5.58400011062622
BM,36.06,-118.39,1909,5,9.39999961853027
BM,36.06,-118.39,1909,6,8.90799999237061
BM,36.06,-118.39,1909,7,0
BM,36.06,-118.39,1909,8,9.65200042724609
BM,36.06,-118.39,1909,9,0
BM,36.06,-118.39,1909,10,29.6550006866455
BM,36.06,-118.39,1909,11,148.884002685547
BM,36.06,-118.39,1909,12,306.667999267578
BM,36.06,-118.39,1910,1,143.550994873047
BM,36.06,-118.39,1910,2,48.5040016174316
BM,36.06,-118.39,1910,3,81.2679977416992
BM,36.06,-118.39,1910,4,31.8360004425049
BM,36.06,-118.39,1910,5,5.29199981689453
BM,36.06,-118.39,1910,6,0
BM,36.06,-118.39,1910,7,29.1310005187988
BM,36.06,-118.39,1910,8,0
BM,36.06,-118.39,1910,9,15.1260004043579
BM,36.06,-118.39,1910,10,29.423999786377
BM,36.06,-118.39,1910,11,40.0349998474121
BM,36.06,-118.39,1910,12,58.8800010681152
BM,36.06,-118.39,1911,1,454.481994628906
BM,36.06,-118.39,1911,2,92.5800018310547
BM,36.06,-118.39,1911,3,219.401000976562
BM,36.06,-118.39,1911,4,68.7959976196289
BM,36.06,-118.39,1911,5,18.2789993286133
BM,36.06,-118.39,1911,6,1.81900000572205
BM,36.06,-118.39,1911,7,22.9619998931885
BM,36.06,-118.39,1911,8,0
BM,36.06,-118.39,1911,9,9.52799987792969
BM,36.06,-118.39,1911,10,5.47800016403198
BM,36.06,-118.39,1911,11,37.0830001831055
BM,36.06,-118.39,1911,12,80.5390014648438
BM,36.06,-118.39,1912,1,69.572998046875
BM,36.06,-118.39,1912,2,12.6859998703003
BM,36.06,-118.39,1912,3,145.994003295898
BM,36.06,-118.39,1912,4,105.810997009277
BM,36.06,-118.39,1912,5,28.1459999084473
BM,36.06,-118.39,1912,6,0.0769999995827675
BM,36.06,-118.39,1912,7,0
BM,36.06,-118.39,1912,8,0
BM,36.06,-118.39,1912,9,9.24199962615967
BM,36.06,-118.39,1912,10,10.1829996109009
BM,36.06,-118.39,1912,11,43.3559989929199
BM,36.06,-118.39,1912,12,26.9990005493164
BM,36.06,-118.39,1913,1,136.904998779297
BM,36.06,-118.39,1913,2,81.4680023193359
BM,36.06,-118.39,1913,3,62.2599983215332
BM,36.06,-118.39,1913,4,32.25
BM,36.06,-118.39,1913,5,51.351001739502
BM,36.06,-118.39,1913,6,27.951000213623
BM,36.06,-118.39,1913,7,65.3980026245117
BM,36.06,-118.39,1913,8,47.9529991149902
BM,36.06,-118.39,1913,9,0
BM,36.06,-118.39,1913,10,0
BM,36.06,-118.39,1913,11,108.496002197266
BM,36.06,-118.39,1913,12,148.552001953125
BM,36.06,-118.39,1914,1,516.635986328125
BM,36.06,-118.39,1914,2,99.7799987792969
BM,36.06,-118.39,1914,3,26.2590007781982
BM,36.06,-118.39,1914,4,73.1959991455078
BM,36.06,-118.39,1914,5,23.6019992828369
BM,36.06,-118.39,1914,6,15.9329996109009
BM,36.06,-118.39,1914,7,6.47300004959106
BM,36.06,-118.39,1914,8,0
BM,36.06,-118.39,1914,9,6.61399984359741
BM,36.06,-118.39,1914,10,16.3610000610352
BM,36.06,-118.39,1914,11,5.6560001373291
BM,36.06,-118.39,1914,12,88.5999984741211
BM,36.06,-118.39,1915,1,169.434005737305
BM,36.06,-118.39,1915,2,244.888000488281
BM,36.06,-118.39,1915,3,51.056999206543
BM,36.06,-118.39,1915,4,105.533996582031
BM,36.06,-118.39,1915,5,164.014999389648
BM,36.06,-118.39,1915,6,0
BM,36.06,-118.39,1915,7,2.67499995231628
BM,36.06,-118.39,1915,8,0
BM,36.06,-118.39,1915,9,1.27100002765656
BM,36.06,-118.39,1915,10,0
BM,36.06,-118.39,1915,11,28.5499992370605
BM,36.06,-118.39,1915,12,139.14599609375
BM,36.06,-118.39,1916,1,494.342987060547
BM,36.06,-118.39,1916,2,118.182998657227
BM,36.06,-118.39,1916,3,135.337005615234
BM,36.06,-118.39,1916,4,26.7889995574951
BM,36.06,-118.39,1916,5,17.3640003204346
BM,36.06,-118.39,1916,6,0
BM,36.06,-118.39,1916,7,15.8559999465942
BM,36.06,-118.39,1916,8,16.8959999084473
BM,36.06,-118.39,1916,9,11.2049999237061
BM,36.06,-118.39,1916,10,78.4800033569336
BM,36.06,-118.39,1916,11,38.5219993591309
BM,36.06,-118.39,1916,12,172.628997802734
BM,36.06,-118.39,1917,1,45.6469993591309
BM,36.06,-118.39,1917,2,209.47200012207
BM,36.06,-118.39,1917,3,45.9640007019043
BM,36.06,-118.39,1917,4,27.5809993743896
BM,36.06,-118.39,1917,5,30.8810005187988
BM,36.06,-118.39,1917,6,0
BM,36.06,-118.39,1917,7,31.128999710083
BM,36.06,-118.39,1917,8,7.28299999237061
BM,36.06,-118.39,1917,9,0.279000014066696
BM,36.06,-118.39,1917,10,0.120999999344349
BM,36.06,-118.39,1917,11,26.5669994354248
BM,36.06,-118.39,1917,12,25.4619998931885
BM,36.06,-118.39,1918,1,18.7719993591309
BM,36.06,-118.39,1918,2,207.901992797852
BM,36.06,-118.39,1918,3,240.289993286133
BM,36.06,-118.39,1918,4,8.39599990844727
BM,36.06,-118.39,1918,5,25.7360000610352
BM,36.06,-118.39,1918,6,6.68499994277954
BM,36.06,-118.39,1918,7,33.7080001831055
BM,36.06,-118.39,1918,8,6.99700021743774
BM,36.06,-118.39,1918,9,35.8819999694824
BM,36.06,-118.39,1918,10,21.7360000610352
BM,36.06,-118.39,1918,11,95.8079986572266
BM,36.06,-118.39,1918,12,56.6370010375977
BM,36.06,-118.39,1919,1,30.0470008850098
BM,36.06,-118.39,1919,2,216.13200378418
BM,36.06,-118.39,1919,3,121.596000671387
BM,36.06,-118.39,1919,4,6.61800003051758
BM,36.06,-118.39,1919,5,40.7410011291504
BM,36.06,-118.39,1919,6,0
BM,36.06,-118.39,1919,7,11.3599996566772
BM,36.06,-118.39,1919,8,0
BM,36.06,-118.39,1919,9,29.2910003662109
BM,36.06,-118.39,1919,10,17.0779991149902
BM,36.06,-118.39,1919,11,26.6240005493164
BM,36.06,-118.39,1919,12,127.713996887207
BM,36.06,-118.39,1923,1,136.921005249023
BM,36.06,-118.39,1923,2,27.0790004730225
BM,36.06,-118.39,1923,3,14.3100004196167
BM,36.06,-118.39,1923,4,160.858993530273
BM,36.06,-118.39,1923,5,27.431999206543
BM,36.06,-118.39,1923,6,11.0670003890991
BM,36.06,-118.39,1923,7,2.75
BM,36.06,-118.39,1923,8,2.79900002479553
BM,36.06,-118.39,1923,9,26.9780006408691
BM,36.06,-118.39,1923,10,15.1090002059937
BM,36.06,-118.39,1923,11,10.1920003890991
BM,36.06,-118.39,1923,12,31.5960006713867
BM,36.06,-118.39,1924,1,51.6459999084473
BM,36.06,-118.39,1924,2,23.0300006866455
BM,36.06,-118.39,1924,3,128.824996948242
BM,36.06,-118.39,1924,4,34.5909996032715
BM,36.06,-118.39,1924,5,8.36699962615967
BM,36.06,-118.39,1924,6,0
BM,36.06,-118.39,1924,7,0
BM,36.06,-118.39,1924,8,0
BM,36.06,-118.39,1924,9,0
BM,36.06,-118.39,1924,10,56.8940010070801
BM,36.06,-118.39,1924,11,83.7929992675781
BM,36.06,-118.39,1924,12,147.352996826172
BM,36.06,-118.39,1925,1,43.5069999694824
BM,36.06,-118.39,1925,2,180.296005249023
BM,36.06,-118.39,1925,3,120.305999755859
BM,36.06,-118.39,1925,4,87.4660034179688
BM,36.06,-118.39,1925,5,49.2299995422363
BM,36.06,-118.39,1925,6,17.2119998931885
BM,36.06,-118.39,1925,7,42.5499992370605
BM,36.06,-118.39,1925,8,8.42700004577637
BM,36.06,-118.39,1925,9,0
BM,36.06,-118.39,1925,10,33.4459991455078
BM,36.06,-118.39,1925,11,28.4810009002686
BM,36.06,-118.39,1925,12,54.8359985351562
BM,36.06,-118.39,1926,1,80.8740005493164
BM,36.06,-118.39,1926,2,164.363998413086
BM,36.06,-118.39,1926,3,32.2750015258789
BM,36.06,-118.39,1926,4,143.095001220703
BM,36.06,-118.39,1926,5,15.706000328064
BM,36.06,-118.39,1926,6,0
BM,36.06,-118.39,1926,7,9.38199996948242
BM,36.06,-118.39,1926,8,0
BM,36.06,-118.39,1926,9,0
BM,36.06,-118.39,1926,10,5.49100017547607
BM,36.06,-118.39,1926,11,220.940002441406
BM,36.06,-118.39,1926,12,47.265998840332
BM,36.06,-118.39,1927,1,103.046997070312
BM,36.06,-118.39,1927,2,238.998001098633
BM,36.06,-118.39,1927,3,87.4800033569336
BM,36.06,-118.39,1927,4,70.7990036010742
BM,36.06,-118.39,1927,5,22.6639995574951
BM,36.06,-118.39,1927,6,4.93200016021729
BM,36.06,-118.39,1927,7,0
BM,36.06,-118.39,1927,8,0
BM,36.06,-118.39,1927,9,0.00300000002607703
BM,36.06,-118.39,1927,10,67.3259963989258
BM,36.06,-118.39,1927,11,90.9720001220703
BM,36.06,-118.39,1927,12,83.1050033569336
BM,36.06,-118.39,1928,1,44.8349990844727
BM,36.06,-118.39,1928,2,64.947998046875
BM,36.06,-118.39,1928,3,173.666000366211
BM,36.06,-118.39,1928,4,44.6319999694824
BM,36.06,-118.39,1928,5,18.7940006256104
BM,36.06,-118.39,1928,6,0
BM,36.06,-118.39,1928,7,0
BM,36.06,-118.39,1928,8,0
BM,36.06,-118.39,1928,9,0
BM,36.06,-118.39,1928,10,0.068000003695488
BM,36.06,-118.39,1928,11,86.0120010375977
BM,36.06,-118.39,1928,12,92.8960037231445
BM,36.06,-118.39,1929,1,59.9140014648438
BM,36.06,-118.39,1929,2,66.056999206543
BM,36.06,-118.39,1929,3,130.559997558594
BM,36.06,-118.39,1929,4,82.6259994506836
BM,36.06,-118.39,1929,5,0
BM,36.06,-118.39,1929,6,53.8040008544922
BM,36.06,-118.39,1929,7,0
BM,36.06,-118.39,1929,8,0
BM,36.06,-118.39,1929,9,6.45300006866455
BM,36.06,-118.39,1929,10,0
BM,36.06,-118.39,1929,11,0
BM,36.06,-118.39,1929,12,31.7059993743896
BM,36.06,-118.39,1932,1,149.20100402832
BM,36.06,-118.39,1932,2,181.283004760742
BM,36.06,-118.39,1932,3,36.9980010986328
BM,36.06,-118.39,1932,4,49.609001159668
BM,36.06,-118.39,1932,5,58.4169998168945
BM,36.06,-118.39,1932,6,1.50999999046326
BM,36.06,-118.39,1932,7,0.090999998152256
BM,36.06,-118.39,1932,8,0
BM,36.06,-118.39,1932,9,8.48200035095215
BM,36.06,-118.39,1932,10,2.41499996185303
BM,36.06,-118.39,1932,11,11.4340000152588
BM,36.06,-118.39,1932,12,76.6259994506836
BM,36.06,-118.39,1933,1,280.489013671875
BM,36.06,-118.39,1933,2,25.7259998321533
BM,36.06,-118.39,1933,3,83.5559997558594
BM,36.06,-118.39,1933,4,19.8490009307861
BM,36.06,-118.39,1933,5,79.3519973754883
BM,36.06,-118.39,1933,6,10.5369997024536
BM,36.06,-118.39,1933,7,0
BM,36.06,-118.39,1933,8,0.0130000002682209
BM,36.06,-118.39,1933,9,0
BM,36.06,-118.39,1933,10,21.261999130249
BM,36.06,-118.39,1933,11,2.17799997329712
BM,36.06,-118.39,1933,12,168.531997680664
BM,36.06,-118.39,1934,1,84.5250015258789
BM,36.06,-118.39,1934,2,115.861999511719
BM,36.06,-118.39,1934,3,7.13399982452393
BM,36.06,-118.39,1934,4,0
BM,36.06,-118.39,1934,5,34.7159996032715
BM,36.06,-118.39,1934,6,17.6070003509521
BM,36.06,-118.39,1934,7,0
BM,36.06,-118.39,1934,8,0
BM,36.06,-118.39,1934,9,6.92000007629395
BM,36.06,-118.39,1934,10,34.2080001831055
BM,36.06,-118.39,1934,11,130.255004882812
BM,36.06,-118.39,1934,12,105.422996520996
BM,36.06,-118.39,1935,1,190.873992919922
BM,36.06,-118.39,1935,2,78.7730026245117
BM,36.06,-118.39,1935,3,149.059997558594
BM,36.06,-118.39,1935,4,176.427001953125
BM,36.06,-118.39,1935,5,12.6499996185303
BM,36.06,-118.39,1935,6,0
BM,36.06,-118.39,1935,7,0
BM,36.06,-118.39,1935,8,30.806999206543
BM,36.06,-118.39,1935,9,0.202000007033348
BM,36.06,-118.39,1935,10,29.867000579834
BM,36.06,-118.39,1935,11,27.6849994659424
BM,36.06,-118.39,1935,12,73.1029968261719
BM,36.06,-118.39,1936,1,122.064002990723
BM,36.06,-118.39,1936,2,417.128997802734
BM,36.06,-118.39,1936,3,70.8860015869141
BM,36.06,-118.39,1936,4,62.773998260498
BM,36.06,-118.39,1936,5,14.0050001144409
BM,36.06,-118.39,1936,6,17.4409999847412
BM,36.06,-118.39,1936,7,18.05299949646
BM,36.06,-118.39,1936,8,0
BM,36.06,-118.39,1936,9,0
BM,36.06,-118.39,1936,10,49.1749992370605
BM,36.06,-118.39,1936,11,2.14499998092651
BM,36.06,-118.39,1936,12,264.3330078125
BM,36.06,-118.39,1939,1,110.791999816895
BM,36.06,-118.39,1939,2,100.928001403809
BM,36.06,-118.39,1939,3,108.912002563477
BM,36.06,-118.39,1939,4,33.8230018615723
BM,36.06,-118.39,1939,5,37.0639991760254
BM,36.06,-118.39,1939,6,7.4520001411438
BM,36.06,-118.39,1939,7,0
BM,36.06,-118.39,1939,8,16.5459995269775
BM,36.06,-118.39,1939,9,47.4980010986328
BM,36.06,-118.39,1939,10,36.2980003356934
BM,36.06,-118.39,1939,11,3.11899995803833
BM,36.06,-118.39,1939,12,37.0359992980957
BM,36.06,-118.39,1940,1,452.424011230469
BM,36.06,-118.39,1940,2,254.509002685547
BM,36.06,-118.39,1940,3,107.141998291016
BM,36.06,-118.39,1940,4,52.898998260498
BM,36.06,-118.39,1940,5,0
BM,36.06,-118.39,1940,6,0
BM,36.06,-118.39,1940,7,0
BM,36.06,-118.39,1940,8,0
BM,36.06,-118.39,1940,9,0
BM,36.06,-118.39,1940,10,60.9519996643066
BM,36.06,-118.39,1940,11,10.5699996948242
BM,36.06,-118.39,1940,12,320.265991210938
BM,36.06,-118.39,1941,1,146.085998535156
BM,36.06,-118.39,1941,2,227.800003051758
BM,36.06,-118.39,1941,3,111.74299621582
BM,36.06,-118.39,1941,4,128.208999633789
BM,36.06,-118.39,1941,5,16.5349998474121
BM,36.06,-118.39,1941,6,0.0149999996647239
BM,36.06,-118.39,1941,7,0
BM,36.06,-118.39,1941,8,25.576000213623
BM,36.06,-118.39,1941,9,0
BM,36.06,-118.39,1941,10,30.8150005340576
BM,36.06,-118.39,1941,11,36.6860008239746
BM,36.06,-118.39,1941,12,325.31201171875
BM,36.06,-118.39,1942,1,124.497001647949
BM,36.06,-118.39,1942,2,75.8850021362305
BM,36.06,-118.39,1942,3,76.4609985351562
BM,36.06,-118.39,1942,4,115.036003112793
BM,36.06,-118.39,1942,5,59.0519981384277
BM,36.06,-118.39,1942,6,0
BM,36.06,-118.39,1942,7,0
BM,36.06,-118.39,1942,8,23.0139999389648
BM,36.06,-118.39,1942,9,0
BM,36.06,-118.39,1942,10,4.72100019454956
BM,36.06,-118.39,1942,11,114.248001098633
BM,36.06,-118.39,1942,12,129.54899597168
BM,36.06,-118.39,1943,1,294.756011962891
BM,36.06,-118.39,1943,2,102.185997009277
BM,36.06,-118.39,1943,3,312.468994140625
BM,36.06,-118.39,1943,4,75.6940002441406
BM,36.06,-118.39,1943,5,13.6110000610352
BM,36.06,-118.39,1943,6,0
BM,36.06,-118.39,1943,7,0
BM,36.06,-118.39,1943,8,0
BM,36.06,-118.39,1943,9,0
BM,36.06,-118.39,1943,10,18.4270000457764
BM,36.06,-118.39,1943,11,27.1840000152588
BM,36.06,-118.39,1943,12,81.7679977416992
BM,36.06,-118.39,1944,1,128.291000366211
BM,36.06,-118.39,1944,2,194.923004150391
BM,36.06,-118.39,1944,3,69.9029998779297
BM,36.06,-118.39,1944,4,74.9069976806641
BM,36.06,-118.39,1944,5,25.1259994506836
BM,36.06,-118.39,1944,6,9.67899990081787
BM,36.06,-118.39,1944,7,0
BM,36.06,-118.39,1944,8,0
BM,36.06,-118.39,1944,9,0
BM,36.06,-118.39,1944,10,18.1809997558594
BM,36.06,-118.39,1944,11,200.686004638672
BM,36.06,-118.39,1944,12,93.0780029296875
BM,36.06,-118.39,1945,1,17.3159999847412
BM,36.06,-118.39,1945,2,253.52799987793
BM,36.06,-118.39,1945,3,194.919006347656
BM,36.06,-118.39,1945,4,27.7800006866455
BM,36.06,-118.39,1945,5,34.7849998474121
BM,36.06,-118.39,1945,6,18.6650009155273
BM,36.06,-118.39,1945,7,0
BM,36.06,-118.39,1945,8,31.2350006103516
BM,36.06,-118.39,1945,9,5.88700008392334
BM,36.06,-118.39,1945,10,58.1440010070801
BM,36.06,-118.39,1945,11,73.1419982910156
BM,36.06,-118.39,1945,12,219.619003295898
BM,36.06,-118.39,1946,1,46.484001159668
BM,36.06,-118.39,1946,2,75.9329986572266
BM,36.06,-118.39,1946,3,156.576995849609
BM,36.06,-118.39,1946,4,11.1929998397827
BM,36.06,-118.39,1946,5,45.632999420166
BM,36.06,-118.39,1946,6,0
BM,36.06,-118.39,1946,7,20.82200050354
BM,36.06,-118.39,1946,8,0
BM,36.06,-118.39,1946,9,0
BM,36.06,-118.39,1946,10,48.2779998779297
BM,36.06,-118.39,1946,11,177.070007324219
BM,36.06,-118.39,1946,12,162.186996459961
BM,36.06,-118.39,1947,1,24.3519992828369
BM,36.06,-118.39,1947,2,53.0320014953613
BM,36.06,-118.39,1947,3,59.1629981994629
BM,36.06,-118.39,1947,4,25.3120002746582
BM,36.06,-118.39,1947,5,29.9640007019043
BM,36.06,-118.39,1947,6,0
BM,36.06,-118.39,1947,7,0
BM,36.06,-118.39,1947,8,4.9060001373291
BM,36.06,-118.39,1947,9,2.66799998283386
BM,36.06,-118.39,1947,10,32.1829986572266
BM,36.06,-118.39,1947,11,24.2830009460449
BM,36.06,-118.39,1947,12,35.6570014953613
BM,36.06,-118.39,1948,1,0.782999992370605
BM,36.06,-118.39,1948,2,79.3430023193359
BM,36.06,-118.39,1948,3,179.731994628906
BM,36.06,-118.39,1948,4,163.048004150391
BM,36.06,-118.39,1948,5,46.1759986877441
BM,36.06,-118.39,1948,6,3.54999995231628
BM,36.06,-118.39,1948,7,0
BM,36.06,-118.39,1948,8,0
BM,36.06,-118.39,1948,9,0
BM,36.06,-118.39,1948,10,4.64599990844727
BM,36.06,-118.39,1948,11,2.17899990081787
BM,36.06,-118.39,1948,12,112.984001159668
BM,36.06,-118.39,1950,1,189.208999633789
BM,36.06,-118.39,1950,2,125.674003601074
BM,36.06,-118.39,1950,3,93.1080017089844
BM,36.06,-118.39,1950,4,63.2999992370605
BM,36.06,-118.39,1950,5,18.2320003509521
BM,36.06,-118.39,1950,6,0
BM,36.06,-118.39,1950,7,0.957000017166138
BM,36.06,-118.39,1950,8,0
BM,36.06,-118.39,1950,9,8.63399982452393
BM,36.06,-118.39,1950,10,42.7150001525879
BM,36.06,-118.39,1950,11,272.723999023438
BM,36.06,-118.39,1950,12,173.940994262695
BM,36.06,-118.39,1951,1,114.861999511719
BM,36.06,-118.39,1951,2,77.6890029907227
BM,36.06,-118.39,1951,3,43.6319999694824
BM,36.06,-118.39,1951,4,86.3190002441406
BM,36.06,-118.39,1951,5,6.30999994277954
BM,36.06,-118.39,1951,6,0.0140000004321337
BM,36.06,-118.39,1951,7,7
BM,36.06,-118.39,1951,8,0
BM,36.06,-118.39,1951,9,0
BM,36.06,-118.39,1951,10,27.7810001373291
BM,36.06,-118.39,1951,11,72.3160018920898
BM,36.06,-118.39,1951,12,343.696990966797
BM,36.06,-118.39,1952,1,268.557006835938
BM,36.06,-118.39,1952,2,68.9309997558594
BM,36.06,-118.39,1952,3,241.845993041992
BM,36.06,-118.39,1952,4,74.6529998779297
BM,36.06,-118.39,1952,5,0
BM,36.06,-118.39,1952,6,0
BM,36.06,-118.39,1952,7,44.076000213623
BM,36.06,-118.39,1952,8,0
BM,36.06,-118.39,1952,9,4.47300004959106
BM,36.06,-118.39,1952,10,0
BM,36.06,-118.39,1952,11,85.8219985961914
BM,36.06,-118.39,1952,12,214.367004394531
BM,36.06,-118.39,1954,1,142.399993896484
BM,36.06,-118.39,1954,2,147.953002929688
BM,36.06,-118.39,1954,3,198.889007568359
BM,36.06,-118.39,1954,4,41.0709991455078
BM,36.06,-118.39,1954,5,8.63099956512451
BM,36.06,-118.39,1954,6,18.7530002593994
BM,36.06,-118.39,1954,7,1.26699995994568
BM,36.06,-118.39,1954,8,0
BM,36.06,-118.39,1954,9,0
BM,36.06,-118.39,1954,10,0
BM,36.06,-118.39,1954,11,72.193000793457
BM,36.06,-118.39,1954,12,96.3639984130859
BM,36.06,-118.39,1955,1,161.623992919922
BM,36.06,-118.39,1955,2,101.112998962402
BM,36.06,-118.39,1955,3,6.31500005722046
BM,36.06,-118.39,1955,4,79.875
BM,36.06,-118.39,1955,5,46.7159996032715
BM,36.06,-118.39,1955,6,0
BM,36.06,-118.39,1955,7,0
BM,36.06,-118.39,1955,8,0
BM,36.06,-118.39,1955,9,0
BM,36.06,-118.39,1955,10,0
BM,36.06,-118.39,1955,11,84.7109985351562
BM,36.06,-118.39,1955,12,488.398986816406
BM,36.06,-118.39,1956,1,265.114990234375
BM,36.06,-118.39,1956,2,34.7000007629395
BM,36.06,-118.39,1956,3,2.91199994087219
BM,36.06,-118.39,1956,4,112.955001831055
BM,36.06,-118.39,1956,5,56.476001739502
BM,36.06,-118.39,1956,6,0
BM,36.06,-118.39,1956,7,49.8390007019043
BM,36.06,-118.39,1956,8,0
BM,36.06,-118.39,1956,9,0
BM,36.06,-118.39,1956,10,35.0369987487793
BM,36.06,-118.39,1956,11,3.97300004959106
BM,36.06,-118.39,1956,12,34.9199981689453
BM,36.06,-118.39,1957,1,139.167007446289
BM,36.06,-118.39,1957,2,79.2529983520508
BM,36.06,-118.39,1957,3,49.7220001220703
BM,36.06,-118.39,1957,4,88.9889984130859
BM,36.06,-118.39,1957,5,182.899002075195
BM,36.06,-118.39,1957,6,6.21600008010864
BM,36.06,-118.39,1957,7,0
BM,36.06,-118.39,1957,8,0
BM,36.06,-118.39,1957,9,6.82299995422363
BM,36.06,-118.39,1957,10,34.193000793457
BM,36.06,-118.39,1957,11,41.4599990844727
BM,36.06,-118.39,1957,12,202.042007446289
BM,36.06,-118.39,1959,1,60.0909996032715
BM,36.06,-118.39,1959,2,180.703002929688
BM,36.06,-118.39,1959,3,11.7489995956421
BM,36.06,-118.39,1959,4,28.2399997711182
BM,36.06,-118.39,1959,5,11.2959995269775
BM,36.06,-118.39,1959,6,0
BM,36.06,-118.39,1959,7,0
BM,36.06,-118.39,1959,8,0.370999991893768
BM,36.06,-118.39,1959,9,47.1349983215332
BM,36.06,-118.39,1959,10,0.00700000021606684
BM,36.06,-118.39,1959,11,0
BM,36.06,-118.39,1959,12,42.2789993286133
BM,36.06,-118.39,1960,1,101.748001098633
BM,36.06,-118.39,1960,2,241.268005371094
BM,36.06,-118.39,1960,3,60.4189987182617
BM,36.06,-118.39,1960,4,83.0970001220703
BM,36.06,-118.39,1960,5,4.51800012588501
BM,36.06,-118.39,1960,6,0
BM,36.06,-118.39,1960,7,9.26700019836426
BM,36.06,-118.39,1960,8,0
BM,36.06,-118.39,1960,9,5.75799989700317
BM,36.06,-118.39,1960,10,7.65199995040894
BM,36.06,-118.39,1960,11,112.023002624512
BM,36.06,-118.39,1960,12,35.4119987487793
BM,36.06,-118.39,1961,1,38.0950012207031
BM,36.06,-118.39,1961,2,11.7670001983643
BM,36.06,-118.39,1961,3,109.666000366211
BM,36.06,-118.39,1961,4,38.8460006713867
BM,36.06,-118.39,1961,5,44.742000579834
BM,36.06,-118.39,1961,6,3.2039999961853
BM,36.06,-118.39,1961,7,0
BM,36.06,-118.39,1961,8,59.3839988708496
BM,36.06,-118.39,1961,9,0.0350000001490116
BM,36.06,-118.39,1961,10,0
BM,36.06,-118.39,1961,11,113.369003295898
BM,36.06,-118.39,1961,12,41.9230003356934
BM,36.06,-118.39,1962,1,134.136001586914
BM,36.06,-118.39,1962,2,360.070007324219
BM,36.06,-118.39,1962,3,130.712997436523
BM,36.06,-118.39,1962,4,4.48299980163574
BM,36.06,-118.39,1962,5,30.9500007629395
BM,36.06,-118.39,1962,6,0
BM,36.06,-118.39,1962,7,0
BM,36.06,-118.39,1962,8,0
BM,36.06,-118.39,1962,9,4.8600001335144
BM,36.06,-118.39,1962,10,20.9020004272461
BM,36.06,-118.39,1962,11,0
BM,36.06,-118.39,1962,12,0
BM,36.06,-118.39,1964,1,84.0210037231445
BM,36.06,-118.39,1964,2,9.14999961853027
BM,36.06,-118.39,1964,3,126.244003295898
BM,36.06,-118.39,1964,4,62.1640014648438
BM,36.06,-118.39,1964,5,67.2149963378906
BM,36.06,-118.39,1964,6,9.82100009918213
BM,36.06,-118.39,1964,7,0
BM,36.06,-118.39,1964,8,6.02799987792969
BM,36.06,-118.39,1964,9,7.69399976730347
BM,36.06,-118.39,1964,10,38.4339981079102
BM,36.06,-118.39,1964,11,173.246994018555
BM,36.06,-118.39,1964,12,328.570007324219
BM,36.06,-118.39,1966,1,46.1949996948242
BM,36.06,-118.39,1966,2,55.1710014343262
BM,36.06,-118.39,1966,3,17.2730007171631
BM,36.06,-118.39,1966,4,19.6000003814697
BM,36.06,-118.39,1966,5,16.4950008392334
BM,36.06,-118.39,1966,6,5.53900003433228
BM,36.06,-118.39,1966,7,0
BM,36.06,-118.39,1966,8,10.9739999771118
BM,36.06,-118.39,1966,9,0.164000004529953
BM,36.06,-118.39,1966,10,0
BM,36.06,-118.39,1966,11,116.651000976562
BM,36.06,-118.39,1966,12,526.815979003906
BM,36.06,-118.39,1967,1,147.973007202148
BM,36.06,-118.39,1967,2,28.886999130249
BM,36.06,-118.39,1967,3,147.02799987793
BM,36.06,-118.39,1967,4,266.781005859375
BM,36.06,-118.39,1967,5,43.5900001525879
BM,36.06,-118.39,1967,6,8.34700012207031
BM,36.06,-118.39,1967,7,27.3159999847412
BM,36.06,-118.39,1967,8,8.98200035095215
BM,36.06,-118.39,1967,9,30.6509990692139
BM,36.06,-118.39,1967,10,0
BM,36.06,-118.39,1967,11,74.7020034790039
BM,36.06,-118.39,1967,12,116.718002319336
BM,36.06,-118.39,1969,1,650.135009765625
BM,36.06,-118.39,1969,2,354.808013916016
BM,36.06,-118.39,1969,3,100.981002807617
BM,36.06,-118.39,1969,4,87.1399993896484
BM,36.06,-118.39,1969,5,17.0659999847412
BM,36.06,-118.39,1969,6,40.726001739502
BM,36.06,-118.39,1969,7,46.814998626709
BM,36.06,-118.39,1969,8,0
BM,36.06,-118.39,1969,9,0.987999975681305
BM,36.06,-118.39,1969,10,17.6119995117188
BM,36.06,-118.39,1969,11,35.0089988708496
BM,36.06,-118.39,1969,12,84.3550033569336
BM,36.06,-118.39,1970,1,283.654998779297
BM,36.06,-118.39,1970,2,53.7190017700195
BM,36.06,-118.39,1970,3,103.80899810791
BM,36.06,-118.39,1970,4,34.2220001220703
BM,36.06,-118.39,1970,5,8.40100002288818
BM,36.06,-118.39,1970,6,12.1560001373291
BM,36.06,-118.39,1970,7,2.49300003051758
BM,36.06,-118.39,1970,8,0
BM,36.06,-118.39,1970,9,0
BM,36.06,-118.39,1970,10,0.837000012397766
BM,36.06,-118.39,1970,11,168.966003417969
BM,36.06,-118.39,1970,12,187.615005493164
BM,36.06,-118.39,1971,1,69.4680023193359
BM,36.06,-118.39,1971,2,30.1760005950928
BM,36.06,-118.39,1971,3,50.1370010375977
BM,36.06,-118.39,1971,4,42.7080001831055
BM,36.06,-118.39,1971,5,79.2330017089844
BM,36.06,-118.39,1971,6,0
BM,36.06,-118.39,1971,7,16.9820003509521
BM,36.06,-118.39,1971,8,9.19799995422363
BM,36.06,-118.39,1971,9,5.13199996948242
BM,36.06,-118.39,1971,10,5.03599977493286
BM,36.06,-118.39,1971,11,63.2509994506836
BM,36.06,-118.39,1971,12,184.399993896484
BM,36.06,-118.39,1972,1,35.3279991149902
BM,36.06,-118.39,1972,2,34.1949996948242
BM,36.06,-118.39,1972,3,13.3050003051758
BM,36.06,-118.39,1972,4,54.5499992370605
BM,36.06,-118.39,1972,5,9.34200000762939
BM,36.06,-118.39,1972,6,45.8870010375977
BM,36.06,-118.39,1972,7,0
BM,36.06,-118.39,1972,8,0.164000004529953
BM,36.06,-118.39,1972,9,42.2130012512207
BM,36.06,-118.39,1972,10,12.6350002288818
BM,36.06,-118.39,1972,11,160.921005249023
BM,36.06,-118.39,1972,12,129.960006713867
BM,36.06,-118.39,1973,1,260.783996582031
BM,36.06,-118.39,1973,2,179.843994140625
BM,36.06,-118.39,1973,3,182.100997924805
BM,36.06,-118.39,1973,4,25.636999130249
BM,36.06,-118.39,1973,5,41.6279983520508
BM,36.06,-118.39,1973,6,10.2019996643066
BM,36.06,-118.39,1973,7,0
BM,36.06,-118.39,1973,8,6.34700012207031
BM,36.06,-118.39,1973,9,0
BM,36.06,-118.39,1973,10,30.1749992370605
BM,36.06,-118.39,1973,11,114.670997619629
BM,36.06,-118.39,1973,12,113.733001708984
BM,36.06,-118.39,1975,1,70.5090026855469
BM,36.06,-118.39,1975,2,182.875
BM,36.06,-118.39,1975,3,185.255996704102
BM,36.06,-118.39,1975,4,105.36799621582
BM,36.06,-118.39,1975,5,33.8520011901855
BM,36.06,-118.39,1975,6,13.2869997024536
BM,36.06,-118.39,1975,7,0
BM,36.06,-118.39,1975,8,0.00100000004749745
BM,36.06,-118.39,1975,9,26.5049991607666
BM,36.06,-118.39,1975,10,47.5660018920898
BM,36.06,-118.39,1975,11,46.6710014343262
BM,36.06,-118.39,1975,12,17.0480003356934
BM,36.06,-118.39,1976,1,0
BM,36.06,-118.39,1976,2,113.91300201416
BM,36.06,-118.39,1976,3,81.2819976806641
BM,36.06,-118.39,1976,4,52.8969993591309
BM,36.06,-118.39,1976,5,23.5480003356934
BM,36.06,-118.39,1976,6,0
BM,36.06,-118.39,1976,7,70.5940017700195
BM,36.06,-118.39,1976,8,9.06999969482422
BM,36.06,-118.39,1976,9,109.750999450684
BM,36.06,-118.39,1976,10,54.1290016174316
BM,36.06,-118.39,1976,11,6.45900011062622
BM,36.06,-118.39,1976,12,6.10900020599365
BM,36.06,-118.39,1977,1,90.7939987182617
BM,36.06,-118.39,1977,2,58.2130012512207
BM,36.06,-118.39,1977,3,25.048999786377
BM,36.06,-118.39,1977,4,3.76699995994568
BM,36.06,-118.39,1977,5,75.302001953125
BM,36.06,-118.39,1977,6,18.0249996185303
BM,36.06,-118.39,1977,7,8.9040002822876
BM,36.06,-118.39,1977,8,41.9739990234375
BM,36.06,-118.39,1977,9,0.256000012159348
BM,36.06,-118.39,1977,10,0.52700001001358
BM,36.06,-118.39,1977,11,32.859001159668
BM,36.06,-118.39,1977,12,284.261993408203
BM,36.06,-118.39,1979,1,123.911003112793
BM,36.06,-118.39,1979,2,213.850997924805
BM,36.06,-118.39,1979,3,152.348999023438
BM,36.06,-118.39,1979,4,11.5740003585815
BM,36.06,-118.39,1979,5,14.9289999008179
BM,36.06,-118.39,1979,6,0
BM,36.06,-118.39,1979,7,13.6969995498657
BM,36.06,-118.39,1979,8,11.3769998550415
BM,36.06,-118.39,1979,9,11.5100002288818
BM,36.06,-118.39,1979,10,44.1980018615723
BM,36.06,-118.39,1979,11,59.7900009155273
BM,36.06,-118.39,1979,12,42.5950012207031
BM,36.06,-118.39,1980,1,485.684997558594
BM,36.06,-118.39,1980,2,332.798004150391
BM,36.06,-118.39,1980,3,103.587997436523
BM,36.06,-118.39,1980,4,31.4750003814697
BM,36.06,-118.39,1980,5,50.8619995117188
BM,36.06,-118.39,1980,6,20.1959991455078
BM,36.06,-118.39,1980,7,6.28499984741211
BM,36.06,-118.39,1980,8,0
BM,36.06,-118.39,1980,9,0
BM,36.06,-118.39,1980,10,9.70300006866455
BM,36.06,-118.39,1980,11,4.86299991607666
BM,36.06,-118.39,1980,12,61.1119995117188
BM,36.06,-118.39,1981,1,129.158004760742
BM,36.06,-118.39,1981,2,99.6449966430664
BM,36.06,-118.39,1981,3,166.768997192383
BM,36.06,-118.39,1981,4,50.0099983215332
BM,36.06,-118.39,1981,5,31.69700050354
BM,36.06,-118.39,1981,6,0
BM,36.06,-118.39,1981,7,2.1010000705719
BM,36.06,-118.39,1981,8,4.75799989700317
BM,36.06,-118.39,1981,9,6.75400018692017
BM,36.06,-118.39,1981,10,90.661003112793
BM,36.06,-118.39,1981,11,33.060001373291
BM,36.06,-118.39,1981,12,83.6100006103516
BM,36.06,-118.39,1982,1,246.031005859375
BM,36.06,-118.39,1982,2,153.203994750977
BM,36.06,-118.39,1982,3,147.973999023438
BM,36.06,-118.39,1982,4,225.526992797852
BM,36.06,-118.39,1982,5,13.6300001144409
BM,36.06,-118.39,1982,6,38.923999786377
BM,36.06,-118.39,1982,7,37.9010009765625
BM,36.06,-118.39,1982,8,0
BM,36.06,-118.39,1982,9,76.4830017089844
BM,36.06,-118.39,1982,10,81
BM,36.06,-118.39,1982,11,143.856002807617
BM,36.06,-118.39,1982,12,305.640014648438
BM,36.06,-118.39,1983,1,237.070007324219
BM,36.06,-118.39,1983,2,271.845001220703
BM,36.06,-118.39,1983,3,272.621002197266
BM,36.06,-118.39,1983,4,81.7269973754883
BM,36.06,-118.39,1983,5,44.2330017089844
BM,36.06,-118.39,1983,6,11.3059997558594
BM,36.06,-118.39,1983,7,3.84400010108948
BM,36.06,-118.39,1983,8,60.564998626709
BM,36.06,-118.39,1983,9,11.2880001068115
BM,36.06,-118.39,1983,10,21.5450000762939
BM,36.06,-118.39,1983,11,242.546005249023
BM,36.06,-118.39,1983,12,228.242004394531
BM,36.06,-118.39,1984,1,8.44999980926514
BM,36.06,-118.39,1984,2,100.769996643066
BM,36.06,-118.39,1984,3,43.1829986572266
BM,36.06,-118.39,1984,4,38.7869987487793
BM,36.06,-118.39,1984,5,0.0750000029802322
BM,36.06,-118.39,1984,6,9.23700046539307
BM,36.06,-118.39,1984,7,87.3639984130859
BM,36.06,-118.39,1984,8,38.9599990844727
BM,36.06,-118.39,1984,9,8.73400020599365
BM,36.06,-118.39,1984,10,40.3730010986328
BM,36.06,-118.39,1984,11,213.852996826172
BM,36.06,-118.39,1984,12,100.955001831055
BM,36.06,-118.39,1985,1,62.0670013427734
BM,36.06,-118.39,1985,2,83.5120010375977
BM,36.06,-118.39,1985,3,180.817993164062
BM,36.06,-118.39,1985,4,6.72800016403198
BM,36.06,-118.39,1985,5,2.34800004959106
BM,36.06,-118.39,1985,6,12.3100004196167
BM,36.06,-118.39,1985,7,13.9499998092651
BM,36.06,-118.39,1985,8,2.02699995040894
BM,36.06,-118.39,1985,9,18.2649993896484
BM,36.06,-118.39,1985,10,28.7870006561279
BM,36.06,-118.39,1985,11,202.438995361328
BM,36.06,-118.39,1985,12,104.886001586914
BM,36.06,-118.39,1986,1,125.640998840332
BM,36.06,-118.39,1986,2,402.975006103516
BM,36.06,-118.39,1986,3,218.533996582031
BM,36.06,-118.39,1986,4,35.5200004577637
BM,36.06,-118.39,1986,5,18.8640003204346
BM,36.06,-118.39,1986,6,0
BM,36.06,-118.39,1986,7,2.39400005340576
BM,36.06,-118.39,1986,8,0
BM,36.06,-118.39,1986,9,50.9490013122559
BM,36.06,-118.39,1986,10,11.7919998168945
BM,36.06,-118.39,1986,11,21.7630004882812
BM,36.06,-118.39,1986,12,37.0200004577637
BM,36.06,-118.39,1987,1,102.263000488281
BM,36.06,-118.39,1987,2,137.845001220703
BM,36.06,-118.39,1987,3,139.852005004883
BM,36.06,-118.39,1987,4,18.3279991149902
BM,36.06,-118.39,1987,5,35.5849990844727
BM,36.06,-118.39,1987,6,19.5170001983643
BM,36.06,-118.39,1987,7,3.28500008583069
BM,36.06,-118.39,1987,8,5.65999984741211
BM,36.06,-118.39,1987,9,2.43199992179871
BM,36.06,-118.39,1987,10,22.9080009460449
BM,36.06,-118.39,1987,11,70.7180023193359
BM,36.06,-118.39,1987,12,117.879997253418
BM,36.06,-118.39,1988,1,165.102005004883
BM,36.06,-118.39,1988,2,13.831000328064
BM,36.06,-118.39,1988,3,38.4910011291504
BM,36.06,-118.39,1988,4,87.7779998779297
BM,36.06,-118.39,1988,5,39.6669998168945
BM,36.06,-118.39,1988,6,22.753999710083
BM,36.06,-118.39,1988,7,46.875
BM,36.06,-118.39,1988,8,47.7200012207031
BM,36.06,-118.39,1988,9,2.3510000705719
BM,36.06,-118.39,1988,10,0
BM,36.06,-118.39,1988,11,144.695007324219
BM,36.06,-118.39,1988,12,216.947998046875
BM,36.06,-118.39,1989,1,65.2509994506836
BM,36.06,-118.39,1989,2,139.699005126953
BM,36.06,-118.39,1989,3,139.225997924805
BM,36.06,-118.39,1989,4,35.3230018615723
BM,36.06,-118.39,1989,5,42.7050018310547
BM,36.06,-118.39,1989,6,8.19900035858154
BM,36.06,-118.39,1989,7,4.41400003433228
BM,36.06,-118.39,1989,8,0
BM,36.06,-118.39,1989,9,59.1679992675781
BM,36.06,-118.39,1989,10,57.6100006103516
BM,36.06,-118.39,1989,11,36.7529983520508
BM,36.06,-118.39,1989,12,1.81099998950958
BM,36.06,-118.39,1990,1,134.679000854492
BM,36.06,-118.39,1990,2,153.927001953125
BM,36.06,-118.39,1990,3,83.9889984130859
BM,36.06,-118.39,1990,4,27.4839992523193
BM,36.06,-118.39,1990,5,63.314998626709
BM,36.06,-118.39,1990,6,9.28299999237061
BM,36.06,-118.39,1990,7,12.9479999542236
BM,36.06,-118.39,1990,8,2.12299990653992
BM,36.06,-118.39,1990,9,30.6709995269775
BM,36.06,-118.39,1990,10,2.01900005340576
BM,36.06,-118.39,1990,11,41.3359985351562
BM,36.06,-118.39,1990,12,55.6349983215332
BM,36.06,-118.39,1991,1,34.0309982299805
BM,36.06,-118.39,1991,2,21.6700000762939
BM,36.06,-118.39,1991,3,354.463989257812
BM,36.06,-118.39,1991,4,113.528999328613
BM,36.06,-118.39,1991,5,43.1769981384277
BM,36.06,-118.39,1991,6,3.03399991989136
BM,36.06,-118.39,1991,7,32.3629989624023
BM,36.06,-118.39,1991,8,7.34800004959106
BM,36.06,-118.39,1991,9,6.44199991226196
BM,36.06,-118.39,1991,10,61.2799987792969
BM,36.06,-118.39,1991,11,72.8850021362305
BM,36.06,-118.39,1991,12,54.6240005493164
BM,36.06,-118.39,1992,1,67.5059967041016
BM,36.06,-118.39,1992,2,201.02099609375
BM,36.06,-118.39,1992,3,99.9710006713867
BM,36.06,-118.39,1992,4,29.6520004272461
BM,36.06,-118.39,1992,5,15.6009998321533
BM,36.06,-118.39,1992,6,23.9799995422363
BM,36.06,-118.39,1992,7,27.8250007629395
BM,36.06,-118.39,1992,8,22.0069999694824
BM,36.06,-118.39,1992,9,2.32100009918213
BM,36.06,-118.39,1992,10,82.7570037841797
BM,36.06,-118.39,1992,11,4.00099992752075
BM,36.06,-118.39,1992,12,214.24299621582
BM,36.06,-118.39,1993,1,349.615997314453
BM,36.06,-118.39,1993,2,112.916000366211
BM,36.06,-118.39,1993,3,204.820999145508
BM,36.06,-118.39,1993,4,17.2199993133545
BM,36.06,-118.39,1993,5,4.65100002288818
BM,36.06,-118.39,1993,6,74.1490020751953
BM,36.06,-118.39,1993,7,0
BM,36.06,-118.39,1993,8,0
BM,36.06,-118.39,1993,9,0
BM,36.06,-118.39,1993,10,6.70699977874756
BM,36.06,-118.39,1993,11,69.4489974975586
BM,36.06,-118.39,1993,12,90.7229995727539
BM,36.06,-118.39,1994,1,51.201000213623
BM,36.06,-118.39,1994,2,204.598007202148
BM,36.06,-118.39,1994,3,62.4539985656738
BM,36.06,-118.39,1994,4,85.1729965209961
BM,36.06,-118.39,1994,5,59.0550003051758
BM,36.06,-118.39,1994,6,2.62199997901917
BM,36.06,-118.39,1994,7,0
BM,36.06,-118.39,1994,8,0
BM,36.06,-118.39,1994,9,2.30299997329712
BM,36.06,-118.39,1994,10,38.757999420166
BM,36.06,-118.39,1994,11,117.23999786377
BM,36.06,-118.39,1994,12,71.2829971313477
BM,36.06,-118.39,1995,1,150.307998657227
BM,36.06,-118.39,1995,2,76.5189971923828
BM,36.06,-118.39,1995,3,290.377014160156
BM,36.06,-118.39,1995,4,67.9199981689453
BM,36.06,-118.39,1995,5,118.738998413086
BM,36.06,-118.39,1995,6,60.9189987182617
BM,36.06,-118.39,1995,7,6.31699991226196
BM,36.06,-118.39,1995,8,1.81599998474121
BM,36.06,-118.39,1995,9,0
BM,36.06,-118.39,1995,10,0
BM,36.06,-118.39,1995,11,0
BM,36.06,-118.39,1995,12,106.210998535156
BM,36.06,-118.39,1996,1,227.714004516602
BM,36.06,-118.39,1996,2,305.954986572266
BM,36.06,-118.39,1996,3,154.873992919922
BM,36.06,-118.39,1996,4,59.8709983825684
BM,36.06,-118.39,1996,5,20.8910007476807
BM,36.06,-118.39,1996,6,10.6409997940063
BM,36.06,-118.39,1996,7,10.789999961853
BM,36.06,-118.39,1996,8,5.01999998092651
BM,36.06,-118.39,1996,9,0
BM,36.06,-118.39,1996,10,31.8680000305176
BM,36.06,-118.39,1996,11,206.050994873047
BM,36.06,-118.39,1996,12,269.954986572266
BM,36.06,-118.39,1997,1,386.428009033203
BM,36.06,-118.39,1997,2,9.52999973297119
BM,36.06,-118.39,1997,3,12.4799995422363
BM,36.06,-118.39,1997,4,13.6479997634888
BM,36.06,-118.39,1997,5,0
BM,36.06,-118.39,1997,6,0
BM,36.06,-118.39,1997,7,14.6859998703003
BM,36.06,-118.39,1997,8,10.6669998168945
BM,36.06,-118.39,1997,9,40.8819999694824
BM,36.06,-118.39,1997,10,17.8589992523193
BM,36.06,-118.39,1997,11,110.912002563477
BM,36.06,-118.39,1997,12,141.363998413086
BM,36.06,-118.39,1998,1,149.792007446289
BM,36.06,-118.39,1998,2,175.97900390625
BM,36.06,-118.39,1998,3,242.628997802734
BM,36.06,-118.39,1998,4,129.912994384766
BM,36.06,-118.39,1998,5,127.68399810791
BM,36.06,-118.39,1998,6,34.1189994812012
BM,36.06,-118.39,1998,7,6.77099990844727
BM,36.06,-118.39,1998,8,17.9409999847412
BM,36.06,-118.39,1998,9,7.37799978256226
BM,36.06,-118.39,1998,10,23.7229995727539
BM,36.06,-118.39,1998,11,53.2690010070801
BM,36.06,-118.39,1998,12,59.2589988708496
BM,36.06,-118.39,1999,1,222.738998413086
BM,36.06,-118.39,1999,2,81.2689971923828
BM,36.06,-118.39,1999,3,42.6319999694824
BM,36.06,-118.39,1999,4,104.188003540039
BM,36.06,-118.39,1999,5,27.261999130249
BM,36.06,-118.39,1999,6,13.9370002746582
BM,36.06,-118.39,1999,7,18.5540008544922
BM,36.06,-118.39,1999,8,21.8659992218018
BM,36.06,-118.39,1999,9,5.36499977111816
BM,36.06,-118.39,1999,10,0
BM,36.06,-118.39,1999,11,37.0089988708496
BM,36.06,-118.39,1999,12,6.37400007247925
BM,36.06,-118.39,2000,1,187.666000366211
BM,36.06,-118.39,2000,2,200.380996704102
BM,36.06,-118.39,2000,3,87.609001159668
BM,36.06,-118.39,2000,4,64.5899963378906
BM,36.06,-118.39,2000,5,34.4469985961914
BM,36.06,-118.39,2000,6,13.7159996032715
BM,36.06,-118.39,2000,7,3.3970000743866
BM,36.06,-118.39,2000,8,15.9289999008179
BM,36.06,-118.39,2000,9,2.72399997711182
BM,36.06,-118.39,2000,10,84.6539993286133
BM,36.06,-118.39,2000,11,15.8509998321533
BM,36.06,-118.39,2000,12,9.14400005340576
BM,36.06,-118.39,2001,1,143.106994628906
BM,36.06,-118.39,2001,2,250.923004150391
BM,36.06,-118.39,2001,3,36.0139999389648
BM,36.06,-118.39,2001,4,141.151992797852
BM,36.06,-118.39,2001,5,5.40799999237061
BM,36.06,-118.39,2001,6,0
BM,36.06,-118.39,2001,7,8.35799980163574
BM,36.06,-118.39,2001,8,0
BM,36.06,-118.39,2001,9,0
BM,36.06,-118.39,2001,10,16.9529991149902
BM,36.06,-118.39,2001,11,130.940002441406
BM,36.06,-118.39,2001,12,250.235992431641
BM,36.06,-118.39,2002,1,90.8610000610352
BM,36.06,-118.39,2002,2,14.0120000839233
BM,36.06,-118.39,2002,3,130.468002319336
BM,36.06,-118.39,2002,4,45.3569984436035
BM,36.06,-118.39,2002,5,45.2799987792969
BM,36.06,-118.39,2002,6,0.0350000001490116
BM,36.06,-118.39,2002,7,3.10500001907349
BM,36.06,-118.39,2002,8,0
BM,36.06,-118.39,2002,9,0.252999991178513
BM,36.06,-118.39,2002,10,0
BM,36.06,-118.39,2002,11,295.388000488281
BM,36.06,-118.39,2002,12,203.925003051758
BM,36.06,-118.39,2003,1,22.5170001983643
BM,36.06,-118.39,2003,2,78.0530014038086
BM,36.06,-118.39,2003,3,86.8949966430664
BM,36.06,-118.39,2003,4,100.916000366211
BM,36.06,-118.39,2003,5,70.1360015869141
BM,36.06,-118.39,2003,6,0.261999994516373
BM,36.06,-118.39,2003,7,6.10900020599365
BM,36.06,-118.39,2003,8,9.82699966430664
BM,36.06,-118.39,2003,9,5.92199993133545
BM,36.06,-118.39,2003,10,0
BM,36.06,-118.39,2003,11,54.5180015563965
BM,36.06,-118.39,2003,12,245.470001220703
BM,36.06,-118.39,2004,1,121.857002258301
BM,36.06,-118.39,2004,2,118.120002746582
BM,36.06,-118.39,2004,3,125.730003356934
BM,36.06,-118.39,2004,4,10.548999786377
BM,36.06,-118.39,2004,5,6.5770001411438
BM,36.06,-118.39,2004,6,0.310000002384186
BM,36.06,-118.39,2004,7,0
BM,36.06,-118.39,2004,8,3.92899990081787
BM,36.06,-118.39,2004,9,0
BM,36.06,-118.39,2004,10,106.973999023438
BM,36.06,-118.39,2004,11,25.4619998931885
BM,36.06,-118.39,2004,12,138.518997192383
BM,36.06,-118.39,2005,1,348.307006835938
BM,36.06,-118.39,2005,2,43.9770011901855
BM,36.06,-118.39,2005,3,221.526992797852
BM,36.06,-118.39,2005,4,59.298999786377
BM,36.06,-118.39,2005,5,90.504997253418
BM,36.06,-118.39,2005,6,2.72399997711182
BM,36.06,-118.39,2005,7,10.576000213623
BM,36.06,-118.39,2005,8,12.3400001525879
BM,36.06,-118.39,2005,9,10.0790004730225
BM,36.06,-118.39,2005,10,9.14200019836426
BM,36.06,-118.39,2005,11,9.91600036621094
BM,36.06,-118.39,2005,12,131.188003540039
BM,36.06,-118.39,2006,1,237.434005737305
BM,36.06,-118.39,2006,2,40.951000213623
BM,36.06,-118.39,2006,3,174.934005737305
BM,36.06,-118.39,2006,4,207.365005493164
BM,36.06,-118.39,2006,5,45.2050018310547
BM,36.06,-118.39,2006,6,6.63100004196167
BM,36.06,-118.39,2006,7,22.701000213623
BM,36.06,-118.39,2006,8,0
BM,36.06,-118.39,2006,9,0.0560000017285347
BM,36.06,-118.39,2006,10,23.8250007629395
BM,36.06,-118.39,2006,11,8.63500022888184
BM,36.06,-118.39,2006,12,123.977996826172
BM,36.06,-118.39,2007,1,25.6569995880127
BM,36.06,-118.39,2007,2,101.842002868652
BM,36.06,-118.39,2007,3,32.4700012207031
BM,36.06,-118.39,2007,4,39.1539993286133
BM,36.06,-118.39,2007,5,3.92899990081787
BM,36.06,-118.39,2007,6,2.69400000572205
BM,36.06,-118.39,2007,7,0
BM,36.06,-118.39,2007,8,38.6399993896484
BM,36.06,-118.39,2007,9,8.66199970245361
BM,36.06,-118.39,2007,10,56.4490013122559
BM,36.06,-118.39,2007,11,7.73600006103516
BM,36.06,-118.39,2007,12,137.591995239258
BM,36.06,-118.39,2008,1,198.783996582031
BM,36.06,-118.39,2008,2,147.315002441406
BM,36.06,-118.39,2008,3,6.00299978256226
BM,36.06,-118.39,2008,4,0
BM,36.06,-118.39,2008,5,13.5059995651245
BM,36.06,-118.39,2008,6,0
BM,36.06,-118.39,2008,7,50.4729995727539
BM,36.06,-118.39,2008,8,0.691999971866608
BM,36.06,-118.39,2008,9,3.82299995422363
BM,36.06,-118.39,2008,10,2.20199990272522
BM,36.06,-118.39,2008,11,57.314998626709
BM,36.06,-118.39,2008,12,98.7070007324219
BM,36.06,-118.39,2009,1,51.5740013122559
BM,36.06,-118.39,2009,2,105.621002197266
BM,36.06,-118.39,2009,3,54.1660003662109
BM,36.06,-118.39,2009,4,32.8919982910156
BM,36.06,-118.39,2009,5,43.4119987487793
BM,36.06,-118.39,2009,6,12.7609996795654
BM,36.06,-118.39,2009,7,2.07699990272522
BM,36.06,-118.39,2009,8,0.0140000004321337
BM,36.06,-118.39,2009,9,0
BM,36.06,-118.39,2009,10,90.8040008544922
BM,36.06,-118.39,2009,11,7.93900012969971
BM,36.06,-118.39,2009,12,176.298004150391
BM,36.06,-118.39,2010,1,165.36799621582
BM,36.06,-118.39,2010,2,139.563995361328
BM,36.06,-118.39,2010,3,63.2360000610352
BM,36.06,-118.39,2010,4,116.59700012207
BM,36.06,-118.39,2010,5,15.7489995956421
BM,36.06,-118.39,2010,6,0.407000005245209
BM,36.06,-118.39,2010,7,0.017000000923872
BM,36.06,-118.39,2010,8,0
BM,36.06,-118.39,2010,9,0
BM,36.06,-118.39,2010,10,20.9629993438721
BM,36.06,-118.39,2010,11,73.2249984741211
BM,36.06,-118.39,2010,12,611.143981933594
BM,36.06,-118.39,2011,1,55.4729995727539
BM,36.06,-118.39,2011,2,74.8010025024414
BM,36.06,-118.39,2011,3,152.802993774414
BM,36.06,-118.39,2011,4,31.625
BM,36.06,-118.39,2011,5,43.8339996337891
BM,36.06,-118.39,2011,6,5.89099979400635
BM,36.06,-118.39,2011,7,22.818000793457
BM,36.06,-118.39,2011,8,25.9529991149902
BM,36.06,-118.39,2011,9,8.08100032806396
BM,36.06,-118.39,2011,10,46.3759994506836
BM,36.06,-118.39,2011,11,48.5050010681152
BM,36.06,-118.39,2011,12,1.37199997901917
BM,36.06,-118.39,2012,1,127.307998657227
BM,36.06,-118.39,2012,2,31.2900009155273
BM,36.06,-118.39,2012,3,70.1380004882812
BM,36.06,-118.39,2012,4,90.677001953125
BM,36.06,-118.39,2012,5,0
BM,36.06,-118.39,2012,6,0
BM,36.06,-118.39,2012,7,0
BM,36.06,-118.39,2012,8,3.32800006866455
BM,36.06,-118.39,2012,9,0.601000010967255
BM,36.06,-118.39,2012,10,4.79099988937378
BM,36.06,-118.39,2012,11,19.2150001525879
BM,36.06,-118.39,2012,12,144.903594970703
BM,36.06,-118.39,1900,1,117.676002502441
BM,36.06,-118.39,1900,2,40.556999206543
BM,36.06,-118.39,1900,3,99.8190002441406
BM,36.06,-118.39,1900,4,66.1490020751953
BM,36.06,-118.39,1900,5,37.5219993591309
BM,36.06,-118.39,1900,6,3.08999991416931
BM,36.06,-118.39,1900,7,11.1319999694824
BM,36.06,-118.39,1900,8,0
BM,36.06,-118.39,1900,9,14.289999961853
BM,36.06,-118.39,1900,10,47.1529998779297
BM,36.06,-118.39,1900,11,166.744003295898
BM,36.06,-118.39,1900,12,61.3839988708496
BM,36.06,-118.39,1904,1,56.5740013122559
BM,36.06,-118.39,1904,2,342.067993164062
BM,36.06,-118.39,1904,3,322.311004638672
BM,36.06,-118.39,1904,4,78.2289962768555
BM,36.06,-118.39,1904,5,12.9689998626709
BM,36.06,-118.39,1904,6,0
BM,36.06,-118.39,1904,7,11.4250001907349
BM,36.06,-118.39,1904,8,42.1189994812012
BM,36.06,-118.39,1904,9,56.6479988098145
BM,36.06,-118.39,1904,10,61.4189987182617
BM,36.06,-118.39,1904,11,13.7320003509521
BM,36.06,-118.39,1904,12,83.8199996948242
BM,36.06,-118.39,1920,1,28.4680004119873
BM,36.06,-118.39,1920,2,97.1019973754883
BM,36.06,-118.39,1920,3,238.106994628906
BM,36.06,-118.39,1920,4,103.237998962402
BM,36.06,-118.39,1920,5,1.05999994277954
BM,36.06,-118.39,1920,6,11.2569999694824
BM,36.06,-118.39,1920,7,0
BM,36.06,-118.39,1920,8,34.9879989624023
BM,36.06,-118.39,1920,9,0.180999994277954
BM,36.06,-118.39,1920,10,42.0579986572266
BM,36.06,-118.39,1920,11,75.7669982910156
BM,36.06,-118.39,1920,12,126.732002258301
BM,36.06,-118.39,1921,1,180.069000244141
BM,36.06,-118.39,1921,2,76.7269973754883
BM,36.06,-118.39,1921,3,90.3450012207031
BM,36.06,-118.39,1921,4,19.701000213623
BM,36.06,-118.39,1921,5,74.5640029907227
BM,36.06,-118.39,1921,6,7.44399976730347
BM,36.06,-118.39,1921,7,7.41200017929077
BM,36.06,-118.39,1921,8,3.28200006484985
BM,36.06,-118.39,1921,9,10.2250003814697
BM,36.06,-118.39,1921,10,9.10799980163574
BM,36.06,-118.39,1921,11,10.6040000915527
BM,36.06,-118.39,1921,12,294.602996826172
BM,36.06,-118.39,1922,1,137.529006958008
BM,36.06,-118.39,1922,2,185.714004516602
BM,36.06,-118.39,1922,3,120.125999450684
BM,36.06,-118.39,1922,4,19.628999710083
BM,36.06,-118.39,1922,5,53.2400016784668
BM,36.06,-118.39,1922,6,12.4580001831055
BM,36.06,-118.39,1922,7,23.121000289917
BM,36.06,-118.39,1922,8,7.89300012588501
BM,36.06,-118.39,1922,9,0
BM,36.06,-118.39,1922,10,20.9209995269775
BM,36.06,-118.39,1922,11,93.6890029907227
BM,36.06,-118.39,1922,12,183.016998291016
BM,36.06,-118.39,1930,1,180.393997192383
BM,36.06,-118.39,1930,2,113.96199798584
BM,36.06,-118.39,1930,3,100.919998168945
BM,36.06,-118.39,1930,4,41.6759986877441
BM,36.06,-118.39,1930,5,70.3539962768555
BM,36.06,-118.39,1930,6,0
BM,36.06,-118.39,1930,7,0
BM,36.06,-118.39,1930,8,0
BM,36.06,-118.39,1930,9,14.6920003890991
BM,36.06,-118.39,1930,10,2.67199993133545
BM,36.06,-118.39,1930,11,105.341003417969
BM,36.06,-118.39,1930,12,1.49899995326996
BM,36.06,-118.39,1931,1,112.876998901367
BM,36.06,-118.39,1931,2,69.9049987792969
BM,36.06,-118.39,1931,3,32.6030006408691
BM,36.06,-118.39,1931,4,44.9879989624023
BM,36.06,-118.39,1931,5,52.2449989318848
BM,36.06,-118.39,1931,6,25.7439994812012
BM,36.06,-118.39,1931,7,4.06400012969971
BM,36.06,-118.39,1931,8,37.8979988098145
BM,36.06,-118.39,1931,9,2.54399991035461
BM,36.06,-118.39,1931,10,2.86700010299683
BM,36.06,-118.39,1931,11,98.7030029296875
BM,36.06,-118.39,1931,12,335.009002685547
BM,36.06,-118.39,1937,1,157.807006835938
BM,36.06,-118.39,1937,2,302.151000976562
BM,36.06,-118.39,1937,3,166.787994384766
BM,36.06,-118.39,1937,4,52.173999786377
BM,36.06,-118.39,1937,5,0.0399999991059303
BM,36.06,-118.39,1937,6,0
BM,36.06,-118.39,1937,7,6.40000009536743
BM,36.06,-118.39,1937,8,0
BM,36.06,-118.39,1937,9,0.126000002026558
BM,36.06,-118.39,1937,10,4.97399997711182
BM,36.06,-118.39,1937,11,30.1700000762939
BM,36.06,-118.39,1937,12,303.890014648438
BM,36.06,-118.39,1938,1,137.261001586914
BM,36.06,-118.39,1938,2,303.247985839844
BM,36.06,-118.39,1938,3,321.714996337891
BM,36.06,-118.39,1938,4,103.996002197266
BM,36.06,-118.39,1938,5,19.0879993438721
BM,36.06,-118.39,1938,6,2.36800003051758
BM,36.06,-118.39,1938,7,22.1410007476807
BM,36.06,-118.39,1938,8,17.44700050354
BM,36.06,-118.39,1938,9,7.71000003814697
BM,36.06,-118.39,1938,10,36.7080001831055
BM,36.06,-118.39,1938,11,31.4220008850098
BM,36.06,-118.39,1938,12,56.6759986877441
BM,36.06,-118.39,1953,1,167.636001586914
BM,36.06,-118.39,1953,2,2.4449999332428
BM,36.06,-118.39,1953,3,70.8170013427734
BM,36.06,-118.39,1953,4,85.7679977416992
BM,36.06,-118.39,1953,5,46.9189987182617
BM,36.06,-118.39,1953,6,17.7490005493164
BM,36.06,-118.39,1953,7,11.5179996490479
BM,36.06,-118.39,1953,8,14.6669998168945
BM,36.06,-118.39,1953,9,0
BM,36.06,-118.39,1953,10,13.4540004730225
BM,36.06,-118.39,1953,11,51.2360000610352
BM,36.06,-118.39,1953,12,53.2560005187988
BM,36.06,-118.39,1963,1,210.044998168945
BM,36.06,-118.39,1963,2,276.628997802734
BM,36.06,-118.39,1963,3,122.697998046875
BM,36.06,-118.39,1963,4,168.848999023438
BM,36.06,-118.39,1963,5,35.5970001220703
BM,36.06,-118.39,1963,6,10.9799995422363
BM,36.06,-118.39,1963,7,0
BM,36.06,-118.39,1963,8,21.3819999694824
BM,36.06,-118.39,1963,9,29.5030002593994
BM,36.06,-118.39,1963,10,46.7770004272461
BM,36.06,-118.39,1963,11,119.050003051758
BM,36.06,-118.39,1963,12,35.7700004577637
BM,36.06,-118.39,1965,1,144.824005126953
BM,36.06,-118.39,1965,2,17.6609992980957
BM,36.06,-118.39,1965,3,40.8619995117188
BM,36.06,-118.39,1965,4,146.686996459961
BM,36.06,-118.39,1965,5,7.72200012207031
BM,36.06,-118.39,1965,6,1.34899997711182
BM,36.06,-118.39,1965,7,10.7150001525879
BM,36.06,-118.39,1965,8,29.2630004882812
BM,36.06,-118.39,1965,9,7.62799978256226
BM,36.06,-118.39,1965,10,6.26100015640259
BM,36.06,-118.39,1965,11,197.666000366211
BM,36.06,-118.39,1965,12,133.199005126953
BM,36.06,-118.39,1968,1,72.2669982910156
BM,36.06,-118.39,1968,2,56.9119987487793
BM,36.06,-118.39,1968,3,90.3050003051758
BM,36.06,-118.39,1968,4,37.6829986572266
BM,36.06,-118.39,1968,5,31.2700004577637
BM,36.06,-118.39,1968,6,0
BM,36.06,-118.39,1968,7,10.2399997711182
BM,36.06,-118.39,1968,8,0
BM,36.06,-118.39,1968,9,0
BM,36.06,-118.39,1968,10,46.1619987487793
BM,36.06,-118.39,1968,11,67.7310028076172
BM,36.06,-118.39,1968,12,179.585998535156
BM,36.06,-118.39,1974,1,252.682998657227
BM,36.06,-118.39,1974,2,16.0289993286133
BM,36.06,-118.39,1974,3,181.927993774414
BM,36.06,-118.39,1974,4,107.561996459961
BM,36.06,-118.39,1974,5,24.0849990844727
BM,36.06,-118.39,1974,6,1.26600003242493
BM,36.06,-118.39,1974,7,21.44700050354
BM,36.06,-118.39,1974,8,29.8129997253418
BM,36.06,-118.39,1974,9,0
BM,36.06,-118.39,1974,10,54.326000213623
BM,36.06,-118.39,1974,11,26.3419990539551
BM,36.06,-118.39,1974,12,85.6029968261719
BM,36.06,-118.39,1907,1,263.838989257812
BM,36.06,-118.39,1907,2,87.6009979248047
BM,36.06,-118.39,1907,3,319.305999755859
BM,36.06,-118.39,1907,4,64.6669998168945
BM,36.06,-118.39,1907,5,34.0320014953613
BM,36.06,-118.39,1907,6,32.9459991455078
BM,36.06,-118.39,1907,7,8.46100044250488
BM,36.06,-118.39,1907,8,0
BM,36.06,-118.39,1907,9,0
BM,36.06,-118.39,1907,10,40.1209983825684
BM,36.06,-118.39,1907,11,0
BM,36.06,-118.39,1907,12,178.550003051758
BM,36.06,-118.39,1949,1,153.537002563477
BM,36.06,-118.39,1949,2,100.77799987793
BM,36.06,-118.39,1949,3,166.820999145508
BM,36.06,-118.39,1949,4,3.76999998092651
BM,36.06,-118.39,1949,5,51.4420013427734
BM,36.06,-118.39,1949,6,0
BM,36.06,-118.39,1949,7,0
BM,36.06,-118.39,1949,8,5.27299976348877
BM,36.06,-118.39,1949,9,0
BM,36.06,-118.39,1949,10,0.934000015258789
BM,36.06,-118.39,1949,11,78.2310028076172
BM,36.06,-118.39,1949,12,93.9280014038086
BM,36.06,-118.39,1958,1,161.285995483398
BM,36.06,-118.39,1958,2,208.608993530273
BM,36.06,-118.39,1958,3,311.914001464844
BM,36.06,-118.39,1958,4,159.636001586914
BM,36.06,-118.39,1958,5,45.6180000305176
BM,36.06,-118.39,1958,6,6.48799991607666
BM,36.06,-118.39,1958,7,11.5069999694824
BM,36.06,-118.39,1958,8,7.55100011825562
BM,36.06,-118.39,1958,9,24.3579998016357
BM,36.06,-118.39,1958,10,2.32800006866455
BM,36.06,-118.39,1958,11,20.0610008239746
BM,36.06,-118.39,1958,12,6.82800006866455
BM,36.06,-118.39,1978,1,249.231994628906
BM,36.06,-118.39,1978,2,304.575012207031
BM,36.06,-118.39,1978,3,232.192993164062
BM,36.06,-118.39,1978,4,136.617004394531
BM,36.06,-118.39,1978,5,8.77799987792969
BM,36.06,-118.39,1978,6,0
BM,36.06,-118.39,1978,7,4.60599994659424
BM,36.06,-118.39,1978,8,6.24100017547607
BM,36.06,-118.39,1978,9,55.5989990234375
BM,36.06,-118.39,1978,10,0
BM,36.06,-118.39,1978,11,36.4080009460449
BM,36.06,-118.39,1978,12,86.8939971923828
