site,lat,long,year,month,tmin
BM,36.06,-118.39,1895,1,-7.90500020980835
BM,36.06,-118.39,1895,2,-6.57499980926514
BM,36.06,-118.39,1895,3,-4.95900011062622
BM,36.06,-118.39,1895,4,-2.06200003623962
BM,36.06,-118.39,1895,5,1.44000005722046
BM,36.06,-118.39,1895,6,5.17899990081787
BM,36.06,-118.39,1895,7,7.82499980926514
BM,36.06,-118.39,1895,8,8.74100017547607
BM,36.06,-118.39,1895,9,5.34299993515015
BM,36.06,-118.39,1895,10,0.853999972343445
BM,36.06,-118.39,1895,11,-4.0149998664856
BM,36.06,-118.39,1895,12,-5.3270001411438
BM,36.06,-118.39,1896,1,-2.58299994468689
BM,36.06,-118.39,1896,2,-4.85799980163574
BM,36.06,-118.39,1896,3,-4.42899990081787
BM,36.06,-118.39,1896,4,-7.14900016784668
BM,36.06,-118.39,1896,5,-1.79999995231628
BM,36.06,-118.39,1896,6,5.72900009155273
BM,36.06,-118.39,1896,7,9.68599987030029
BM,36.06,-118.39,1896,8,8.60700035095215
BM,36.06,-118.39,1896,9,4.98099994659424
BM,36.06,-118.39,1896,10,2.57800006866455
BM,36.06,-118.39,1896,11,-1.47099995613098
BM,36.06,-118.39,1896,12,-2.95000004768372
BM,36.06,-118.39,1897,1,-7.55100011825562
BM,36.06,-118.39,1897,2,-6.68900012969971
BM,36.06,-118.39,1897,3,-8.59700012207031
BM,36.06,-118.39,1897,4,-3.48600006103516
BM,36.06,-118.39,1897,5,1.72500002384186
BM,36.06,-118.39,1897,6,5.04500007629395
BM,36.06,-118.39,1897,7,8.95899963378906
BM,36.06,-118.39,1897,8,11.2629995346069
BM,36.06,-118.39,1897,9,6.4539999961853
BM,36.06,-118.39,1897,10,2.93300008773804
BM,36.06,-118.39,1897,11,0.284000009298325
BM,36.06,-118.39,1897,12,-6.98299980163574
BM,36.06,-118.39,1898,1,-9.13899993896484
BM,36.06,-118.39,1898,2,-4.28000020980835
BM,36.06,-118.39,1898,3,-8.00300025939941
BM,36.06,-118.39,1898,4,-0.714999973773956
BM,36.06,-118.39,1898,5,-0.0450000017881393
BM,36.06,-118.39,1898,6,5.35099983215332
BM,36.06,-118.39,1898,7,9.13199996948242
BM,36.06,-118.39,1898,8,8.87199974060059
BM,36.06,-118.39,1898,9,8.32699966430664
BM,36.06,-118.39,1898,10,2.83599996566772
BM,36.06,-118.39,1898,11,-4.25600004196167
BM,36.06,-118.39,1898,12,-7.85500001907349
BM,36.06,-118.39,1899,1,-6.00899982452393
BM,36.06,-118.39,1899,2,-6.48999977111816
BM,36.06,-118.39,1899,3,-5.11399984359741
BM,36.06,-118.39,1899,4,-2.76200008392334
BM,36.06,-118.39,1899,5,-1.87199997901917
BM,36.06,-118.39,1899,6,4.92399978637695
BM,36.06,-118.39,1899,7,6.27899980545044
BM,36.06,-118.39,1899,8,5.67500019073486
BM,36.06,-118.39,1899,9,7.91200017929077
BM,36.06,-118.39,1899,10,0.527999997138977
BM,36.06,-118.39,1899,11,0.497000008821487
BM,36.06,-118.39,1899,12,-3.25399994850159
BM,36.06,-118.39,1901,1,-6.46400022506714
BM,36.06,-118.39,1901,2,-7.49200010299683
BM,36.06,-118.39,1901,3,-6.14300012588501
BM,36.06,-118.39,1901,4,-3.88499999046326
BM,36.06,-118.39,1901,5,-1.02900004386902
BM,36.06,-118.39,1901,6,4.20100021362305
BM,36.06,-118.39,1901,7,8.52499961853027
BM,36.06,-118.39,1901,8,8.73099994659424
BM,36.06,-118.39,1901,9,2.60599994659424
BM,36.06,-118.39,1901,10,2.90899991989136
BM,36.06,-118.39,1901,11,-1.37300002574921
BM,36.06,-118.39,1901,12,-6.41200017929077
BM,36.06,-118.39,1902,1,-6.23899984359741
BM,36.06,-118.39,1902,2,-7.31500005722046
BM,36.06,-118.39,1902,3,-7.22700023651123
BM,36.06,-118.39,1902,4,-3.72399997711182
BM,36.06,-118.39,1902,5,-0.305999994277954
BM,36.06,-118.39,1902,6,3.95300006866455
BM,36.06,-118.39,1902,7,6.82000017166138
BM,36.06,-118.39,1902,8,5.73299980163574
BM,36.06,-118.39,1902,9,4.27299976348877
BM,36.06,-118.39,1902,10,0.959999978542328
BM,36.06,-118.39,1902,11,-5.63600015640259
BM,36.06,-118.39,1902,12,-6.59600019454956
BM,36.06,-118.39,1903,1,-7.88299989700317
BM,36.06,-118.39,1903,2,-13.8879995346069
BM,36.06,-118.39,1903,3,-8.95800018310547
BM,36.06,-118.39,1903,4,-6.49599981307983
BM,36.06,-118.39,1903,5,-1.442999958992
BM,36.06,-118.39,1903,6,4.27400016784668
BM,36.06,-118.39,1903,7,8.42800045013428
BM,36.06,-118.39,1903,8,7.53399991989136
BM,36.06,-118.39,1903,9,3.8989999294281
BM,36.06,-118.39,1903,10,1.7849999666214
BM,36.06,-118.39,1903,11,-2.04299998283386
BM,36.06,-118.39,1903,12,-7.39799976348877
BM,36.06,-118.39,1905,1,-2.79800009727478
BM,36.06,-118.39,1905,2,-4.36600017547607
BM,36.06,-118.39,1905,3,-5.47700023651123
BM,36.06,-118.39,1905,4,-2.95300006866455
BM,36.06,-118.39,1905,5,-2.33699989318848
BM,36.06,-118.39,1905,6,2.40499997138977
BM,36.06,-118.39,1905,7,6.70699977874756
BM,36.06,-118.39,1905,8,7.18200016021729
BM,36.06,-118.39,1905,9,3.61800003051758
BM,36.06,-118.39,1905,10,-1.75999999046326
BM,36.06,-118.39,1905,11,-4.85099983215332
BM,36.06,-118.39,1905,12,-8.23299980163574
BM,36.06,-118.39,1908,1,-6.64900016784668
BM,36.06,-118.39,1908,2,-9.24899959564209
BM,36.06,-118.39,1908,3,-7.04199981689453
BM,36.06,-118.39,1908,4,-4.12900018692017
BM,36.06,-118.39,1908,5,-4.14200019836426
BM,36.06,-118.39,1908,6,2.95000004768372
BM,36.06,-118.39,1908,7,11.8920001983643
BM,36.06,-118.39,1908,8,10.1859998703003
BM,36.06,-118.39,1908,9,7.81300020217896
BM,36.06,-118.39,1908,10,0.214000001549721
BM,36.06,-118.39,1908,11,-3.22499990463257
BM,36.06,-118.39,1908,12,-7.7020001411438
BM,36.06,-118.39,1909,1,-4.92199993133545
BM,36.06,-118.39,1909,2,-8.21199989318848
BM,36.06,-118.39,1909,3,-6.79199981689453
BM,36.06,-118.39,1909,4,-3.89599990844727
BM,36.06,-118.39,1909,5,-2.86400008201599
BM,36.06,-118.39,1909,6,3.45600008964539
BM,36.06,-118.39,1909,7,8.3100004196167
BM,36.06,-118.39,1909,8,10.1759996414185
BM,36.06,-118.39,1909,9,6.46299982070923
BM,36.06,-118.39,1909,10,-0.524999976158142
BM,36.06,-118.39,1909,11,-1.95500004291534
BM,36.06,-118.39,1909,12,-6.55299997329712
BM,36.06,-118.39,1911,1,-5.94199991226196
BM,36.06,-118.39,1911,2,-9.17599964141846
BM,36.06,-118.39,1911,3,-3.3989999294281
BM,36.06,-118.39,1911,4,-3.74399995803833
BM,36.06,-118.39,1911,5,-1.39699995517731
BM,36.06,-118.39,1911,6,4.70800018310547
BM,36.06,-118.39,1911,7,8.10099983215332
BM,36.06,-118.39,1911,8,7.68200016021729
BM,36.06,-118.39,1911,9,3.38599991798401
BM,36.06,-118.39,1911,10,-0.879999995231628
BM,36.06,-118.39,1911,11,-2.36500000953674
BM,36.06,-118.39,1911,12,-7.09000015258789
BM,36.06,-118.39,1912,1,-4.75799989700317
BM,36.06,-118.39,1912,2,-8.0019998550415
BM,36.06,-118.39,1912,3,-7.17000007629395
BM,36.06,-118.39,1912,4,-5.80900001525879
BM,36.06,-118.39,1912,5,-1.35399997234344
BM,36.06,-118.39,1912,6,4.34600019454956
BM,36.06,-118.39,1912,7,6.18200016021729
BM,36.06,-118.39,1912,8,6.19000005722046
BM,36.06,-118.39,1912,9,4.25400018692017
BM,36.06,-118.39,1912,10,0.474999994039536
BM,36.06,-118.39,1912,11,-0.479000002145767
BM,36.06,-118.39,1912,12,-6.19899988174438
BM,36.06,-118.39,1913,1,-7.66099977493286
BM,36.06,-118.39,1913,2,-6.6269998550415
BM,36.06,-118.39,1913,3,-6.82299995422363
BM,36.06,-118.39,1913,4,-3.77099990844727
BM,36.06,-118.39,1913,5,-0.446999996900558
BM,36.06,-118.39,1913,6,3.3289999961853
BM,36.06,-118.39,1913,7,7.20900011062622
BM,36.06,-118.39,1913,8,8.63399982452393
BM,36.06,-118.39,1913,9,6.34499979019165
BM,36.06,-118.39,1913,10,0.14300000667572
BM,36.06,-118.39,1913,11,-1.85800004005432
BM,36.06,-118.39,1913,12,-5.66800022125244
BM,36.06,-118.39,1914,1,-4.35099983215332
BM,36.06,-118.39,1914,2,-6.88899993896484
BM,36.06,-118.39,1914,3,-4.36299991607666
BM,36.06,-118.39,1914,4,-3.75799989700317
BM,36.06,-118.39,1914,5,-0.180000007152557
BM,36.06,-118.39,1914,6,3.81800007820129
BM,36.06,-118.39,1914,7,7.42999982833862
BM,36.06,-118.39,1914,8,9.30599975585938
BM,36.06,-118.39,1914,9,4.96199989318848
BM,36.06,-118.39,1914,10,2.01799988746643
BM,36.06,-118.39,1914,11,-3.16799998283386
BM,36.06,-118.39,1914,12,-7.09700012207031
BM,36.06,-118.39,1916,1,-13.8159999847412
BM,36.06,-118.39,1916,2,-5.85099983215332
BM,36.06,-118.39,1916,3,-4.48099994659424
BM,36.06,-118.39,1916,4,-3.90199995040894
BM,36.06,-118.39,1916,5,-1.33599996566772
BM,36.06,-118.39,1916,6,2.64499998092651
BM,36.06,-118.39,1916,7,7.28700017929077
BM,36.06,-118.39,1916,8,9.83100032806396
BM,36.06,-118.39,1916,9,6.30900001525879
BM,36.06,-118.39,1916,10,-1.12100005149841
BM,36.06,-118.39,1916,11,-4.95699977874756
BM,36.06,-118.39,1916,12,-7.71999979019165
BM,36.06,-118.39,1917,1,-8.77400016784668
BM,36.06,-118.39,1917,2,-6.86899995803833
BM,36.06,-118.39,1917,3,-9.13300037384033
BM,36.06,-118.39,1917,4,-6.30000019073486
BM,36.06,-118.39,1917,5,-3.45499992370605
BM,36.06,-118.39,1917,6,4.10200023651123
BM,36.06,-118.39,1917,7,8.32100009918213
BM,36.06,-118.39,1917,8,7.49900007247925
BM,36.06,-118.39,1917,9,5.89599990844727
BM,36.06,-118.39,1917,10,2.99499988555908
BM,36.06,-118.39,1917,11,-2.68799996376038
BM,36.06,-118.39,1917,12,-2.56900000572205
BM,36.06,-118.39,1918,1,-8.78299999237061
BM,36.06,-118.39,1918,2,-6.58099985122681
BM,36.06,-118.39,1918,3,-4.65899991989136
BM,36.06,-118.39,1918,4,-3.06800007820129
BM,36.06,-118.39,1918,5,-1.70899999141693
BM,36.06,-118.39,1918,6,8.20899963378906
BM,36.06,-118.39,1918,7,7.70800018310547
BM,36.06,-118.39,1918,8,7.68300008773804
BM,36.06,-118.39,1918,9,5.60599994659424
BM,36.06,-118.39,1918,10,1.87199997901917
BM,36.06,-118.39,1918,11,-2.33100008964539
BM,36.06,-118.39,1918,12,-6.41800022125244
BM,36.06,-118.39,1919,1,-7.56300020217896
BM,36.06,-118.39,1919,2,-10.6370000839233
BM,36.06,-118.39,1919,3,-7.9850001335144
BM,36.06,-118.39,1919,4,-3.78999996185303
BM,36.06,-118.39,1919,5,1
BM,36.06,-118.39,1919,6,6.45100021362305
BM,36.06,-118.39,1919,7,9.625
BM,36.06,-118.39,1919,8,9.2480001449585
BM,36.06,-118.39,1919,9,4.93900012969971
BM,36.06,-118.39,1919,10,-1.51499998569489
BM,36.06,-118.39,1919,11,-5.12099981307983
BM,36.06,-118.39,1919,12,-4.75699996948242
BM,36.06,-118.39,1920,1,-6.85799980163574
BM,36.06,-118.39,1920,2,-6.60799980163574
BM,36.06,-118.39,1920,3,-7.44999980926514
BM,36.06,-118.39,1920,4,-3.9300000667572
BM,36.06,-118.39,1920,5,-1.18400001525879
BM,36.06,-118.39,1920,6,3.73799991607666
BM,36.06,-118.39,1920,7,9.11100006103516
BM,36.06,-118.39,1920,8,9.17800045013428
BM,36.06,-118.39,1920,9,5.53499984741211
BM,36.06,-118.39,1920,10,-0.587999999523163
BM,36.06,-118.39,1920,11,-2.04999995231628
BM,36.06,-118.39,1920,12,-5.23099994659424
BM,36.06,-118.39,1921,1,-9.25800037384033
BM,36.06,-118.39,1921,2,-7.99900007247925
BM,36.06,-118.39,1921,3,-3.40000009536743
BM,36.06,-118.39,1921,4,-4.7979998588562
BM,36.06,-118.39,1921,5,0.32600000500679
BM,36.06,-118.39,1921,6,7.06799983978271
BM,36.06,-118.39,1921,7,8.5939998626709
BM,36.06,-118.39,1921,8,10.4589996337891
BM,36.06,-118.39,1921,9,3.12800002098083
BM,36.06,-118.39,1921,10,4.71700000762939
BM,36.06,-118.39,1921,11,-1.99899995326996
BM,36.06,-118.39,1921,12,-4.04500007629395
BM,36.06,-118.39,1923,1,-7.71600008010864
BM,36.06,-118.39,1923,2,-9.91499996185303
BM,36.06,-118.39,1923,3,-6.97100019454956
BM,36.06,-118.39,1923,4,-5.43300008773804
BM,36.06,-118.39,1923,5,0.700999975204468
BM,36.06,-118.39,1923,6,2.9539999961853
BM,36.06,-118.39,1923,7,6.00099992752075
BM,36.06,-118.39,1923,8,11.3669996261597
BM,36.06,-118.39,1923,9,6.80299997329712
BM,36.06,-118.39,1923,10,-1.91199994087219
BM,36.06,-118.39,1923,11,-3.54800009727478
BM,36.06,-118.39,1923,12,-7.21700000762939
BM,36.06,-118.39,1924,1,-8.20899963378906
BM,36.06,-118.39,1924,2,-5.56899976730347
BM,36.06,-118.39,1924,3,-8.83500003814697
BM,36.06,-118.39,1924,4,-4.91200017929077
BM,36.06,-118.39,1924,5,1.52799999713898
BM,36.06,-118.39,1924,6,4.86999988555908
BM,36.06,-118.39,1924,7,7.59700012207031
BM,36.06,-118.39,1924,8,7.70599985122681
BM,36.06,-118.39,1924,9,5.76599979400635
BM,36.06,-118.39,1924,10,-1.91999995708466
BM,36.06,-118.39,1924,11,-3.00200009346008
BM,36.06,-118.39,1924,12,-7.05100011825562
BM,36.06,-118.39,1925,1,-7.7039999961853
BM,36.06,-118.39,1925,2,-6.84700012207031
BM,36.06,-118.39,1925,3,-6.53700017929077
BM,36.06,-118.39,1925,4,-5.11700010299683
BM,36.06,-118.39,1925,5,-0.908999979496002
BM,36.06,-118.39,1925,6,3.45799994468689
BM,36.06,-118.39,1925,7,7.9520001411438
BM,36.06,-118.39,1925,8,5.91699981689453
BM,36.06,-118.39,1925,9,3.63299989700317
BM,36.06,-118.39,1925,10,-1.4650000333786
BM,36.06,-118.39,1925,11,-1.60199999809265
BM,36.06,-118.39,1925,12,-3.76799988746643
BM,36.06,-118.39,1926,1,-6.67899990081787
BM,36.06,-118.39,1926,2,-5.26399993896484
BM,36.06,-118.39,1926,3,-4.86100006103516
BM,36.06,-118.39,1926,4,-1.79900002479553
BM,36.06,-118.39,1926,5,1.53400003910065
BM,36.06,-118.39,1926,6,9.50399971008301
BM,36.06,-118.39,1926,7,9.20400047302246
BM,36.06,-118.39,1926,8,9.43900012969971
BM,36.06,-118.39,1926,9,2.54399991035461
BM,36.06,-118.39,1926,10,0.795000016689301
BM,36.06,-118.39,1926,11,-1.43299996852875
BM,36.06,-118.39,1926,12,-7.68100023269653
BM,36.06,-118.39,1929,1,-9.49400043487549
BM,36.06,-118.39,1929,2,-11.5539999008179
BM,36.06,-118.39,1929,3,-8.43200016021729
BM,36.06,-118.39,1929,4,-6.9850001335144
BM,36.06,-118.39,1929,5,-1.23099994659424
BM,36.06,-118.39,1929,6,2.44000005722046
BM,36.06,-118.39,1929,7,7.84499979019165
BM,36.06,-118.39,1929,8,9.6269998550415
BM,36.06,-118.39,1929,9,4.85400009155273
BM,36.06,-118.39,1929,10,1.28999996185303
BM,36.06,-118.39,1929,11,-3.59400010108948
BM,36.06,-118.39,1929,12,-3.03099989891052
BM,36.06,-118.39,1930,1,-9.92899990081787
BM,36.06,-118.39,1930,2,-6.71099996566772
BM,36.06,-118.39,1930,3,-6.30100011825562
BM,36.06,-118.39,1930,4,-3.65100002288818
BM,36.06,-118.39,1930,5,-3.68700003623962
BM,36.06,-118.39,1930,6,4.21000003814697
BM,36.06,-118.39,1930,7,7.5939998626709
BM,36.06,-118.39,1930,8,7.92999982833862
BM,36.06,-118.39,1930,9,2.61199998855591
BM,36.06,-118.39,1930,10,-0.717999994754791
BM,36.06,-118.39,1930,11,-3.27600002288818
BM,36.06,-118.39,1930,12,-6.38100004196167
BM,36.06,-118.39,1932,1,-11.91100025177
BM,36.06,-118.39,1932,2,-10.0740003585815
BM,36.06,-118.39,1932,3,-6.58500003814697
BM,36.06,-118.39,1932,4,-5.66400003433228
BM,36.06,-118.39,1932,5,-2.02900004386902
BM,36.06,-118.39,1932,6,3.65700006484985
BM,36.06,-118.39,1932,7,7.57399988174438
BM,36.06,-118.39,1932,8,7.77899980545044
BM,36.06,-118.39,1932,9,7.02500009536743
BM,36.06,-118.39,1932,10,0.228000000119209
BM,36.06,-118.39,1932,11,-0.531000018119812
BM,36.06,-118.39,1932,12,-9.68599987030029
BM,36.06,-118.39,1934,1,-6.75699996948242
BM,36.06,-118.39,1934,2,-6.40500020980835
BM,36.06,-118.39,1934,3,-2.96300005912781
BM,36.06,-118.39,1934,4,-1.50100004673004
BM,36.06,-118.39,1934,5,1.37899994850159
BM,36.06,-118.39,1934,6,2.60899996757507
BM,36.06,-118.39,1934,7,8.21700000762939
BM,36.06,-118.39,1934,8,9.52799987792969
BM,36.06,-118.39,1934,9,6.22900009155273
BM,36.06,-118.39,1934,10,0.973999977111816
BM,36.06,-118.39,1934,11,-2.83999991416931
BM,36.06,-118.39,1934,12,-5.4539999961853
BM,36.06,-118.39,1935,1,-8.76399993896484
BM,36.06,-118.39,1935,2,-7.59700012207031
BM,36.06,-118.39,1935,3,-9.51200008392334
BM,36.06,-118.39,1935,4,-4.18300008773804
BM,36.06,-118.39,1935,5,-1.36600005626678
BM,36.06,-118.39,1935,6,5.07299995422363
BM,36.06,-118.39,1935,7,6.03299999237061
BM,36.06,-118.39,1935,8,8.1870002746582
BM,36.06,-118.39,1935,9,5.90899991989136
BM,36.06,-118.39,1935,10,-1.34399998188019
BM,36.06,-118.39,1935,11,-4.97300004959106
BM,36.06,-118.39,1935,12,-5.5019998550415
BM,36.06,-118.39,1937,1,-15.4879999160767
BM,36.06,-118.39,1937,2,-9.58399963378906
BM,36.06,-118.39,1937,3,-8.10099983215332
BM,36.06,-118.39,1937,4,-5.63299989700317
BM,36.06,-118.39,1937,5,-0.421999990940094
BM,36.06,-118.39,1937,6,3.67300009727478
BM,36.06,-118.39,1937,7,8.88300037384033
BM,36.06,-118.39,1937,8,9.52099990844727
BM,36.06,-118.39,1937,9,6.92999982833862
BM,36.06,-118.39,1937,10,0.981000006198883
BM,36.06,-118.39,1937,11,-2.64499998092651
BM,36.06,-118.39,1937,12,-4.27400016784668
BM,36.06,-118.39,1938,1,-6.61999988555908
BM,36.06,-118.39,1938,2,-9.64200019836426
BM,36.06,-118.39,1938,3,-9.40900039672852
BM,36.06,-118.39,1938,4,-5.19500017166138
BM,36.06,-118.39,1938,5,-2.0699999332428
BM,36.06,-118.39,1938,6,4.48699998855591
BM,36.06,-118.39,1938,7,8.01599979400635
BM,36.06,-118.39,1938,8,9.1230001449585
BM,36.06,-118.39,1938,9,6.65999984741211
BM,36.06,-118.39,1938,10,-1.21700000762939
BM,36.06,-118.39,1938,11,-4.29699993133545
BM,36.06,-118.39,1938,12,-4.14200019836426
BM,36.06,-118.39,1939,1,-7.5789999961853
BM,36.06,-118.39,1939,2,-12.5220003128052
BM,36.06,-118.39,1939,3,-6.90700006484985
BM,36.06,-118.39,1939,4,-2.23399996757507
BM,36.06,-118.39,1939,5,2.02699995040894
BM,36.06,-118.39,1939,6,3.47399997711182
BM,36.06,-118.39,1939,7,8.29199981689453
BM,36.06,-118.39,1939,8,9.50899982452393
BM,36.06,-118.39,1939,9,5.44700002670288
BM,36.06,-118.39,1939,10,-0.598999977111816
BM,36.06,-118.39,1939,11,-1.39800000190735
BM,36.06,-118.39,1939,12,-3.35199999809265
BM,36.06,-118.39,1941,1,-7.15199995040894
BM,36.06,-118.39,1941,2,-6.74900007247925
BM,36.06,-118.39,1941,3,-6.88800001144409
BM,36.06,-118.39,1941,4,-6.86499977111816
BM,36.06,-118.39,1941,5,-1.12600004673004
BM,36.06,-118.39,1941,6,2.12599992752075
BM,36.06,-118.39,1941,7,9.98600006103516
BM,36.06,-118.39,1941,8,10.5069999694824
BM,36.06,-118.39,1941,9,2.67700004577637
BM,36.06,-118.39,1941,10,-1.98000001907349
BM,36.06,-118.39,1941,11,-2.67600011825562
BM,36.06,-118.39,1941,12,-7.18100023269653
BM,36.06,-118.39,1942,1,-7.7960000038147
BM,36.06,-118.39,1942,2,-11.289999961853
BM,36.06,-118.39,1942,3,-8.4980001449585
BM,36.06,-118.39,1942,4,-5.38100004196167
BM,36.06,-118.39,1942,5,-3.57200002670288
BM,36.06,-118.39,1942,6,2.69099998474121
BM,36.06,-118.39,1942,7,8.77700042724609
BM,36.06,-118.39,1942,8,7.78599977493286
BM,36.06,-118.39,1942,9,3.47300004959106
BM,36.06,-118.39,1942,10,2.34899997711182
BM,36.06,-118.39,1942,11,-3.45199990272522
BM,36.06,-118.39,1942,12,-5.43599987030029
BM,36.06,-118.39,1943,1,-6.98400020599365
BM,36.06,-118.39,1943,2,-7.75899982452393
BM,36.06,-118.39,1943,3,-5.67899990081787
BM,36.06,-118.39,1943,4,-3.27600002288818
BM,36.06,-118.39,1943,5,-0.425999999046326
BM,36.06,-118.39,1943,6,0.839999973773956
BM,36.06,-118.39,1943,7,6.94399976730347
BM,36.06,-118.39,1943,8,5.20699977874756
BM,36.06,-118.39,1943,9,6.02299976348877
BM,36.06,-118.39,1943,10,0.670000016689301
BM,36.06,-118.39,1943,11,-3.01699995994568
BM,36.06,-118.39,1943,12,-5.83500003814697
BM,36.06,-118.39,1944,1,-8.62199974060059
BM,36.06,-118.39,1944,2,-10.9479999542236
BM,36.06,-118.39,1944,3,-8.98700046539307
BM,36.06,-118.39,1944,4,-6.28900003433228
BM,36.06,-118.39,1944,5,-1.53799998760223
BM,36.06,-118.39,1944,6,0.151999995112419
BM,36.06,-118.39,1944,7,5.34899997711182
BM,36.06,-118.39,1944,8,5.73099994659424
BM,36.06,-118.39,1944,9,4.0460000038147
BM,36.06,-118.39,1944,10,-0.772000014781952
BM,36.06,-118.39,1944,11,-5.51900005340576
BM,36.06,-118.39,1944,12,-6.48600006103516
BM,36.06,-118.39,1945,1,-8.60999965667725
BM,36.06,-118.39,1945,2,-8.875
BM,36.06,-118.39,1945,3,-10.3249998092651
BM,36.06,-118.39,1945,4,-6.50899982452393
BM,36.06,-118.39,1945,5,-2.78200006484985
BM,36.06,-118.39,1945,6,2.76399993896484
BM,36.06,-118.39,1945,7,8.31700038909912
BM,36.06,-118.39,1945,8,7.03800010681152
BM,36.06,-118.39,1945,9,4.66800022125244
BM,36.06,-118.39,1945,10,0.876999974250793
BM,36.06,-118.39,1945,11,-5.32200002670288
BM,36.06,-118.39,1945,12,-6.58799982070923
BM,36.06,-118.39,1946,1,-8.6899995803833
BM,36.06,-118.39,1946,2,-10.9659996032715
BM,36.06,-118.39,1946,3,-7.92700004577637
BM,36.06,-118.39,1946,4,-4.27799987792969
BM,36.06,-118.39,1946,5,-1.50100004673004
BM,36.06,-118.39,1946,6,1.91299998760223
BM,36.06,-118.39,1946,7,6.22100019454956
BM,36.06,-118.39,1946,8,10.2309999465942
BM,36.06,-118.39,1946,9,3.09999990463257
BM,36.06,-118.39,1946,10,-3.55200004577637
BM,36.06,-118.39,1946,11,-6.28900003433228
BM,36.06,-118.39,1946,12,-5.35799980163574
BM,36.06,-118.39,1947,1,-9.79300022125244
BM,36.06,-118.39,1947,2,-6.83799982070923
BM,36.06,-118.39,1947,3,-5.39900016784668
BM,36.06,-118.39,1947,4,-4.10300016403198
BM,36.06,-118.39,1947,5,0.703999996185303
BM,36.06,-118.39,1947,6,1.57500004768372
BM,36.06,-118.39,1947,7,4.03599977493286
BM,36.06,-118.39,1947,8,4.55800008773804
BM,36.06,-118.39,1947,9,4.99100017547607
BM,36.06,-118.39,1947,10,-0.229000002145767
BM,36.06,-118.39,1947,11,-6.36899995803833
BM,36.06,-118.39,1947,12,-8.75599956512451
BM,36.06,-118.39,1948,1,-5.39499998092651
BM,36.06,-118.39,1948,2,-10.7849998474121
BM,36.06,-118.39,1948,3,-9.6899995803833
BM,36.06,-118.39,1948,4,-5.81699991226196
BM,36.06,-118.39,1948,5,-2.7739999294281
BM,36.06,-118.39,1948,6,2.68099999427795
BM,36.06,-118.39,1948,7,6.13100004196167
BM,36.06,-118.39,1948,8,6.80499982833862
BM,36.06,-118.39,1948,9,4.7810001373291
BM,36.06,-118.39,1948,10,0.0430000014603138
BM,36.06,-118.39,1948,11,-3.92799997329712
BM,36.06,-118.39,1948,12,-8.96100044250488
BM,36.06,-118.39,1949,1,-14.6569995880127
BM,36.06,-118.39,1949,2,-11.9879999160767
BM,36.06,-118.39,1949,3,-9.83500003814697
BM,36.06,-118.39,1949,4,-3.26099991798401
BM,36.06,-118.39,1949,5,-1.37899994850159
BM,36.06,-118.39,1949,6,3.86400008201599
BM,36.06,-118.39,1949,7,6.97300004959106
BM,36.06,-118.39,1949,8,5.81599998474121
BM,36.06,-118.39,1949,9,4.98799991607666
BM,36.06,-118.39,1949,10,-0.861000001430511
BM,36.06,-118.39,1949,11,-0.0379999987781048
BM,36.06,-118.39,1949,12,-7.90299987792969
BM,36.06,-118.39,1950,1,-11.2709999084473
BM,36.06,-118.39,1950,2,-6.75899982452393
BM,36.06,-118.39,1950,3,-6.75600004196167
BM,36.06,-118.39,1950,4,-3.56699991226196
BM,36.06,-118.39,1950,5,-1.05299997329712
BM,36.06,-118.39,1950,6,2.22199988365173
BM,36.06,-118.39,1950,7,8.15799999237061
BM,36.06,-118.39,1950,8,7.19899988174438
BM,36.06,-118.39,1950,9,3.8050000667572
BM,36.06,-118.39,1950,10,1.41799998283386
BM,36.06,-118.39,1950,11,-0.638000011444092
BM,36.06,-118.39,1950,12,-2.56900000572205
BM,36.06,-118.39,1951,1,-7.76900005340576
BM,36.06,-118.39,1951,2,-8.69600009918213
BM,36.06,-118.39,1951,3,-7.27699995040894
BM,36.06,-118.39,1951,4,-3.92400002479553
BM,36.06,-118.39,1951,5,-0.967000007629395
BM,36.06,-118.39,1951,6,3.28600001335144
BM,36.06,-118.39,1951,7,7.4229998588562
BM,36.06,-118.39,1951,8,6.52500009536743
BM,36.06,-118.39,1951,9,5.83699989318848
BM,36.06,-118.39,1951,10,-0.794000029563904
BM,36.06,-118.39,1951,11,-3.73499989509583
BM,36.06,-118.39,1951,12,-8.88099956512451
BM,36.06,-118.39,1952,1,-10.996000289917
BM,36.06,-118.39,1952,2,-9.92899990081787
BM,36.06,-118.39,1952,3,-11.1490001678467
BM,36.06,-118.39,1952,4,-4.99100017547607
BM,36.06,-118.39,1952,5,-1.09700000286102
BM,36.06,-118.39,1952,6,0.980000019073486
BM,36.06,-118.39,1952,7,7.81300020217896
BM,36.06,-118.39,1952,8,7.38700008392334
BM,36.06,-118.39,1952,9,4.9229998588562
BM,36.06,-118.39,1952,10,3.96499991416931
BM,36.06,-118.39,1952,11,-5.7960000038147
BM,36.06,-118.39,1952,12,-7.70699977874756
BM,36.06,-118.39,1953,1,-5.01999998092651
BM,36.06,-118.39,1953,2,-7.85500001907349
BM,36.06,-118.39,1953,3,-7.53200006484985
BM,36.06,-118.39,1953,4,-5.34999990463257
BM,36.06,-118.39,1953,5,-4.67799997329712
BM,36.06,-118.39,1953,6,1.64499998092651
BM,36.06,-118.39,1953,7,9.00599956512451
BM,36.06,-118.39,1953,8,6.28499984741211
BM,36.06,-118.39,1953,9,6.34100008010864
BM,36.06,-118.39,1953,10,-0.296999990940094
BM,36.06,-118.39,1953,11,-2.66899991035461
BM,36.06,-118.39,1953,12,-5.41300010681152
BM,36.06,-118.39,1954,1,-7.23199987411499
BM,36.06,-118.39,1954,2,-4.82000017166138
BM,36.06,-118.39,1954,3,-8.94200038909912
BM,36.06,-118.39,1954,4,-2.46799993515015
BM,36.06,-118.39,1954,5,1.61000001430511
BM,36.06,-118.39,1954,6,2.70099997520447
BM,36.06,-118.39,1954,7,8.68599987030029
BM,36.06,-118.39,1954,8,5.62400007247925
BM,36.06,-118.39,1954,9,4.34000015258789
BM,36.06,-118.39,1954,10,0.777999997138977
BM,36.06,-118.39,1954,11,-1.63399994373322
BM,36.06,-118.39,1954,12,-6.22300004959106
BM,36.06,-118.39,1956,1,-6.37599992752075
BM,36.06,-118.39,1956,2,-10.331000328064
BM,36.06,-118.39,1956,3,-6.42399978637695
BM,36.06,-118.39,1956,4,-5.46099996566772
BM,36.06,-118.39,1956,5,-0.474999994039536
BM,36.06,-118.39,1956,6,3.91400003433228
BM,36.06,-118.39,1956,7,7.01300001144409
BM,36.06,-118.39,1956,8,5.89599990844727
BM,36.06,-118.39,1956,9,5.94999980926514
BM,36.06,-118.39,1956,10,-1.10699999332428
BM,36.06,-118.39,1956,11,-2.74200010299683
BM,36.06,-118.39,1956,12,-4.94600009918213
BM,36.06,-118.39,1957,1,-11.1169996261597
BM,36.06,-118.39,1957,2,-5.79699993133545
BM,36.06,-118.39,1957,3,-6.74599981307983
BM,36.06,-118.39,1957,4,-4.73899984359741
BM,36.06,-118.39,1957,5,-2.23799991607666
BM,36.06,-118.39,1957,6,4.67199993133545
BM,36.06,-118.39,1957,7,6.84000015258789
BM,36.06,-118.39,1957,8,6.09100008010864
BM,36.06,-118.39,1957,9,4.38000011444092
BM,36.06,-118.39,1957,10,-1.85599994659424
BM,36.06,-118.39,1957,11,-5.24499988555908
BM,36.06,-118.39,1957,12,-5.08199977874756
BM,36.06,-118.39,1958,1,-7.22700023651123
BM,36.06,-118.39,1958,2,-7.09700012207031
BM,36.06,-118.39,1958,3,-10.2810001373291
BM,36.06,-118.39,1958,4,-6.11100006103516
BM,36.06,-118.39,1958,5,-0.814999997615814
BM,36.06,-118.39,1958,6,2.22199988365173
BM,36.06,-118.39,1958,7,6.24700021743774
BM,36.06,-118.39,1958,8,8.97299957275391
BM,36.06,-118.39,1958,9,4.83300018310547
BM,36.06,-118.39,1958,10,2.33899998664856
BM,36.06,-118.39,1958,11,-3.48399996757507
BM,36.06,-118.39,1958,12,-1.99899995326996
BM,36.06,-118.39,1959,1,-5.69299983978271
BM,36.06,-118.39,1959,2,-10.1400003433228
BM,36.06,-118.39,1959,3,-5.5019998550415
BM,36.06,-118.39,1959,4,-2.1710000038147
BM,36.06,-118.39,1959,5,-2.86100006103516
BM,36.06,-118.39,1959,6,4.57600021362305
BM,36.06,-118.39,1959,7,9.01399993896484
BM,36.06,-118.39,1959,8,6.77600002288818
BM,36.06,-118.39,1959,9,3.46099996566772
BM,36.06,-118.39,1959,10,1.82400000095367
BM,36.06,-118.39,1959,11,-1.63399994373322
BM,36.06,-118.39,1959,12,-4.67600011825562
BM,36.06,-118.39,1960,1,-10.8109998703003
BM,36.06,-118.39,1960,2,-9.31700038909912
BM,36.06,-118.39,1960,3,-4.92500019073486
BM,36.06,-118.39,1960,4,-4.30600023269653
BM,36.06,-118.39,1960,5,-1.60000002384186
BM,36.06,-118.39,1960,6,5.85099983215332
BM,36.06,-118.39,1960,7,8.55900001525879
BM,36.06,-118.39,1960,8,7.22399997711182
BM,36.06,-118.39,1960,9,6.02500009536743
BM,36.06,-118.39,1960,10,0.0370000004768372
BM,36.06,-118.39,1960,11,-5.08500003814697
BM,36.06,-118.39,1960,12,-6.40100002288818
BM,36.06,-118.39,1961,1,-5.52400016784668
BM,36.06,-118.39,1961,2,-6.40299987792969
BM,36.06,-118.39,1961,3,-7.52899980545044
BM,36.06,-118.39,1961,4,-4.0479998588562
BM,36.06,-118.39,1961,5,-2.17199993133545
BM,36.06,-118.39,1961,6,5.82800006866455
BM,36.06,-118.39,1961,7,9.00800037384033
BM,36.06,-118.39,1961,8,8.41600036621094
BM,36.06,-118.39,1961,9,3.79500007629395
BM,36.06,-118.39,1961,10,0.778999984264374
BM,36.06,-118.39,1961,11,-4.32299995422363
BM,36.06,-118.39,1961,12,-7.09200000762939
BM,36.06,-118.39,1963,1,-6.47900009155273
BM,36.06,-118.39,1963,2,-3.28500008583069
BM,36.06,-118.39,1963,3,-8.13199996948242
BM,36.06,-118.39,1963,4,-7.4520001411438
BM,36.06,-118.39,1963,5,0.234999999403954
BM,36.06,-118.39,1963,6,2.0090000629425
BM,36.06,-118.39,1963,7,6.01300001144409
BM,36.06,-118.39,1963,8,5.89900016784668
BM,36.06,-118.39,1963,9,5.28700017929077
BM,36.06,-118.39,1963,10,1.16299998760223
BM,36.06,-118.39,1963,11,-3.29099988937378
BM,36.06,-118.39,1963,12,-4.74399995803833
BM,36.06,-118.39,1964,1,-8.02400016784668
BM,36.06,-118.39,1964,2,-8.13199996948242
BM,36.06,-118.39,1964,3,-9.38599967956543
BM,36.06,-118.39,1964,4,-6.04500007629395
BM,36.06,-118.39,1964,5,-2.55399990081787
BM,36.06,-118.39,1964,6,2.63800001144409
BM,36.06,-118.39,1964,7,7.11399984359741
BM,36.06,-118.39,1964,8,8.06099987030029
BM,36.06,-118.39,1964,9,4.23600006103516
BM,36.06,-118.39,1964,10,3.96399998664856
BM,36.06,-118.39,1964,11,-5.59899997711182
BM,36.06,-118.39,1964,12,-5.66099977493286
BM,36.06,-118.39,1965,1,-6.40500020980835
BM,36.06,-118.39,1965,2,-6.39799976348877
BM,36.06,-118.39,1965,3,-6.75500011444092
BM,36.06,-118.39,1965,4,-5.12200021743774
BM,36.06,-118.39,1965,5,-2.12400007247925
BM,36.06,-118.39,1965,6,1.46700000762939
BM,36.06,-118.39,1965,7,6.9520001411438
BM,36.06,-118.39,1965,8,7.48400020599365
BM,36.06,-118.39,1965,9,2.27999997138977
BM,36.06,-118.39,1965,10,3.48000001907349
BM,36.06,-118.39,1965,11,-2.28800010681152
BM,36.06,-118.39,1965,12,-6.96099996566772
BM,36.06,-118.39,1968,1,-6.89900016784668
BM,36.06,-118.39,1968,2,-4.83400011062622
BM,36.06,-118.39,1968,3,-6.36700010299683
BM,36.06,-118.39,1968,4,-4.15399980545044
BM,36.06,-118.39,1968,5,-0.694999992847443
BM,36.06,-118.39,1968,6,5.53299999237061
BM,36.06,-118.39,1968,7,8.90200042724609
BM,36.06,-118.39,1968,8,5.71299982070923
BM,36.06,-118.39,1968,9,5.84000015258789
BM,36.06,-118.39,1968,10,1.58299994468689
BM,36.06,-118.39,1968,11,-2.67700004577637
BM,36.06,-118.39,1968,12,-7.64900016784668
BM,36.06,-118.39,1969,1,-5.86299991607666
BM,36.06,-118.39,1969,2,-10.0950002670288
BM,36.06,-118.39,1969,3,-8.53600025177002
BM,36.06,-118.39,1969,4,-4.05299997329712
BM,36.06,-118.39,1969,5,0.753000020980835
BM,36.06,-118.39,1969,6,3.12700009346008
BM,36.06,-118.39,1969,7,8.3769998550415
BM,36.06,-118.39,1969,8,9.47799968719482
BM,36.06,-118.39,1969,9,6.73299980163574
BM,36.06,-118.39,1969,10,-1.29700005054474
BM,36.06,-118.39,1969,11,-1.83599996566772
BM,36.06,-118.39,1969,12,-4.64599990844727
BM,36.06,-118.39,1970,1,-6.13199996948242
BM,36.06,-118.39,1970,2,-5.51399993896484
BM,36.06,-118.39,1970,3,-6.23999977111816
BM,36.06,-118.39,1970,4,-6.96000003814697
BM,36.06,-118.39,1970,5,0.474000006914139
BM,36.06,-118.39,1970,6,4.75600004196167
BM,36.06,-118.39,1970,7,9.2209997177124
BM,36.06,-118.39,1970,8,9.52400016784668
BM,36.06,-118.39,1970,9,4.82800006866455
BM,36.06,-118.39,1970,10,0.813000023365021
BM,36.06,-118.39,1970,11,-2.28999996185303
BM,36.06,-118.39,1970,12,-7.96000003814697
BM,36.06,-118.39,1971,1,-7.08900022506714
BM,36.06,-118.39,1971,2,-6.50500011444092
BM,36.06,-118.39,1971,3,-5.5
BM,36.06,-118.39,1971,4,-5.05399990081787
BM,36.06,-118.39,1971,5,-2.31200003623962
BM,36.06,-118.39,1971,6,3.89299988746643
BM,36.06,-118.39,1971,7,8.91199970245361
BM,36.06,-118.39,1971,8,9.96399974822998
BM,36.06,-118.39,1971,9,5.81899976730347
BM,36.06,-118.39,1971,10,-1.79700005054474
BM,36.06,-118.39,1971,11,-4.35500001907349
BM,36.06,-118.39,1971,12,-9.86299991607666
BM,36.06,-118.39,1972,1,-6.74700021743774
BM,36.06,-118.39,1972,2,-6.59899997711182
BM,36.06,-118.39,1972,3,-2.54099988937378
BM,36.06,-118.39,1972,4,-3.91899991035461
BM,36.06,-118.39,1972,5,0.382999986410141
BM,36.06,-118.39,1972,6,5.36700010299683
BM,36.06,-118.39,1972,7,9.42800045013428
BM,36.06,-118.39,1972,8,8.16499996185303
BM,36.06,-118.39,1972,9,4.33400011062622
BM,36.06,-118.39,1972,10,-1.57000005245209
BM,36.06,-118.39,1972,11,-5.55700016021729
BM,36.06,-118.39,1972,12,-8.92599964141846
BM,36.06,-118.39,1973,1,-9.01599979400635
BM,36.06,-118.39,1973,2,-7.89400005340576
BM,36.06,-118.39,1973,3,-9.74699974060059
BM,36.06,-118.39,1973,4,-4.75699996948242
BM,36.06,-118.39,1973,5,1.00800001621246
BM,36.06,-118.39,1973,6,5.5149998664856
BM,36.06,-118.39,1973,7,7.99100017547607
BM,36.06,-118.39,1973,8,8.14299964904785
BM,36.06,-118.39,1973,9,5.53800010681152
BM,36.06,-118.39,1973,10,1.29900002479553
BM,36.06,-118.39,1973,11,-4.51900005340576
BM,36.06,-118.39,1973,12,-4.12900018692017
BM,36.06,-118.39,1974,1,-7.70100021362305
BM,36.06,-118.39,1974,2,-7.09200000762939
BM,36.06,-118.39,1974,3,-5.44399976730347
BM,36.06,-118.39,1974,4,-5.13000011444092
BM,36.06,-118.39,1974,5,0.337999999523163
BM,36.06,-118.39,1974,6,6.09000015258789
BM,36.06,-118.39,1974,7,8.02299976348877
BM,36.06,-118.39,1974,8,8.04500007629395
BM,36.06,-118.39,1974,9,8.01399993896484
BM,36.06,-118.39,1974,10,0.947000026702881
BM,36.06,-118.39,1974,11,-2.63100004196167
BM,36.06,-118.39,1974,12,-6.47100019454956
BM,36.06,-118.39,1976,1,-4.43499994277954
BM,36.06,-118.39,1976,2,-6.91300010681152
BM,36.06,-118.39,1976,3,-7.56599998474121
BM,36.06,-118.39,1976,4,-6.13000011444092
BM,36.06,-118.39,1976,5,1.27900004386902
BM,36.06,-118.39,1976,6,3.74900007247925
BM,36.06,-118.39,1976,7,7.58599996566772
BM,36.06,-118.39,1976,8,4.75699996948242
BM,36.06,-118.39,1976,9,4.67500019073486
BM,36.06,-118.39,1976,10,0.980000019073486
BM,36.06,-118.39,1976,11,-0.237000003457069
BM,36.06,-118.39,1976,12,-3.52099990844727
BM,36.06,-118.39,1977,1,-7.08900022506714
BM,36.06,-118.39,1977,2,-4.74700021743774
BM,36.06,-118.39,1977,3,-9.47700023651123
BM,36.06,-118.39,1977,4,-2.74399995803833
BM,36.06,-118.39,1977,5,-4.57800006866455
BM,36.06,-118.39,1977,6,5.69299983978271
BM,36.06,-118.39,1977,7,7.56699991226196
BM,36.06,-118.39,1977,8,8.80000019073486
BM,36.06,-118.39,1977,9,4.39699983596802
BM,36.06,-118.39,1977,10,2.95300006866455
BM,36.06,-118.39,1977,11,-0.717999994754791
BM,36.06,-118.39,1977,12,-2.59899997711182
BM,36.06,-118.39,1978,1,-6.17199993133545
BM,36.06,-118.39,1978,2,-6.7350001335144
BM,36.06,-118.39,1978,3,-3.96499991416931
BM,36.06,-118.39,1978,4,-5.37900018692017
BM,36.06,-118.39,1978,5,-0.517000019550323
BM,36.06,-118.39,1978,6,4.50400018692017
BM,36.06,-118.39,1978,7,8.04300022125244
BM,36.06,-118.39,1978,8,8.36499977111816
BM,36.06,-118.39,1978,9,4.09999990463257
BM,36.06,-118.39,1978,10,3.63599991798401
BM,36.06,-118.39,1978,11,-4.7039999961853
BM,36.06,-118.39,1978,12,-7.19399976730347
BM,36.06,-118.39,1979,1,-9.20100021362305
BM,36.06,-118.39,1979,2,-8.38799953460693
BM,36.06,-118.39,1979,3,-6.71999979019165
BM,36.06,-118.39,1979,4,-4.39699983596802
BM,36.06,-118.39,1979,5,0.614000022411346
BM,36.06,-118.39,1979,6,5.26300001144409
BM,36.06,-118.39,1979,7,7.84600019454956
BM,36.06,-118.39,1979,8,6.6710000038147
BM,36.06,-118.39,1979,9,7.32499980926514
BM,36.06,-118.39,1979,10,1.07200002670288
BM,36.06,-118.39,1979,11,-2.99699997901917
BM,36.06,-118.39,1979,12,-2.49699997901917
BM,36.06,-118.39,1981,1,-4.78999996185303
BM,36.06,-118.39,1981,2,-5.28399991989136
BM,36.06,-118.39,1981,3,-7
BM,36.06,-118.39,1981,4,-2.73000001907349
BM,36.06,-118.39,1981,5,0.316000014543533
BM,36.06,-118.39,1981,6,7.42999982833862
BM,36.06,-118.39,1981,7,8.12199974060059
BM,36.06,-118.39,1981,8,9.43299961090088
BM,36.06,-118.39,1981,9,6.22900009155273
BM,36.06,-118.39,1981,10,-1.7389999628067
BM,36.06,-118.39,1981,11,-1.88499999046326
BM,36.06,-118.39,1981,12,-3.03800010681152
BM,36.06,-118.39,1982,1,-7.11899995803833
BM,36.06,-118.39,1982,2,-5.78000020980835
BM,36.06,-118.39,1982,3,-7.7810001373291
BM,36.06,-118.39,1982,4,-4.73600006103516
BM,36.06,-118.39,1982,5,0.421000003814697
BM,36.06,-118.39,1982,6,3.06299996376038
BM,36.06,-118.39,1982,7,6.89200019836426
BM,36.06,-118.39,1982,8,7.88399982452393
BM,36.06,-118.39,1982,9,4.2960000038147
BM,36.06,-118.39,1982,10,0.13400000333786
BM,36.06,-118.39,1982,11,-3.8989999294281
BM,36.06,-118.39,1982,12,-5.98299980163574
BM,36.06,-118.39,1983,1,-5.45599985122681
BM,36.06,-118.39,1983,2,-6.23099994659424
BM,36.06,-118.39,1983,3,-6.92399978637695
BM,36.06,-118.39,1983,4,-6.69199991226196
BM,36.06,-118.39,1983,5,-0.935999989509583
BM,36.06,-118.39,1983,6,4.25299978256226
BM,36.06,-118.39,1983,7,6.27600002288818
BM,36.06,-118.39,1983,8,7.94299983978271
BM,36.06,-118.39,1983,9,7.47700023651123
BM,36.06,-118.39,1983,10,1.26600003242493
BM,36.06,-118.39,1983,11,-3.33500003814697
BM,36.06,-118.39,1983,12,-4.63100004196167
BM,36.06,-118.39,1984,1,-3.69700002670288
BM,36.06,-118.39,1984,2,-6.06500005722046
BM,36.06,-118.39,1984,3,-3.71099996566772
BM,36.06,-118.39,1984,4,-4.75299978256226
BM,36.06,-118.39,1984,5,3.17300009727478
BM,36.06,-118.39,1984,6,4.61399984359741
BM,36.06,-118.39,1984,7,9.79300022125244
BM,36.06,-118.39,1984,8,9.70199966430664
BM,36.06,-118.39,1984,9,7.67000007629395
BM,36.06,-118.39,1984,10,-1.70299994945526
BM,36.06,-118.39,1984,11,-5.08799982070923
BM,36.06,-118.39,1984,12,-7.26900005340576
BM,36.06,-118.39,1985,1,-6.2649998664856
BM,36.06,-118.39,1985,2,-6.55900001525879
BM,36.06,-118.39,1985,3,-8.16100025177002
BM,36.06,-118.39,1985,4,-1.51199996471405
BM,36.06,-118.39,1985,5,0.287999987602234
BM,36.06,-118.39,1985,6,6.76399993896484
BM,36.06,-118.39,1985,7,9.96399974822998
BM,36.06,-118.39,1985,8,8.54199981689453
BM,36.06,-118.39,1985,9,3.10700011253357
BM,36.06,-118.39,1985,10,0.727999985218048
BM,36.06,-118.39,1985,11,-4.26200008392334
BM,36.06,-118.39,1985,12,-3.39299988746643
BM,36.06,-118.39,1986,1,-1.80299997329712
BM,36.06,-118.39,1986,2,-5.24399995803833
BM,36.06,-118.39,1986,3,-3.6489999294281
BM,36.06,-118.39,1986,4,-3.23300004005432
BM,36.06,-118.39,1986,5,0.907000005245209
BM,36.06,-118.39,1986,6,6.27899980545044
BM,36.06,-118.39,1986,7,7.20800018310547
BM,36.06,-118.39,1986,8,9.63300037384033
BM,36.06,-118.39,1986,9,1.192999958992
BM,36.06,-118.39,1986,10,-0.0130000002682209
BM,36.06,-118.39,1986,11,-1.8639999628067
BM,36.06,-118.39,1986,12,-4.52899980545044
BM,36.06,-118.39,1987,1,-7.57999992370605
BM,36.06,-118.39,1987,2,-7.23000001907349
BM,36.06,-118.39,1987,3,-6.84700012207031
BM,36.06,-118.39,1987,4,-0.624000012874603
BM,36.06,-118.39,1987,5,0.879999995231628
BM,36.06,-118.39,1987,6,5.90000009536743
BM,36.06,-118.39,1987,7,6.13800001144409
BM,36.06,-118.39,1987,8,8.84200000762939
BM,36.06,-118.39,1987,9,6.36800003051758
BM,36.06,-118.39,1987,10,3.13000011444092
BM,36.06,-118.39,1987,11,-3.34500002861023
BM,36.06,-118.39,1987,12,-8.36200046539307
BM,36.06,-118.39,1988,1,-6.28999996185303
BM,36.06,-118.39,1988,2,-4.30999994277954
BM,36.06,-118.39,1988,3,-4.42600011825562
BM,36.06,-118.39,1988,4,-2.98200011253357
BM,36.06,-118.39,1988,5,-1.07500004768372
BM,36.06,-118.39,1988,6,4.48299980163574
BM,36.06,-118.39,1988,7,10.128999710083
BM,36.06,-118.39,1988,8,9.4399995803833
BM,36.06,-118.39,1988,9,6.65700006484985
BM,36.06,-118.39,1988,10,5.27799987792969
BM,36.06,-118.39,1988,11,-3.11800003051758
BM,36.06,-118.39,1988,12,-6.03399991989136
BM,36.06,-118.39,1989,1,-7.69299983978271
BM,36.06,-118.39,1989,2,-8.0959997177124
BM,36.06,-118.39,1989,3,-4.00699996948242
BM,36.06,-118.39,1989,4,0.181999996304512
BM,36.06,-118.39,1989,5,0.104000002145767
BM,36.06,-118.39,1989,6,4.81099987030029
BM,36.06,-118.39,1989,7,9.07699966430664
BM,36.06,-118.39,1989,8,7.67000007629395
BM,36.06,-118.39,1989,9,5.8600001335144
BM,36.06,-118.39,1989,10,0.418000012636185
BM,36.06,-118.39,1989,11,0.0700000002980232
BM,36.06,-118.39,1989,12,-2.05299997329712
BM,36.06,-118.39,1990,1,-6.6710000038147
BM,36.06,-118.39,1990,2,-8.34200000762939
BM,36.06,-118.39,1990,3,-4.55499982833862
BM,36.06,-118.39,1990,4,-1.57000005245209
BM,36.06,-118.39,1990,5,-0.791999995708466
BM,36.06,-118.39,1990,6,5.46600008010864
BM,36.06,-118.39,1990,7,9.44600009918213
BM,36.06,-118.39,1990,8,8.44900035858154
BM,36.06,-118.39,1990,9,6.05000019073486
BM,36.06,-118.39,1990,10,3.87800002098083
BM,36.06,-118.39,1990,11,-1.86500000953674
BM,36.06,-118.39,1990,12,-7.36600017547607
BM,36.06,-118.39,1991,1,-5.38899993896484
BM,36.06,-118.39,1991,2,-2.94300007820129
BM,36.06,-118.39,1991,3,-9.68599987030029
BM,36.06,-118.39,1991,4,-4.60500001907349
BM,36.06,-118.39,1991,5,-2.65400004386902
BM,36.06,-118.39,1991,6,3.45799994468689
BM,36.06,-118.39,1991,7,9.08600044250488
BM,36.06,-118.39,1991,8,8.13599967956543
BM,36.06,-118.39,1991,9,7.97399997711182
BM,36.06,-118.39,1991,10,4.05399990081787
BM,36.06,-118.39,1991,11,-0.712999999523163
BM,36.06,-118.39,1991,12,-3.82100009918213
BM,36.06,-118.39,1992,1,-4.99100017547607
BM,36.06,-118.39,1992,2,-6.34700012207031
BM,36.06,-118.39,1992,3,-5.80900001525879
BM,36.06,-118.39,1992,4,-0.104999996721745
BM,36.06,-118.39,1992,5,3.09599995613098
BM,36.06,-118.39,1992,6,4.71000003814697
BM,36.06,-118.39,1992,7,7.39799976348877
BM,36.06,-118.39,1992,8,10.1499996185303
BM,36.06,-118.39,1992,9,6.72399997711182
BM,36.06,-118.39,1992,10,3.78699994087219
BM,36.06,-118.39,1992,11,-2.45700001716614
BM,36.06,-118.39,1992,12,-7.84100008010864
BM,36.06,-118.39,1993,1,-7.49499988555908
BM,36.06,-118.39,1993,2,-8.69499969482422
BM,36.06,-118.39,1993,3,-4.08199977874756
BM,36.06,-118.39,1993,4,-3.2260000705719
BM,36.06,-118.39,1993,5,1.23099994659424
BM,36.06,-118.39,1993,6,4.33900022506714
BM,36.06,-118.39,1993,7,6.78000020980835
BM,36.06,-118.39,1993,8,7.9229998588562
BM,36.06,-118.39,1993,9,6.38800001144409
BM,36.06,-118.39,1993,10,2.07399988174438
BM,36.06,-118.39,1993,11,-2.48900008201599
BM,36.06,-118.39,1993,12,-5.19600009918213
BM,36.06,-118.39,1994,1,-3.94899988174438
BM,36.06,-118.39,1994,2,-8.4689998626709
BM,36.06,-118.39,1994,3,-3.75399994850159
BM,36.06,-118.39,1994,4,-3.32800006866455
BM,36.06,-118.39,1994,5,0.122000001370907
BM,36.06,-118.39,1994,6,6.96999979019165
BM,36.06,-118.39,1994,7,10.1569995880127
BM,36.06,-118.39,1994,8,10.5939998626709
BM,36.06,-118.39,1994,9,6.19099998474121
BM,36.06,-118.39,1994,10,0.114000000059605
BM,36.06,-118.39,1994,11,-7.00899982452393
BM,36.06,-118.39,1994,12,-5.66499996185303
BM,36.06,-118.39,1995,1,-7.25799989700317
BM,36.06,-118.39,1995,2,-3.40799999237061
BM,36.06,-118.39,1995,3,-6.15700006484985
BM,36.06,-118.39,1995,4,-4.96799993515015
BM,36.06,-118.39,1995,5,-2.33299994468689
BM,36.06,-118.39,1995,6,2.65899991989136
BM,36.06,-118.39,1995,7,8.32699966430664
BM,36.06,-118.39,1995,8,9.72000026702881
BM,36.06,-118.39,1995,9,7.98199987411499
BM,36.06,-118.39,1995,10,4.38600015640259
BM,36.06,-118.39,1995,11,1.65699994564056
BM,36.06,-118.39,1995,12,-4.49599981307983
BM,36.06,-118.39,1996,1,-5.18200016021729
BM,36.06,-118.39,1996,2,-6.50600004196167
BM,36.06,-118.39,1996,3,-5.37599992752075
BM,36.06,-118.39,1996,4,-2.15799999237061
BM,36.06,-118.39,1996,5,1.4190000295639
BM,36.06,-118.39,1996,6,5.97399997711182
BM,36.06,-118.39,1996,7,10.9130001068115
BM,36.06,-118.39,1996,8,10.7379999160767
BM,36.06,-118.39,1996,9,6.03000020980835
BM,36.06,-118.39,1996,10,1.18299996852875
BM,36.06,-118.39,1996,11,-2.03600001335144
BM,36.06,-118.39,1996,12,-3.62100005149841
BM,36.06,-118.39,1997,1,-6.53599977493286
BM,36.06,-118.39,1997,2,-6.26999998092651
BM,36.06,-118.39,1997,3,-2.48600006103516
BM,36.06,-118.39,1997,4,-3.15300011634827
BM,36.06,-118.39,1997,5,3.21199989318848
BM,36.06,-118.39,1997,6,4.98099994659424
BM,36.06,-118.39,1997,7,7.55999994277954
BM,36.06,-118.39,1997,8,10.0220003128052
BM,36.06,-118.39,1997,9,6.75500011444092
BM,36.06,-118.39,1997,10,1.67499995231628
BM,36.06,-118.39,1997,11,-1.96800005435944
BM,36.06,-118.39,1997,12,-6.15199995040894
BM,36.06,-118.39,1998,1,-5.83199977874756
BM,36.06,-118.39,1998,2,-8.75800037384033
BM,36.06,-118.39,1998,3,-5.69600009918213
BM,36.06,-118.39,1998,4,-6.29199981689453
BM,36.06,-118.39,1998,5,-3.9760000705719
BM,36.06,-118.39,1998,6,2.58999991416931
BM,36.06,-118.39,1998,7,10.3680000305176
BM,36.06,-118.39,1998,8,10.7150001525879
BM,36.06,-118.39,1998,9,4.60500001907349
BM,36.06,-118.39,1998,10,0.00800000037997961
BM,36.06,-118.39,1998,11,-2.41100001335144
BM,36.06,-118.39,1998,12,-5.95800018310547
BM,36.06,-118.39,1999,1,-4.33599996566772
BM,36.06,-118.39,1999,2,-6.27400016784668
BM,36.06,-118.39,1999,3,-6.13199996948242
BM,36.06,-118.39,1999,4,-5.94500017166138
BM,36.06,-118.39,1999,5,0.275999993085861
BM,36.06,-118.39,1999,6,4.72399997711182
BM,36.06,-118.39,1999,7,9.98099994659424
BM,36.06,-118.39,1999,8,9.22900009155273
BM,36.06,-118.39,1999,9,8.60599994659424
BM,36.06,-118.39,1999,10,5.97300004959106
BM,36.06,-118.39,1999,11,0.952000021934509
BM,36.06,-118.39,1999,12,-2.57999992370605
BM,36.06,-118.39,2000,1,-4.39799976348877
BM,36.06,-118.39,2000,2,-6.19399976730347
BM,36.06,-118.39,2000,3,-4.92899990081787
BM,36.06,-118.39,2000,4,-1.57500004768372
BM,36.06,-118.39,2000,5,3.03600001335144
BM,36.06,-118.39,2000,6,7.80600023269653
BM,36.06,-118.39,2000,7,9.9069995880127
BM,36.06,-118.39,2000,8,11.5220003128052
BM,36.06,-118.39,2000,9,7.72200012207031
BM,36.06,-118.39,2000,10,1.4889999628067
BM,36.06,-118.39,2000,11,-3.9909999370575
BM,36.06,-118.39,2000,12,-1.86099994182587
BM,36.06,-118.39,2001,1,-8.14700031280518
BM,36.06,-118.39,2001,2,-8.45699977874756
BM,36.06,-118.39,2001,3,-3.69099998474121
BM,36.06,-118.39,2001,4,-5.00099992752075
BM,36.06,-118.39,2001,5,5.01200008392334
BM,36.06,-118.39,2001,6,7.33599996566772
BM,36.06,-118.39,2001,7,10.0539999008179
BM,36.06,-118.39,2001,8,12.3839998245239
BM,36.06,-118.39,2001,9,9.26500034332275
BM,36.06,-118.39,2001,10,5.625
BM,36.06,-118.39,2001,11,-1.0440000295639
BM,36.06,-118.39,2001,12,-5.55999994277954
BM,36.06,-118.39,2002,1,-6.15199995040894
BM,36.06,-118.39,2002,2,-3.89299988746643
BM,36.06,-118.39,2002,3,-6.07100009918213
BM,36.06,-118.39,2002,4,-2.25
BM,36.06,-118.39,2002,5,0.372000008821487
BM,36.06,-118.39,2002,6,6.81199979782104
BM,36.06,-118.39,2002,7,11.7559995651245
BM,36.06,-118.39,2002,8,10.7130002975464
BM,36.06,-118.39,2002,9,7.88800001144409
BM,36.06,-118.39,2002,10,1.7039999961853
BM,36.06,-118.39,2002,11,-0.0970000028610229
BM,36.06,-118.39,2002,12,-5.94799995422363
BM,36.06,-118.39,2003,1,-2.22399997711182
BM,36.06,-118.39,2003,2,-6.61800003051758
BM,36.06,-118.39,2003,3,-4.69299983978271
BM,36.06,-118.39,2003,4,-5.88299989700317
BM,36.06,-118.39,2003,5,1.36800003051758
BM,36.06,-118.39,2003,6,6.84299993515015
BM,36.06,-118.39,2003,7,12.1499996185303
BM,36.06,-118.39,2003,8,11.0500001907349
BM,36.06,-118.39,2003,9,9.85200023651123
BM,36.06,-118.39,2003,10,7.5149998664856
BM,36.06,-118.39,2003,11,-3.67300009727478
BM,36.06,-118.39,2003,12,-4.85699987411499
BM,36.06,-118.39,2004,1,-6.03000020980835
BM,36.06,-118.39,2004,2,-8.04300022125244
BM,36.06,-118.39,2004,3,-1.35500001907349
BM,36.06,-118.39,2004,4,-2.13199996948242
BM,36.06,-118.39,2004,5,1.24800002574921
BM,36.06,-118.39,2004,6,6.43200016021729
BM,36.06,-118.39,2004,7,11.8610000610352
BM,36.06,-118.39,2004,8,11.0500001907349
BM,36.06,-118.39,2004,9,7.36299991607666
BM,36.06,-118.39,2004,10,0.962999999523163
BM,36.06,-118.39,2004,11,-0.73199999332428
BM,36.06,-118.39,2004,12,-2.56299996376038
BM,36.06,-118.39,2005,1,-5.64200019836426
BM,36.06,-118.39,2005,2,-5.73600006103516
BM,36.06,-118.39,2005,3,-4.79300022125244
BM,36.06,-118.39,2005,4,-4.34899997711182
BM,36.06,-118.39,2005,5,1.125
BM,36.06,-118.39,2005,6,3.85800004005432
BM,36.06,-118.39,2005,7,13.1569995880127
BM,36.06,-118.39,2005,8,11.0310001373291
BM,36.06,-118.39,2005,9,5.55499982833862
BM,36.06,-118.39,2005,10,2.12400007247925
BM,36.06,-118.39,2005,11,0.504000008106232
BM,36.06,-118.39,2005,12,-2.18499994277954
BM,36.06,-118.39,2006,1,-5.24499988555908
BM,36.06,-118.39,2006,2,-5.04899978637695
BM,36.06,-118.39,2006,3,-9.58199977874756
BM,36.06,-118.39,2006,4,-4.05299997329712
BM,36.06,-118.39,2006,5,2.42000007629395
BM,36.06,-118.39,2006,6,8.93200016021729
BM,36.06,-118.39,2006,7,11.8509998321533
BM,36.06,-118.39,2006,8,9.23099994659424
BM,36.06,-118.39,2006,9,7.1729998588562
BM,36.06,-118.39,2006,10,1.95099997520447
BM,36.06,-118.39,2006,11,0.483000010251999
BM,36.06,-118.39,2006,12,-3.91400003433228
BM,36.06,-118.39,2007,1,-7.41499996185303
BM,36.06,-118.39,2007,2,-4.38500022888184
BM,36.06,-118.39,2007,3,-2.10899996757507
BM,36.06,-118.39,2007,4,-1.23099994659424
BM,36.06,-118.39,2007,5,3.02099990844727
BM,36.06,-118.39,2007,6,7.73000001907349
BM,36.06,-118.39,2007,7,11.3730001449585
BM,36.06,-118.39,2007,8,11.5150003433228
BM,36.06,-118.39,2007,9,5.74300003051758
BM,36.06,-118.39,2007,10,2.22900009155273
BM,36.06,-118.39,2007,11,1.88699996471405
BM,36.06,-118.39,2007,12,-6.31699991226196
BM,36.06,-118.39,2008,1,-5.2189998626709
BM,36.06,-118.39,2008,2,-4.79500007629395
BM,36.06,-118.39,2008,3,-4.42799997329712
BM,36.06,-118.39,2008,4,-2.54800009727478
BM,36.06,-118.39,2008,5,0.646000027656555
BM,36.06,-118.39,2008,6,7.76700019836426
BM,36.06,-118.39,2008,7,10.9040002822876
BM,36.06,-118.39,2008,8,11.5129995346069
BM,36.06,-118.39,2008,9,8.24400043487549
BM,36.06,-118.39,2008,10,3.7960000038147
BM,36.06,-118.39,2008,11,1.26600003242493
BM,36.06,-118.39,2008,12,-4.84700012207031
BM,36.06,-118.39,2009,1,-1.73199999332428
BM,36.06,-118.39,2009,2,-6.05399990081787
BM,36.06,-118.39,2009,3,-4.59499979019165
BM,36.06,-118.39,2009,4,-2.8289999961853
BM,36.06,-118.39,2009,5,4.90899991989136
BM,36.06,-118.39,2009,6,4.85400009155273
BM,36.06,-118.39,2009,7,11.4060001373291
BM,36.06,-118.39,2009,8,9.53899955749512
BM,36.06,-118.39,2009,9,9.32699966430664
BM,36.06,-118.39,2009,10,1.06400001049042
BM,36.06,-118.39,2009,11,-0.552999973297119
BM,36.06,-118.39,2009,12,-5.16300010681152
BM,36.06,-118.39,2010,1,-5.13299989700317
BM,36.06,-118.39,2010,2,-6.29699993133545
BM,36.06,-118.39,2010,3,-5.5789999961853
BM,36.06,-118.39,2010,4,-5.29699993133545
BM,36.06,-118.39,2010,5,-2.28200006484985
BM,36.06,-118.39,2010,6,5.74399995803833
BM,36.06,-118.39,2010,7,10.3479995727539
BM,36.06,-118.39,2010,8,9.0290002822876
BM,36.06,-118.39,2010,9,7.88100004196167
BM,36.06,-118.39,2010,10,3.08500003814697
BM,36.06,-118.39,2010,11,-2.73799991607666
BM,36.06,-118.39,2010,12,-3.14800000190735
BM,36.06,-118.39,2011,1,-3.82599997520447
BM,36.06,-118.39,2011,2,-6.85799980163574
BM,36.06,-118.39,2011,3,-6.04199981689453
BM,36.06,-118.39,2011,4,-3.13499999046326
BM,36.06,-118.39,2011,5,-0.846000015735626
BM,36.06,-118.39,2011,6,5.12200021743774
BM,36.06,-118.39,2011,7,8.66499996185303
BM,36.06,-118.39,2011,8,9.94699954986572
BM,36.06,-118.39,2011,9,8.3730001449585
BM,36.06,-118.39,2011,10,3.72900009155273
BM,36.06,-118.39,2011,11,-2.01600003242493
BM,36.06,-118.39,2011,12,-4.45699977874756
BM,36.06,-118.39,2012,1,-1.25300002098083
BM,36.06,-118.39,2012,2,-4.89499998092651
BM,36.06,-118.39,2012,3,-4.40399980545044
BM,36.06,-118.39,2012,4,-1.80299997329712
BM,36.06,-118.39,2012,5,2.43700003623962
BM,36.06,-118.39,2012,6,5.88399982452393
BM,36.06,-118.39,2012,7,9.58199977874756
BM,36.06,-118.39,2012,8,12.9870004653931
BM,36.06,-118.39,2012,9,9.69600009918213
BM,36.06,-118.39,2012,10,4.02199983596802
BM,36.06,-118.39,2012,11,0.407999992370605
BM,36.06,-118.39,2012,12,-5.6560001373291
BM,36.06,-118.39,1900,1,-2.87700009346008
BM,36.06,-118.39,1900,2,-6.02699995040894
BM,36.06,-118.39,1900,3,-3.25099992752075
BM,36.06,-118.39,1900,4,-5.24100017547607
BM,36.06,-118.39,1900,5,0.805000007152557
BM,36.06,-118.39,1900,6,6.56799983978271
BM,36.06,-118.39,1900,7,7.70699977874756
BM,36.06,-118.39,1900,8,6.30000019073486
BM,36.06,-118.39,1900,9,3.72300004959106
BM,36.06,-118.39,1900,10,2.57500004768372
BM,36.06,-118.39,1900,11,0.703999996185303
BM,36.06,-118.39,1900,12,-2.79900002479553
BM,36.06,-118.39,1904,1,-9.86800003051758
BM,36.06,-118.39,1904,2,-3.98000001907349
BM,36.06,-118.39,1904,3,-6.45300006866455
BM,36.06,-118.39,1904,4,-3.66499996185303
BM,36.06,-118.39,1904,5,0.314000010490417
BM,36.06,-118.39,1904,6,3.50399994850159
BM,36.06,-118.39,1904,7,8.35200023651123
BM,36.06,-118.39,1904,8,8.79100036621094
BM,36.06,-118.39,1904,9,6.2189998626709
BM,36.06,-118.39,1904,10,0.845000028610229
BM,36.06,-118.39,1904,11,-2.78399991989136
BM,36.06,-118.39,1904,12,-5.36499977111816
BM,36.06,-118.39,1906,1,-6.6729998588562
BM,36.06,-118.39,1906,2,-5.18499994277954
BM,36.06,-118.39,1906,3,-6.61899995803833
BM,36.06,-118.39,1906,4,-5.58300018310547
BM,36.06,-118.39,1906,5,-1.59599995613098
BM,36.06,-118.39,1906,6,2.3289999961853
BM,36.06,-118.39,1906,7,7.58400011062622
BM,36.06,-118.39,1906,8,7.86100006103516
BM,36.06,-118.39,1906,9,3.84200000762939
BM,36.06,-118.39,1906,10,1.19500005245209
BM,36.06,-118.39,1906,11,-5.14799976348877
BM,36.06,-118.39,1906,12,-3.72000002861023
BM,36.06,-118.39,1907,1,-8.20699977874756
BM,36.06,-118.39,1907,2,-4.86899995803833
BM,36.06,-118.39,1907,3,-6.89599990844727
BM,36.06,-118.39,1907,4,-3.22300004959106
BM,36.06,-118.39,1907,5,-1.85599994659424
BM,36.06,-118.39,1907,6,2.04699993133545
BM,36.06,-118.39,1907,7,6.08199977874756
BM,36.06,-118.39,1907,8,6.34999990463257
BM,36.06,-118.39,1907,9,3.12299990653992
BM,36.06,-118.39,1907,10,1.63900005817413
BM,36.06,-118.39,1907,11,-3.53399991989136
BM,36.06,-118.39,1907,12,-5.55000019073486
BM,36.06,-118.39,1910,1,-7.26200008392334
BM,36.06,-118.39,1910,2,-7.39799976348877
BM,36.06,-118.39,1910,3,-2.52600002288818
BM,36.06,-118.39,1910,4,-0.148000001907349
BM,36.06,-118.39,1910,5,0.541000008583069
BM,36.06,-118.39,1910,6,4.95300006866455
BM,36.06,-118.39,1910,7,8.76900005340576
BM,36.06,-118.39,1910,8,9.66499996185303
BM,36.06,-118.39,1910,9,6.92999982833862
BM,36.06,-118.39,1910,10,1.05099999904633
BM,36.06,-118.39,1910,11,-3.22300004959106
BM,36.06,-118.39,1910,12,-4.33699989318848
BM,36.06,-118.39,1915,1,-6.22200012207031
BM,36.06,-118.39,1915,2,-6.79699993133545
BM,36.06,-118.39,1915,3,-4.76100015640259
BM,36.06,-118.39,1915,4,-3.79699993133545
BM,36.06,-118.39,1915,5,-1.69200003147125
BM,36.06,-118.39,1915,6,4.11999988555908
BM,36.06,-118.39,1915,7,6.18900012969971
BM,36.06,-118.39,1915,8,8.67199993133545
BM,36.06,-118.39,1915,9,4.25400018692017
BM,36.06,-118.39,1915,10,3.39599990844727
BM,36.06,-118.39,1915,11,-3.46600008010864
BM,36.06,-118.39,1915,12,-4.09899997711182
BM,36.06,-118.39,1922,1,-11.2569999694824
BM,36.06,-118.39,1922,2,-10.0659999847412
BM,36.06,-118.39,1922,3,-9.04599952697754
BM,36.06,-118.39,1922,4,-4.95699977874756
BM,36.06,-118.39,1922,5,-2.03699994087219
BM,36.06,-118.39,1922,6,5.97100019454956
BM,36.06,-118.39,1922,7,9.68099975585938
BM,36.06,-118.39,1922,8,8.77400016784668
BM,36.06,-118.39,1922,9,6.39599990844727
BM,36.06,-118.39,1922,10,0.206000000238419
BM,36.06,-118.39,1922,11,-3.36700010299683
BM,36.06,-118.39,1922,12,-3.46799993515015
BM,36.06,-118.39,1927,1,-7.86199998855591
BM,36.06,-118.39,1927,2,-7.70599985122681
BM,36.06,-118.39,1927,3,-7.7020001411438
BM,36.06,-118.39,1927,4,-5.24599981307983
BM,36.06,-118.39,1927,5,-1.56400001049042
BM,36.06,-118.39,1927,6,3.71499991416931
BM,36.06,-118.39,1927,7,8.12100028991699
BM,36.06,-118.39,1927,8,6.69299983978271
BM,36.06,-118.39,1927,9,2.53699994087219
BM,36.06,-118.39,1927,10,0.802999973297119
BM,36.06,-118.39,1927,11,-2.57800006866455
BM,36.06,-118.39,1927,12,-7.15000009536743
BM,36.06,-118.39,1928,1,-7.81300020217896
BM,36.06,-118.39,1928,2,-8.53400039672852
BM,36.06,-118.39,1928,3,-5.56400012969971
BM,36.06,-118.39,1928,4,-5.15399980545044
BM,36.06,-118.39,1928,5,0.848999977111816
BM,36.06,-118.39,1928,6,3.25600004196167
BM,36.06,-118.39,1928,7,7.53299999237061
BM,36.06,-118.39,1928,8,7.50600004196167
BM,36.06,-118.39,1928,9,5.31699991226196
BM,36.06,-118.39,1928,10,-0.679000020027161
BM,36.06,-118.39,1928,11,-4.66300010681152
BM,36.06,-118.39,1928,12,-8.53899955749512
BM,36.06,-118.39,1931,1,-7.59000015258789
BM,36.06,-118.39,1931,2,-7.96700000762939
BM,36.06,-118.39,1931,3,-6.18900012969971
BM,36.06,-118.39,1931,4,-2.75699996948242
BM,36.06,-118.39,1931,5,1.49300003051758
BM,36.06,-118.39,1931,6,3.23300004005432
BM,36.06,-118.39,1931,7,10.5139999389648
BM,36.06,-118.39,1931,8,10.0659999847412
BM,36.06,-118.39,1931,9,3.63599991798401
BM,36.06,-118.39,1931,10,-0.49099999666214
BM,36.06,-118.39,1931,11,-6.27299976348877
BM,36.06,-118.39,1931,12,-8.04300022125244
BM,36.06,-118.39,1933,1,-11.1770000457764
BM,36.06,-118.39,1933,2,-12.875
BM,36.06,-118.39,1933,3,-7.44600009918213
BM,36.06,-118.39,1933,4,-5.76999998092651
BM,36.06,-118.39,1933,5,-1.16499996185303
BM,36.06,-118.39,1933,6,3.05599999427795
BM,36.06,-118.39,1933,7,10.5410003662109
BM,36.06,-118.39,1933,8,9.54300022125244
BM,36.06,-118.39,1933,9,5.40799999237061
BM,36.06,-118.39,1933,10,3.75500011444092
BM,36.06,-118.39,1933,11,-0.832000017166138
BM,36.06,-118.39,1933,12,-5.13399982452393
BM,36.06,-118.39,1936,1,-6.92999982833862
BM,36.06,-118.39,1936,2,-9.20499992370605
BM,36.06,-118.39,1936,3,-6.38800001144409
BM,36.06,-118.39,1936,4,-4.23099994659424
BM,36.06,-118.39,1936,5,-0.257999986410141
BM,36.06,-118.39,1936,6,4.02899980545044
BM,36.06,-118.39,1936,7,9.00599956512451
BM,36.06,-118.39,1936,8,9.2209997177124
BM,36.06,-118.39,1936,9,5.53200006484985
BM,36.06,-118.39,1936,10,0.388999998569489
BM,36.06,-118.39,1936,11,-1.88900005817413
BM,36.06,-118.39,1936,12,-6.07200002670288
BM,36.06,-118.39,1940,1,-5.8600001335144
BM,36.06,-118.39,1940,2,-8.0310001373291
BM,36.06,-118.39,1940,3,-5.67399978637695
BM,36.06,-118.39,1940,4,-3.87700009346008
BM,36.06,-118.39,1940,5,1.3289999961853
BM,36.06,-118.39,1940,6,6.56400012969971
BM,36.06,-118.39,1940,7,9.40499973297119
BM,36.06,-118.39,1940,8,8.51099967956543
BM,36.06,-118.39,1940,9,3.01200008392334
BM,36.06,-118.39,1940,10,0.732999980449677
BM,36.06,-118.39,1940,11,-4.04099988937378
BM,36.06,-118.39,1940,12,-4.10599994659424
BM,36.06,-118.39,1955,1,-11.3179998397827
BM,36.06,-118.39,1955,2,-9.92500019073486
BM,36.06,-118.39,1955,3,-7.48899984359741
BM,36.06,-118.39,1955,4,-7.06799983978271
BM,36.06,-118.39,1955,5,-2.12700009346008
BM,36.06,-118.39,1955,6,2.45300006866455
BM,36.06,-118.39,1955,7,5.90399980545044
BM,36.06,-118.39,1955,8,8.79199981689453
BM,36.06,-118.39,1955,9,4.92399978637695
BM,36.06,-118.39,1955,10,1.37199997901917
BM,36.06,-118.39,1955,11,-4.05499982833862
BM,36.06,-118.39,1955,12,-4.58699989318848
BM,36.06,-118.39,1962,1,-7.37599992752075
BM,36.06,-118.39,1962,2,-8.73200035095215
BM,36.06,-118.39,1962,3,-10.7309999465942
BM,36.06,-118.39,1962,4,-2.58899998664856
BM,36.06,-118.39,1962,5,-2.71900010108948
BM,36.06,-118.39,1962,6,3.52999997138977
BM,36.06,-118.39,1962,7,6.7979998588562
BM,36.06,-118.39,1962,8,7.28399991989136
BM,36.06,-118.39,1962,9,4.99599981307983
BM,36.06,-118.39,1962,10,1.62300002574921
BM,36.06,-118.39,1962,11,-2.29200005531311
BM,36.06,-118.39,1962,12,-3.2960000038147
BM,36.06,-118.39,1966,1,-8.73400020599365
BM,36.06,-118.39,1966,2,-9.41399955749512
BM,36.06,-118.39,1966,3,-4.77299976348877
BM,36.06,-118.39,1966,4,-1.40900003910065
BM,36.06,-118.39,1966,5,2.51399993896484
BM,36.06,-118.39,1966,6,4.87099981307983
BM,36.06,-118.39,1966,7,7.58900022506714
BM,36.06,-118.39,1966,8,9.70199966430664
BM,36.06,-118.39,1966,9,5.48799991607666
BM,36.06,-118.39,1966,10,2.09100008010864
BM,36.06,-118.39,1966,11,-2.14000010490417
BM,36.06,-118.39,1966,12,-4.72900009155273
BM,36.06,-118.39,1980,1,-5.01999998092651
BM,36.06,-118.39,1980,2,-4.5789999961853
BM,36.06,-118.39,1980,3,-7.48799991607666
BM,36.06,-118.39,1980,4,-3.18600010871887
BM,36.06,-118.39,1980,5,-2.12599992752075
BM,36.06,-118.39,1980,6,2.94300007820129
BM,36.06,-118.39,1980,7,8.73999977111816
BM,36.06,-118.39,1980,8,8.24600028991699
BM,36.06,-118.39,1980,9,5.61600017547607
BM,36.06,-118.39,1980,10,2.48799991607666
BM,36.06,-118.39,1980,11,-0.426999986171722
BM,36.06,-118.39,1980,12,-1.86800003051758
BM,36.06,-118.39,1967,1,-5.06899976730347
BM,36.06,-118.39,1967,2,-5.27199983596802
BM,36.06,-118.39,1967,3,-6.56300020217896
BM,36.06,-118.39,1967,4,-9.98799991607666
BM,36.06,-118.39,1967,5,-1.38499999046326
BM,36.06,-118.39,1967,6,2.36800003051758
BM,36.06,-118.39,1967,7,9.5939998626709
BM,36.06,-118.39,1967,8,10.3870000839233
BM,36.06,-118.39,1967,9,5.95900011062622
BM,36.06,-118.39,1967,10,3.13499999046326
BM,36.06,-118.39,1967,11,-0.428999990224838
BM,36.06,-118.39,1967,12,-8.87899971008301
BM,36.06,-118.39,1975,1,-5.41300010681152
BM,36.06,-118.39,1975,2,-8.09500026702881
BM,36.06,-118.39,1975,3,-8.70899963378906
BM,36.06,-118.39,1975,4,-9.21100044250488
BM,36.06,-118.39,1975,5,-1.69799995422363
BM,36.06,-118.39,1975,6,4.39400005340576
BM,36.06,-118.39,1975,7,8.5290002822876
BM,36.06,-118.39,1975,8,7.32600021362305
BM,36.06,-118.39,1975,9,7.22200012207031
BM,36.06,-118.39,1975,10,-0.862999975681305
BM,36.06,-118.39,1975,11,-3.49699997901917
BM,36.06,-118.39,1975,12,-4.09899997711182
