year,summer_ppt,summer_tmin,summer_tmax,summer_tmean,summer_td_mean,summer_vpdmin,summer_vpdmax
1895,57.67600083351138,6.771999955177308,18.080250263214126,12.426000595092775,-0.2635000348091125,3.878249943256375,14.678750038146974
1896,102.79599857330321,7.250750064849853,18.0562500953674,12.6532504558563,0.82849997282028,3.68875002861023,14.2737500667572
1897,11.035999818705015,7.930249810218802,17.795749902725202,12.862500667572021,0.5092500299215308,4.479499995708467,14.460500240325924
1898,19.57999956607818,7.920499801635742,19.786250114440925,13.853000640869125,0.6412500143051152,4.10725009441376,16.737499952316274
1899,49.448000907898,6.197499990463255,20.25149965286255,13.22375082969665,0.021249979734420166,3.42024999856949,17.809999942779548
1900,28.51199984550471,6.074499964714048,18.528000116348274,12.3007504940033,0.1920000463724127,3.1457499861717224,15.67949962615965
1901,47.0480003356934,6.01574993133545,19.45499992370605,12.73475074768066,-0.09324994683265497,3.4315000772476196,16.848249912261974
1902,19.978999853134173,5.19474995136261,20.4590001106262,12.82675075531005,-0.05175000429153498,2.8522499799728402,18.41624975204465
1903,1.103000015020371,6.033750116825105,19.8852500915527,12.959000587463375,-0.4839999526739121,3.593000054359435,18.317250251770027
1904,110.1919984817506,6.716500103473665,19.6812500953674,13.198500394821176,0.5185000188648713,3.500749945640565,16.729000091552724
1905,3.16499996185303,4.97799998521805,20.67075061798095,12.8240005970001,-0.41674998402595503,2.8489999771118173,17.848999738693227
1906,98.9679985046386,5.404000043869018,20.492249488830574,12.947250604629506,0.3410000503063199,2.6559999883174923,17.88399958610535
1907,41.40699958801268,4.400499880313875,18.285749673843373,11.342500448226943,-0.029500007629395086,2.480250000953675,15.414750099182125
1908,41.13999938964842,8.21025007963182,21.226250171661377,14.717750310897825,-0.23074999451637251,5.109999895095825,20.19274973869325
1909,18.5600004196167,7.101249992847455,18.513999700546226,12.80725073814393,-0.3427500128746035,4.251500129699705,15.968500137329125
1910,44.257000923156696,7.57924997806549,18.587500333786,13.08300042152405,-0.6027499921619898,4.515249967575072,16.039749622344974
1911,34.30899977684024,5.9692500233650225,17.630750179290775,11.799500465393072,-0.6839999845251443,3.5837500691413875,14.9355001449585
1912,9.318999625742437,5.2430001497268695,17.427999973297126,11.335250377655026,-0.06275001168251154,2.7867500185966474,14.3362500667572
1913,141.30200195312491,6.379249930381775,17.57050013542175,11.974250555038452,0.8147499561309824,3.0632500648498526,14.2742500305176
1914,29.01999950408937,6.378999888896943,19.240499973297126,12.809000253677375,-0.16400000452995495,3.4397500157356276,16.53449964523315
1915,3.9459999799728402,5.808750033378602,18.502500057220477,12.155000448226938,-0.4702499359846113,3.171250104904175,16.06574988365175
1916,43.9569997787476,6.518000125885007,17.581500291824323,12.049250841140736,-0.5864999890327451,3.9494999647140525,14.788000106811525
1917,38.69099971652031,6.45450007915497,19.912750244140625,13.18350052833555,0.04449999332428001,3.2677499651908875,17.731249809265126
1918,83.27200031280518,7.3014999628067025,19.102250099182125,13.201500415802,0.547249976545574,3.6922500729560825,16.09524965286255
1919,40.6510000228881,7.565750122070315,18.9902503490448,13.277750492095924,-0.4139999896287915,4.4559999108314505,16.4999997615814
1920,46.425998926162656,6.890500068664553,17.8152503967285,12.352500438690196,-0.19349998235702498,3.9222499728202824,15.080749988555926
1921,28.36300039291379,7.312249839305885,18.62400007247925,12.967750787734978,-0.08725000917911524,4.060000002384185,16.436000108718876
1922,43.47200059890751,7.705500006675722,19.262749671936024,13.483750820159925,0.22725003957748746,4.056750059127808,16.587249755859375
1923,43.59400105476373,6.7812498807907176,16.751749992370623,11.766000628471392,0.06550000607967277,3.8564999103546125,13.189500093460095
1924,0,6.484749913215637,18.782999992370623,12.633500576019276,-0.6762499660253547,3.712750017642975,16.52149987220765
1925,68.18899917602536,5.2399999499320975,17.16849970817565,11.203500747680653,0.19500002264976374,2.6119999289512625,14.039250135421751
1926,9.38199996948242,7.6727500557899475,19.211499691009525,13.4417505264282,-0.43074998259544284,4.480500042438507,17.346500158309926
1927,4.935000160243367,5.2664999961853,17.5747504234314,11.42025077342986,-0.311750024557116,2.7857500314712524,15.077750205993675
1928,0,5.902999997138977,19.109749794006376,12.50575041770935,-0.5035000145435343,3.5185000300407427,17.271250486373926
1929,60.25700092315675,6.191499948501585,18.537500381469727,12.36425065994262,0.22174999117851246,3.190750032663345,15.988500118255601
1930,14.6920003890991,5.586499929428101,17.907250642776475,11.746750354766826,-0.05324998497962746,2.976500034332275,15.169749975204471
1931,70.24999833107002,6.862249970436082,18.751000165939324,12.806000709533699,0.5770000144839282,3.5495000481605525,16.742249965667725
1932,10.083000339567667,6.508749961853026,19.342999935150125,12.925250768661499,-0.11574999988079104,3.8007498979568477,16.6137502193451
1933,10.549999702721822,7.137000143527975,18.821999549865726,12.978750705718998,-0.21424999833106995,4.217749953269958,16.255999803543098
1934,24.527000427246048,6.64574998617172,18.212250471115127,12.42875051498411,0.2752499878406506,3.5214999616146074,15.56300020217895
1935,31.00899921357635,6.30050003528595,20.0197501182556,13.159500598907474,0.08750003576279003,3.2519999742507926,17.68100023269655
1936,35.4939994812012,6.9469997882843,20.081500053405776,13.5135006904602,0.4822500199079543,3.1067498922348,17.4725000858307
1937,6.526000097393988,7.25175005197525,19.389750003814676,13.320250511169425,0.28275001049041554,3.7282499969005602,17.356499671936024
1938,49.66600131988525,7.071499943733217,19.66724967956545,13.3685007095337,0.440250039100647,3.52174997329712,17.407750129699725
1939,71.4960007667541,6.6804999113082895,19.8919997215271,13.285500764846825,0.40975001454353427,3.5655000209808376,17.44950008392335
1940,0,6.872999906539917,19.526250123977675,13.199250698089605,0.45900000631809346,3.8155000209808376,17.55775022506715
1941,25.591000213287725,6.32400000095367,17.14625000953675,11.734500646591192,0.23450000584125597,3.6949999034404777,13.928499937057499
1942,23.0139999389648,5.681750059127805,19.37649965286255,12.528750419616715,0.329000025987625,3.39050006866455,16.334000110626224
1943,0,4.75349982082844,18.66050004959105,11.706500530242916,0.5370000004768386,2.2779999524354935,16.254499912261977
1944,9.67899990081787,3.8194999806582945,17.955499649047848,10.88675057888032,-0.807500004768372,2.309500001370909,16.9064998626709
1945,55.787001609802246,5.69675016403198,19.684999942779577,12.690500736236576,0.25149996578693445,3.397000014781955,15.731249570846575
1946,20.82200050354,5.36625000834464,19.4587502479553,12.412000656127933,0.37700003385543995,2.9930000305175772,16.335499525070198
1947,7.57400012016296,3.7900000214576726,18.994999885559075,11.392000675201402,0.5237499997019772,1.8417500108480453,15.6105000972748
1948,3.54999995231628,5.099500000476835,19.0167498588562,12.057500362396235,-0.2607499957084666,3.178999975323678,15.916749715805075
1949,5.27299976348877,5.41025000810623,19.378249645233176,12.393500566482551,0.7972499877214443,2.7324999570846575,15.9082498550415
1950,9.590999841690067,5.345999956130981,19.382250308990475,12.363500595092773,0.23475001007318402,2.752250015735625,16.539249897003174
1951,7.014000000432134,5.7677499651908875,20.470499992370627,13.118750810623176,-0.15775001887232154,3.0294999778270726,18.0772500038147
1952,48.549000263214054,5.2757500410079965,19.402250051498427,12.338500738143916,2.3147500753402728,1.7087499797344226,15.422999858856201
1953,43.934000015258796,5.819249868392943,19.062249898910526,12.440250635147112,0.11399999260902255,3.0062500238418575,16.0125000476837
1954,20.02000021934508,5.337750017642975,19.021500110626224,12.179250478744517,-1.17299997806549,3.1737499833107,16.254999876022325
1955,0,5.518249869346617,19.1362497806549,12.326500654220585,1.3822500333189962,2.324000000953675,15.463000297546426
1956,49.8390007019043,5.693249940872195,18.883500099182125,12.288000583648675,0.5977500230073902,2.710999965667725,15.303499937057525
1957,13.03900003433227,5.495750069618225,19.023000240325924,12.259000539779676,1.7310000061988815,2.11700001358986,15.04874992370605
1958,49.90399980545038,5.568749964237212,18.96274971961975,12.265000581741335,2.10475000180304,1.9985000193119076,14.836750030517575
1959,47.50599831342697,5.956750035285948,19.6637496948242,12.809750556945794,1.3067499697208425,2.5039999485015874,16.18849968910215
1960,15.02500009536743,6.91474997997284,20.723000526428223,13.8187506198883,1.145749956369401,3.2655000686645548,17.75899934768675
1961,62.62299886718392,6.761750221252442,19.784500122070323,13.272750616073626,2.069750130176545,2.5829999446868923,15.828500032424925
1962,4.8600001335144,5.65199989080429,19.228000164031975,12.439500570297225,-0.46124998480081497,3.22374999523163,16.38324999809265
1963,61.8649997711181,4.80200010538101,18.272249698638923,11.536500453948966,0.7760000117123131,2.2354999482631674,14.672999858856208
1964,23.54299974441529,5.512249946594237,18.831749916076674,12.171500682830803,0.5312499329447766,2.69524997472763,15.463749885559075
1965,48.95500040054318,4.545750081539152,17.3087501525879,10.927000522613513,0.13024997711181852,2.303750000894068,13.712749719619765
1966,16.677000015974034,6.9124999046325675,19.287250041961677,13.099500656127926,0.7132499814033528,3.53549998998642,16.032500028610226
1967,75.29599952697757,7.0770000219345,19.494750022888176,13.285501003265376,3.21299993991852,2.533000007271767,15.305500030517575
1968,10.2399997711182,6.497000098228455,19.35875034332275,12.927750825881951,-0.07149995118379608,3.432750046253205,16.272250175476074
1969,88.52900034189231,6.928749859333036,19.22424960136415,13.0760006904602,2.591500028967856,2.656000003218654,15.242249965667728
1970,14.64900016784668,7.082249999046325,19.79374980926515,13.437250614166249,0.9287500381469724,3.26600006222725,16.41874957084655
1971,31.312000274658146,7.146999776363373,19.365500211715673,13.25550055503844,-0.3720000088214875,4.053249955177308,16.5625
1972,88.264002293348355,6.82350015640259,18.85049962997435,12.83625054359435,1.157749984413386,3.22475004196167,15.271500110626224
1973,16.54899978637691,6.7967499494552595,19.52650022506715,13.161250591278074,-2.286499977111818,4.545499920845033,17.4665002822876
1974,52.52600026130673,7.542999982833862,19.931750297546376,13.737000465393075,-1.3422500491142277,4.934499979019162,17.61675024032595
1975,39.7929988632677,6.86775016784668,18.939750671386726,12.903500318527225,-0.8894999921321853,4.251749992370607,16.124000072479223
1976,189.41500091552774,5.191750049591063,17.365750312805176,11.278250694274899,-0.2094999551773066,2.8567500710487375,13.881250143051151
1977,69.15899893641475,6.614249944686888,19.54825019836425,13.080750703811649,-0.06175001710653527,3.724999964237215,16.7112500667572
1978,66.44599914550781,6.253000020980835,18.1597499847412,12.206000566482524,-1.4894999861717224,3.9959999322891253,15.421999692916875
1979,36.583999633789,6.7762500047683725,19.734249591827375,13.2545006275177,-1.252500023692845,4.252000033855437,17.393750190734874
1980,26.480998992919908,6.3862500786781276,17.994499921798724,12.189750671386719,-2.42199993133545,4.43349999189377,15.51925015449525
1981,13.61300015449524,7.803499817848206,20.479249954223626,14.1402506828308,-0.8117500064254282,4.760749995708465,18.296499967575098
1982,153.3080024719239,5.533749997615818,17.614000082016027,11.573000431060795,-0.1809999942779553,2.7754999995231624,14.042500257492083
1983,87.00299859046937,6.487249970436095,18.365499973297077,12.42575073242185,-0.046250000596046975,2.972500026226045,14.631250143051151
1984,144.2949981689453,7.94474995136261,19.1332497596741,13.538500785827626,3.168000012636185,2.561750024557115,14.10599994659425
1985,46.55199956893914,7.09424990415573,18.19200015068055,12.642250657081604,-1.24524998664856,3.57699990272522,15.147749900817875
1986,53.343001365661664,6.07825008034706,17.8392503261566,11.958500623703003,-0.6314999759197251,3.3289999365806553,14.7572500705719
1987,30.89400005340581,6.812000036239622,18.841249942779577,12.8262505531311,-1.9344999939203262,3.7852500081062326,16.378000020980824
1988,119.700001001358,7.6772497892379725,19.417500019073476,13.5465006828308,1.5517499912530173,3.3582499623298627,15.735000133514426
1989,71.78099966049191,6.85449993610382,18.8375005722046,12.845500469207774,-1.1687500029802302,4.392000019550323,15.7442502975464
1990,55.02499938011163,7.352750182151793,18.973000049591075,13.1622507572174,1.1547499448061,3.80024993419647,14.793749809265126
1991,49.18699884414668,7.163500010967255,18.8935000896454,13.02775049209595,0.747749969363212,3.69849991798401,14.192500114440925
1992,76.13300037384033,7.245499849319465,18.888500213623026,13.06625056266785,0.7740000188350675,3.1260000467300397,14.765249729156501
1993,74.1490020751953,6.357500076293945,19.17549991607665,12.766000747680675,-2.4292500466108318,4.535499989986422,16.9190001487732
1994,4.9249999523162895,8.477999806404116,20.168749809265126,14.322500705719,-2.0327499920967966,5.2425000667571995,18.209500551223726
1995,69.05199861526486,7.17199993133545,19.213249921798724,13.191750288009635,-0.22650001011788873,5.446250081062315,16.3564999103546
1996,26.45099973678581,8.413750052452093,20.133250236511223,14.2730007171631,0.19249999523162753,4.79925000667572,17.402249813079827
1997,66.2349996566772,7.329500079154975,19.04399967193605,13.186000823974599,1.6140000186860541,3.0990000069141375,15.99724984169005
1998,66.20899915695193,7.069500029087075,19.068250179290775,13.068250656127937,2.091999937780202,4.1425000429153425,13.806499719619737
1999,59.72200012207036,8.134999990463257,20.075249671936024,14.104250669479375,-0.10799998044967851,5.15149998664856,17.229500293731675
2000,35.76599955558782,9.239250063896185,22.393000125885024,15.815750837326025,-1.1460000090301028,5.83175003528595,21.44074964523315
2001,8.35799980163574,9.759750008583067,23.119249820709225,16.43875074386595,-1.0279999896883958,6.360749959945677,21.8697500228882
2002,3.3930000104010145,9.292249917984007,22.817249774932876,16.0540006160736,-1.352500051259995,6.392499923706055,22.190749645233176
2003,22.119999796152115,9.973749995231646,23.217750072479248,16.595000982284525,0.5795000195503227,5.188999950885775,20.662999629974376
2004,4.238999903202056,9.176500082016013,22.052000045776374,15.613750696182251,-0.7702499330043777,5.534250020980835,23.831249713897698
2005,35.71900081634522,8.400249898433685,21.297749996185324,14.848250389099125,-0.44325004518031896,4.673499941825868,18.506249666214
2006,29.388000257313205,9.296749949455258,22.7039999961853,15.999500513076775,-0.9272500537335878,5.537999987602232,20.6007499694824
2007,49.99599909782406,9.090250134468093,22.779749870300275,15.93475103378295,-1.2177499905228626,5.850250005722042,22.7185001373291
2008,54.98799949884414,9.607000112533562,22.79699993133545,16.20125102996825,-1.6397499740123735,6.19225001335144,21.398749828338623
2009,14.851999582722753,8.781499862670898,21.7385001182556,15.259250402450576,-1.4005000293254857,6.102250039577485,20.61250019073485
2010,0.424000006169081,8.250499963760374,22.473749637603774,15.361250638961799,-1.2007500492036352,4.92624992132187,20.45475029945375
2011,62.74300003051751,8.026749968528748,21.515749931335474,14.770750761032101,0.3622499704360963,4.425000011920927,18.599749803543098
2012,3.929000079631805,9.53725004196168,22.16650009155275,15.851500511169425,-0.7177499923855069,6.259999871253967,19.37774991989135
