year,winter_ppt,winter_tmin,winter_tmax,winter_tmean,winter_td_mean,winter_vpdmin,winter_vpdmax
1895,571.1360130310061,-4.012200021743774,7.138999891281124,1.5630000591278064,-8.728200054168706,1.75,6.998400020599366
1896,840.7359991073616,-3.663374975323677,7.075874924659734,1.7057501189410686,-8.633874893188473,1.7582500055432324,6.537374973297119
1897,721.6579952239988,-3.3051250427961363,7.193124964833264,1.9436250478029276,-8.373499959707258,1.9008750170469288,7.058999955654154
1898,378.74600410461443,-3.2435000110417587,6.552749931812284,1.6545000523328781,-9.232500076293933,2.071875005960465,6.484249949455255
1899,590.783016204834,-3.940249949693681,7.172625064849858,1.6161250695586202,-8.766499996185301,1.744874984025955,6.621999979019165
1900,671.8120002746582,-2.3525000102818012,7.765500068664557,2.706250053364784,-7.73637521266937,2.0103749781847013,7.0202500820159885
1901,847.2710113525391,-3.066625058650971,7.006624877452851,1.9696251172572363,-7.931249916553496,1.9187500029802322,6.4997500479221335
1902,654.3899917602541,-3.7108750492334366,7.96812492609025,2.128125134855508,-8.662874907255173,1.8121250048279753,7.433250129222867
1903,789.409992218018,-6.242499969899649,6.513625089079149,0.13562500849366288,-9.370500087738048,1.3287499919533727,6.687874972820286
1904,986.2240009307861,-3.9134999811649327,9.059374928474432,2.572875127196312,-8.747375011444097,1.761500000953675,8.430499970912928
1905,774.3059825897221,-3.1543750166893,8.301000118255606,2.572750113904476,-7.882750034332267,1.6842499971389788,7.245875060558317
1906,1211.0599822998045,-5.062499940395355,7.941624999046325,1.4392500501126053,-8.806375026702876,1.39087499678135,7.268749952316289
1907,1068.2349777221664,-4.090499922633171,7.529624983668331,1.719500068575146,-7.888999938964841,1.5478749871253987,7.086500138044357
1908,587.5140113830569,-4.832000002264977,7.971749991178514,1.5697500703390688,-8.97637486457825,1.5083749964833268,7.534749984741211
1909,1116.6590180397036,-4.674874959513546,7.3009999692440015,1.313125093467534,-9.136000096797945,1.6252500042319311,7.208749949932096
1910,795.6579971313478,-3.2282499819993964,6.6645001098513506,1.7181250602006926,-8.864624977111815,1.9038750082254412,7.057749986648564
1911,981.8769950866692,-3.7708749175071716,6.459750108420848,1.344500049948692,-8.6412501335144,1.7424999922513948,6.434874981641771
1912,485.3099999427789,-4.678499996662138,5.92024995386601,0.6207500314339991,-9.63950014114379,1.6362500041723251,6.232374966144561
1913,444.7720003128053,-3.941499922424554,6.171999901533124,1.1153750717639925,-10.270124912261952,2.0349999964237213,6.744124948978425
1914,996.5209884643558,-3.3654999807476984,7.894875138998032,2.2645001187920584,-7.9544999003410295,1.65924996137619,7.3118749856948835
1915,845.5450000762934,-3.9395000487565985,6.3315000236034384,1.1958750188350673,-8.51575005054474,1.685624986886978,6.425250053405761
1916,959.7119865417482,-4.194374978542326,7.274875164031973,1.5401250910945234,-9.164750039577477,1.9073750227689743,7.374374896287919
1917,649.1760005950921,-6.0411250293254835,4.747624898329377,-0.6466250196099284,-10.973625004291536,1.5136250257492088,5.61599999666214
1918,553.245984740556,-3.382749989628794,8.477375060319892,2.5471251532435413,-9.321249902248374,2.0595000237226473,8.07237493991852
1919,589.3150062561043,-4.481500089168544,6.179999992251398,0.8490000516176237,-9.47599995136261,1.7682499960064897,6.695499986410137
1920,639.3909878730767,-4.677874907851219,7.761624932289123,1.5416251048445704,-10.21837502717972,1.7779999822378163,7.597749948501585
1921,685.9630012512213,-4.124750036746263,5.949124902486803,0.912000015378,-8.95137494802476,1.773375004529952,6.084374964237213
1922,830.5530090332043,-4.836249902844426,5.734000001102683,0.44925003405660247,-9.615250051021583,1.7234999909996984,6.274874925613399
1923,664.2279996871944,-4.49537504836917,5.816125094890595,0.6603750698268418,-9.445374906063087,1.7146250084042554,6.087249875068665
1924,303.35599803924543,-4.834249958395956,7.54649999737739,1.3560000881552696,-9.400749862194065,1.5513750016689274,7.32662498950958
1925,768.8450050353997,-4.885875068604946,6.526125013828275,0.820250064134599,-8.813749909400931,1.394749976694583,6.3757500052452105
1926,553.077000617981,-2.9879999756813036,8.553499937057493,2.7823751121759424,-8.096124887466441,1.797499999403955,7.789999902248386
1927,796.685006141662,-4.799874998629093,6.540999993681911,0.8706250563263906,-8.2912500500679,1.3977499827742585,6.591125041246412
1928,588.2779979705812,-4.392625093460084,9.458250105381019,2.5326251462101936,-8.227750003337865,1.4192499890923513,8.660999953746801
1929,518.1330024451021,-6.4471250325441405,7.80562508106232,0.6793750226497659,-9.997500181198108,1.2533749788999566,7.822875022888187
1930,539.0119876861572,-4.451750010251997,9.279250025749198,2.41337511688471,-8.635625123977656,1.5501249954104424,8.636625111103049
1931,422.1299995183945,-4.173125036060809,9.44524994492531,2.6357501000165913,-8.745624929666514,1.5976250022649752,8.938749969005588
1932,912.0870165824886,-6.38375008851289,7.072999954223635,0.3445000350475314,-9.404625058174142,1.1462500020861628,6.93699997663498
1933,579.4470109939575,-6.05274999700487,7.17475003004074,0.5612500505521886,-10.163999855518338,1.5073749944567683,7.386875033378603
1934,434.20899724960344,-2.3072500079870224,11.450874984264367,4.5712502002716064,-7.8422500789165515,2.104749940335752,10.361750066280363
1935,877.6699962615965,-4.842750027775763,7.901499927043912,1.5291250981390496,-8.24150002002716,1.3751249760389312,7.368500053882595
1936,817.5129976272583,-4.853874947875736,8.986500024795538,2.0661250762641425,-8.685625076293954,1.4471249803900728,8.35700011253357
1937,994.6130090132359,-5.849999919533733,8.257124990224844,1.2036249781958743,-9.706499874591817,1.4231250062584873,8.310999989509588
1938,1224.3420000076308,-4.8592500910162935,8.327625066041941,1.733875047415494,-8.206625044345854,1.3864999711513515,7.65737503767013
1939,516.3250045776381,-4.608875066041947,8.679500013589852,2.0350001379847527,-9.103624939918518,1.6448750048875798,8.110625028610233
1940,943.4270100593574,-3.4327500164508806,9.91074997186661,3.2388752060942347,-7.759374976158137,1.7043749876320378,8.846000015735628
1941,1022.1609878540039,-4.524249963462353,7.986250102519991,1.7310000406578172,-7.263249933719637,1.1858749911189086,6.976500034332275
1942,843.7440166473386,-6.046750068664549,6.618625044822692,0.2858750410377985,-8.378249883651735,0.99812500551343,6.607624948024749
1943,1047.2340006828315,-3.832874968647956,9.059874951839447,2.613250182941556,-7.494750022888184,1.5102500095963487,7.5152500867843575
1944,620.5289993286138,-5.57075002044439,7.5526250898838,0.9911250704899438,-7.972624957561503,0.9031250010011711,7.770624935626985
1945,840.2730140686037,-6.2347499355673754,6.44550001621247,0.10574999917298464,-7.998500019311901,0.8614999912679191,5.911875039339065
1946,686.724997520446,-5.549374878406527,7.217624962329858,0.8341250419616706,-8.229874879121777,1.1261249780654914,6.592375069856643
1947,579.3580036163333,-5.078500032424927,7.643249928951268,1.2823749966919418,-8.153999984264379,1.2647499963641167,7.320750057697296
1948,561.2050008773804,-6.226874846965073,6.456375211477282,0.11500000208616154,-8.644624918699273,0.9091249997727576,6.411250114440918
1949,596.157003879548,-6.745749977882957,5.9257499575615,-0.4099999964237201,-7.706625118851656,0.7202499842969707,6.35737505555153
1950,662.6160087585446,-4.775999942328785,7.937875032424922,1.5811251122504466,-7.523249983787539,1.0869999974966043,7.7506249547004735
1951,818.1919960975652,-3.802750021219255,8.529625087976452,2.3631251510232683,-6.498875111341479,1.0235000056563879,7.703250050544744
1952,1097.780992507935,-6.446500003337863,6.159750030026783,-0.14337499439716384,-7.746499955654139,0.7242499976127871,6.525499910116194
1953,673.7740023136136,-4.996624976396562,7.598625093698508,1.301125084981325,-7.950499892234805,1.0743749961256992,7.461124956607815
1954,656.8900041580198,-3.778875045478344,9.051999986171733,2.6362501680850983,-7.667749851942068,1.2801250070333485,8.306375086307526
1955,564.1999907493589,-5.625749975442883,7.305125027894973,0.8398750685155391,-8.65337499976159,0.9735000114887948,7.246124982833861
1956,1045.267979860306,-4.542124968022111,7.395124882459633,1.4262500330805783,-7.2293749451637215,1.0078749837994103,6.927500069141383
1957,613.9600033760066,-4.928999915719037,7.045625030994411,1.0583750242367387,-7.242499992251398,0.849374996250844,6.4422500133514395
1958,1164.7579994201653,-5.464250020682812,6.505124941468242,0.5203749760985368,-6.488499969244002,0.5407500052824624,6.030374974012377
1959,321.296002388001,-3.6888750046491676,8.873625069856642,2.592000111937522,-7.397500008344651,1.3173749968409534,8.169874936342234
1960,533.3360047647734,-4.43062509596348,8.109875014051802,1.8393750935792912,-8.225374996662138,1.3233749847859144,7.901875048875814
1961,398.2030043601993,-4.640624962747097,7.4577499032020524,1.408500056713819,-8.09450000524522,1.077250016853213,7.057875096797943
1962,815.6440105438227,-5.347875036299223,6.3633751124143725,0.5080000460147851,-8.872249901294705,1.1821249946951853,6.703749895095816
1963,834.7199935913084,-3.6347500402480355,7.566125005483635,1.9653751403093351,-8.51424992084502,1.523999996483327,7.283874988555907
1964,550.391008377075,-5.126624956727029,6.951374948024752,0.9122500121593475,-9.056249961256983,1.1342499926686278,6.9153749346733075
1965,898.006999969483,-4.262500017881393,6.610750049352642,1.174250096082691,-6.59012497961521,0.9178749942220752,6.3175001144409215
1966,491.8600087165832,-3.4481249600648876,8.040499985218045,2.29600003361702,-8.737499952316297,1.7196250110864622,8.07850003242493
1967,1277.7259922027579,-4.131874978542329,7.064125061035158,1.4662501267157495,-7.752875089645382,1.216375007759779,6.817375034093855
1968,479.8570022583009,-3.640249986201525,7.951125040650369,2.1553750298917294,-7.070625156164173,1.3011249862611303,7.378250002861028
1969,1503.6090259552002,-4.56712508201599,6.810250014066697,1.1216249912977225,-7.504874974489208,1.1258749887347224,6.731875002384182
1970,620.782000541687,-4.018874954432247,7.652374982833862,1.8166251387447132,-7.734874963760376,1.2106249965727345,7.218499958515169
1971,629.140014767647,-4.487125031650066,6.8382499516010276,1.1753750666975977,-7.85224989056588,1.1020000218413761,6.597749948501583
1972,399.40699148178055,-4.429749999195337,7.350124970078476,1.460000032559037,-8.23000013828277,1.2336249873042107,7.174750000238414
1973,993.5099983215326,-5.807374924421312,5.710249930620199,-0.04850001260638117,-7.068374946713441,0.6309999904915458,5.7458749711513555
1974,840.8659858703616,-4.047250039875508,7.257499992847436,1.6048750459449357,-9.213749945163723,1.627749994397163,7.39312505722046
1975,744.1309928894044,-5.160125076770781,6.318250000476839,0.5788749977946278,-9.243375033140184,1.2924999976530671,6.667500019073481
1976,382.9250030517578,-4.028000004589558,7.8728751540183985,1.9222500976175074,-10.015749931335437,1.8012499809265132,7.878874957561494
1977,319.82200360298157,-3.9266250748187304,7.744875013828278,1.9086250439286236,-10.774374961853034,2.0065000131726256,8.01037496328354
1978,1249.0429988503442,-2.8915000110864644,7.74800005555152,2.428249996155501,-7.347124934196472,1.7101250141859057,7.272749990224835
1979,639.9159984588631,-4.544249899685383,6.811374880373469,1.133625105023382,-8.441125035285953,1.3686249852180477,6.980750024318698
1980,1150.9910030364993,-3.3526249825954437,7.047250062227255,1.8473750650882719,-8.799249947071068,1.6468749996274719,6.899750053882597
1981,552.9569969177246,-2.4118749983608736,8.841125011444086,3.214375108480454,-8.84537506103516,2.0667500160634535,8.321499943733217
1982,993.6969976425185,-3.9571250528097153,6.648500114679332,1.3456250401213767,-8.297874927520747,1.3562500104308128,6.537874937057495
1983,1437.9920272827158,-4.498374901711941,5.953625053167338,0.7280000504106279,-9.450624883174898,1.3172500133514398,6.271250098943706
1984,683.5980035811651,-2.719124972820281,7.750375032424934,2.5155001208186145,-9.09212502837182,1.7691249847412116,7.357125043869012
1985,690.6539955139159,-4.53362499177456,6.495125055313117,0.9810000360012053,-10.096624851226816,1.4343750253319754,6.826124906539921
1986,1137.6459999084473,-2.493624985218048,8.1453749537468,2.8253751695156106,-7.500250041484836,1.597749985754489,7.174625039100649
1987,504.4480056762693,-3.4758749813772734,7.536875069141389,2.030500136315823,-8.662875063717356,1.4470000043511406,7.226499974727626
1988,556.3750066757204,-3.4575000703334826,7.716374978423124,2.1291250959038734,-8.364875003695488,1.6191250160336503,7.347875058650966
1989,783.8470115661626,-2.9229999501258126,8.09012487530708,2.583375081419945,-8.581500053405763,2.0190000087022764,8.28987503051758
1990,559.5679980516431,-2.9368749810382724,8.17325003445149,2.6181251257658,-9.328374952077866,2.1022499948740028,7.849624991416928
1991,665.8609819412222,-3.828750014305114,7.194499969482421,1.6827500653453162,-10.91412496566771,2.1576250046491636,7.4152499437332215
1992,602.5399951934816,-1.8295000689104197,8.990500032901773,3.580250255763531,-6.935124918818468,1.8153749896446243,7.812750071287153
1993,990.2249960899352,-3.597249954938889,7.195874944329262,1.7991251200437537,-8.183624923229216,1.6271249651908875,6.797124981880181
1994,629.3599996566768,-3.1236250074580316,7.660250008106233,2.2680000998079772,-9.198625087738037,1.64837497472763,7.521999955177311
1995,931.1440010070808,-4.585499952547253,6.0276250243186915,0.7213750332593926,-7.104874849319457,1.0629999936791137,5.929374903440476
1996,875.5159816741951,-2.0319999754428877,9.406000018119817,3.6866252049803703,-8.317249953746789,1.8553749743732635,8.942124903202064
1997,929.95998954773,-2.4633750170469275,8.448124945163727,2.992000102996826,-7.732374966144566,2.000500015914441,8.237249970436098
1998,1096.1320018768313,-4.624875023961069,5.938125029206272,0.6568750180304057,-7.910624921321866,1.4067500007804488,6.28187489509583
1999,614.3409976959229,-3.8465000597061585,7.319624900817874,1.7365000676363715,-9.675125002861014,1.848374962806702,7.151124894618988
2000,618.0759921073918,-1.2143749147653589,10.71487474441529,4.749750211834907,-9.442375063896176,2.5631250292062777,10.620249927043918
2001,686.2529907226567,-3.080874979496004,8.54062500596046,2.7298751920461712,-8.720750093460087,2.080874979496002,8.863624870777134
2002,724.106993675232,-2.3716249875724316,9.646875202655794,3.637750152498482,-9.28850001096725,2.1680000126361865,9.73437488079071
2003,857.8300037384034,-2.798874959349632,8.860749989748001,3.03075009956956,-8.531875014305118,1.8149999976158138,8.648874998092655
2004,682.8210110664373,-2.1658750623464575,9.685499966144562,3.7596251796930966,-9.12399995326996,2.3611249774694434,9.968500137329109
2005,1034.56999397278,-2.715875051915647,8.0029998421669,2.6435001604259,-8.296875178813934,1.3574999943375599,8.236875116825095
2006,856.1350231170659,-2.6332499012351023,8.721625253558162,3.044125190936029,-8.828500032424932,1.7956249862909313,8.183375000953667
2007,359.4900007247923,-1.6998750306665902,10.434500038623812,4.3668752387166005,-9.77700001001358,2.44974999129772,10.349250018596653
2008,567.3849949836729,-2.3181249797344217,9.45925009250641,3.570375196635723,-10.390125095844258,2.329250007867815,9.527250051498418
2009,445.8890001773838,-1.2607499808073026,10.134374856948842,4.436375204473735,-8.903374880552295,2.46500000357628,9.846375107765196
2010,775.5549964904782,-3.65499998629093,8.122000098228451,2.2333750985562806,-9.507375001907358,1.8321250081062317,8.389750003814695
2011,1063.8679752349856,-2.9384999349713334,8.188500046730038,2.6248750872910027,-8.518374964594841,1.6662499904632564,7.839499831199646
2012,415.6660025119785,-1.5827499330043802,9.977124810218806,4.196875244379043,-10.830875188112257,2.5462500154972076,10.16287511587143
2013,168.90959501266468,-0.4086667696634915,9.87866640090942,4.734667023022957,-7.281333287556968,2.4073333342870096,9.942666848500593
